id	title	description	link	image_link	availability	price	brand	condition	google_product_category	identifier_exists	shipping
PZTR-ESC-0028	Hobbywing XRotor Micro 60A (60A Competition)	Resmi Hobbywing XRotor Micro 60A, yüksek performanslı FPV uçuşları için tasarlanmıştır. 60A Competition varyantı ve DShot1200 / MultiShot donanımı ile 3-6S LiPo güç sistemleriyle tam uyumludur. Orijinal üretici garantili.	https://pozitronmarket.com/products/hobbywing-xrotor-micro-60a-60a-competition-28	https://pozitronmarket.com/assets/products/PZTR-ESC-0028.jpg	in_stock	3950.00 TRY	Hobbywing	new	5433	no	TR:::Standart Kargo:0.00 TRY
PZTR-MOT-0023	EMAX ECO II 2207 (2400KV)	Resmi EMAX ECO II 2207, yüksek performanslı FPV uçuşları için tasarlanmıştır. 2400KV varyantı ve Anodized Black donanımı ile 4S güç sistemleriyle tam uyumludur. Orijinal üretici garantili.	https://pozitronmarket.com/products/emax-eco-ii-2207-2400kv-23	https://pozitronmarket.com/assets/products/PZTR-MOT-0023.jpg	in_stock	1587.29 TRY	EMAX	new	5433	no	TR:::Standart Kargo:0.00 TRY
PZTR-PRO-0012	HQProp Ethix P3 Peanut Butter (Set of 8)	Resmi HQProp Ethix P3 Peanut Butter, yüksek performanslı FPV uçuşları için tasarlanmıştır. Set of 8 varyantı ve Peanut Butter Brown donanımı ile 5mm Shaft güç sistemleriyle tam uyumludur. Orijinal üretici garantili.	https://pozitronmarket.com/products/hqprop-ethix-p3-peanut-butter-set-of-8-12	https://pozitronmarket.com/assets/products/PZTR-PRO-0012.jpg	in_stock	405.00 TRY	HQProp	new	5433	no	TR:::Standart Kargo:99.00 TRY
PZTR-ESC-0018	T-Motor F55A PRO II 4in1 (55A Telemetry Active)	Resmi T-Motor F55A PRO II 4in1, yüksek performanslı FPV uçuşları için tasarlanmıştır. 55A Telemetry Active varyantı ve Current & RPM Out donanımı ile 3-6S LiPo güç sistemleriyle tam uyumludur. Orijinal üretici garantili.	https://pozitronmarket.com/products/t-motor-f55a-pro-ii-4in1-55a-telemetry-active-18	https://pozitronmarket.com/assets/products/PZTR-ESC-0018.jpg	in_stock	4300.00 TRY	T-Motor	new	5433	no	TR:::Standart Kargo:0.00 TRY
PZTR-FRA-0008	GEPRC Mark5 Wide X O3 (Pro Edition with Full TPU Pack)	Resmi GEPRC Mark5 Wide X O3, yüksek performanslı FPV uçuşları için tasarlanmıştır. Pro Edition with Full TPU Pack varyantı ve Antenna & Cam Mounts donanımı ile 3K Carbon Fiber güç sistemleriyle tam uyumludur. Orijinal üretici garantili.	https://pozitronmarket.com/products/geprc-mark5-wide-x-o3-pro-edition-with-full-tpu-pack-8	https://pozitronmarket.com/assets/products/PZTR-FRA-0008.jpg	in_stock	4200.00 TRY	GEPRC	new	5433	no	TR:::Standart Kargo:0.00 TRY
PZTR-GPS-0029	iFlight M8Q-5883 V2.0 GPS (High Sensitivity LNA Amp)	Resmi iFlight M8Q-5883 V2.0 GPS, yüksek performanslı FPV uçuşları için tasarlanmıştır. High Sensitivity LNA Amp varyantı ve Fast Cold Start Acquisition donanımı ile Multi-Constellation güç sistemleriyle tam uyumludur. Orijinal üretici garantili.	https://pozitronmarket.com/products/iflight-m8q-5883-v2-0-gps-high-sensitivity-lna-amp-29	https://pozitronmarket.com/assets/products/PZTR-GPS-0029.jpg	in_stock	1400.00 TRY	iFlight	new	5433	no	TR:::Standart Kargo:99.00 TRY
PZTR-MOT-0021	EMAX ECO II 2207 (1700KV)	Resmi EMAX ECO II 2207, yüksek performanslı FPV uçuşları için tasarlanmıştır. 1700KV varyantı ve Anodized Black donanımı ile 6S güç sistemleriyle tam uyumludur. Orijinal üretici garantili.	https://pozitronmarket.com/products/emax-eco-ii-2207-1700kv-21	https://pozitronmarket.com/assets/products/PZTR-MOT-0021.jpg	in_stock	13063.73 TRY	EMAX	new	5433	no	TR:::Standart Kargo:0.00 TRY
PZTR-ESC-0009	Foxeer Reaper F4 128K 65A (65A Extreme Low ESR)	Resmi Foxeer Reaper F4 128K 65A, yüksek performanslı FPV uçuşları için tasarlanmıştır. 65A Extreme Low ESR varyantı ve Rubycon 1000uF Kit donanımı ile 3-8S LiPo güç sistemleriyle tam uyumludur. Orijinal üretici garantili.	https://pozitronmarket.com/products/foxeer-reaper-f4-128k-65a-65a-extreme-low-esr-9	https://pozitronmarket.com/assets/products/PZTR-ESC-0009.jpg	in_stock	4150.00 TRY	Foxeer	new	5433	no	TR:::Standart Kargo:0.00 TRY
PZTR-TXR-0016	RadioMaster RP1 ExpressLRS RX (U.FL T-Antenna (0.53g))	Resmi RadioMaster RP1 ExpressLRS RX, yüksek performanslı FPV uçuşları için tasarlanmıştır. U.FL T-Antenna (0.53g) varyantı ve 65mm Coaxial Lead donanımı ile ELRS 2.4GHz / SX1280 güç sistemleriyle tam uyumludur. Orijinal üretici garantili.	https://pozitronmarket.com/products/radiomaster-rp1-expresslrs-rx-u-fl-t-antenna-0-53g-16	https://pozitronmarket.com/assets/products/PZTR-TXR-0016.jpg	in_stock	875.00 TRY	RadioMaster	new	5433	no	TR:::Standart Kargo:99.00 TRY
PZTR-FRA-0016	AxisFlying Manta 5-Inch HD (DeadCat HD Geometry)	Resmi AxisFlying Manta 5-Inch HD, yüksek performanslı FPV uçuşları için tasarlanmıştır. DeadCat HD Geometry varyantı ve DJI O3 / Walksnail Ready donanımı ile T700 Carbon Fiber güç sistemleriyle tam uyumludur. Orijinal üretici garantili.	https://pozitronmarket.com/products/axisflying-manta-5-inch-hd-deadcat-hd-geometry-16	https://pozitronmarket.com/assets/products/PZTR-FRA-0016.jpg	in_stock	5211.90 TRY	AxisFlying	new	5433	no	TR:::Standart Kargo:0.00 TRY
PZTR-FLI-0021	BetaFPV F722 AIO 40A Toothpick (40A BLHeli_32)	Resmi BetaFPV F722 AIO 40A Toothpick, yüksek performanslı FPV uçuşları için tasarlanmıştır. 40A BLHeli_32 varyantı ve 25.5x25.5mm Toothpick Mount donanımı ile 2-6S LiPo güç sistemleriyle tam uyumludur. Orijinal üretici garantili.	https://pozitronmarket.com/products/betafpv-f722-aio-40a-toothpick-40a-blheli-32-21	https://pozitronmarket.com/assets/products/PZTR-FLI-0021.jpg	in_stock	4100.00 TRY	BetaFPV	new	5433	no	TR:::Standart Kargo:0.00 TRY
PZTR-FRA-0042	iFlight Chimera7 Pro V2 (With Dual GPS / TPU Mounts)	Resmi iFlight Chimera7 Pro V2, yüksek performanslı FPV uçuşları için tasarlanmıştır. With Dual GPS / TPU Mounts varyantı ve Matek M10 Mount Built-in donanımı ile Includes Battery Straps güç sistemleriyle tam uyumludur. Orijinal üretici garantili.	https://pozitronmarket.com/products/iflight-chimera7-pro-v2-with-dual-gps-tpu-mounts-42	https://pozitronmarket.com/assets/products/PZTR-FRA-0042.jpg	in_stock	5450.00 TRY	iFlight	new	5433	no	TR:::Standart Kargo:0.00 TRY
PZTR-FRA-0040	GEPRC CineLog35 V2 HD (COB Ambient LED Strip Edition)	Resmi GEPRC CineLog35 V2 HD, yüksek performanslı FPV uçuşları için tasarlanmıştır. COB Ambient LED Strip Edition varyantı ve Night Cinema Rig donanımı ile Includes 12V Reg. güç sistemleriyle tam uyumludur. Orijinal üretici garantili.	https://pozitronmarket.com/products/geprc-cinelog35-v2-hd-cob-ambient-led-strip-edition-40	https://pozitronmarket.com/assets/products/PZTR-FRA-0040.jpg	in_stock	3600.00 TRY	GEPRC	new	5433	no	TR:::Standart Kargo:0.00 TRY
PZTR-ESC-0044	Spedix IS45 Single Arm ESC (With Heatshrink Pack)	Resmi Spedix IS45 Single Arm ESC, yüksek performanslı FPV uçuşları için tasarlanmıştır. With Heatshrink Pack varyantı ve Clear Shrink Wrap Included donanımı ile 3-6S LiPo güç sistemleriyle tam uyumludur. Orijinal üretici garantili.	https://pozitronmarket.com/products/spedix-is45-single-arm-esc-with-heatshrink-pack-44	https://pozitronmarket.com/assets/products/PZTR-ESC-0044.jpg	in_stock	850.00 TRY	Spedix	new	5433	no	TR:::Standart Kargo:99.00 TRY
PZTR-VTX-0032	AKK FX2 Ultimate 1200mW (With Mic & Audio Feed)	Resmi AKK FX2 Ultimate 1200mW, yüksek performanslı FPV uçuşları için tasarlanmıştır. With Mic & Audio Feed varyantı ve Live Cockpit Sound donanımı ile SmartAudio 2.0 güç sistemleriyle tam uyumludur. Orijinal üretici garantili.	https://pozitronmarket.com/products/akk-fx2-ultimate-1200mw-with-mic-audio-feed-32	https://pozitronmarket.com/assets/products/PZTR-VTX-0032.jpg	in_stock	1550.00 TRY	AKK	new	5433	no	TR:::Standart Kargo:0.00 TRY
PZTR-FRA-0018	AxisFlying Manta 5-Inch HD (With Aluminum Cage Shield)	Resmi AxisFlying Manta 5-Inch HD, yüksek performanslı FPV uçuşları için tasarlanmıştır. With Aluminum Cage Shield varyantı ve Extreme Lens Protection donanımı ile T700 Carbon Fiber güç sistemleriyle tam uyumludur. Orijinal üretici garantili.	https://pozitronmarket.com/products/axisflying-manta-5-inch-hd-with-aluminum-cage-shield-18	https://pozitronmarket.com/assets/products/PZTR-FRA-0018.jpg	in_stock	3800.00 TRY	AxisFlying	new	5433	no	TR:::Standart Kargo:0.00 TRY
PZTR-TOO-0033	Ethix Prop Tool Wrench (Pocket Folding Multi-Tool)	Resmi Ethix Prop Tool Wrench, yüksek performanslı FPV uçuşları için tasarlanmıştır. Pocket Folding Multi-Tool varyantı ve Compact Keychain Screwdriver donanımı ile Field Emergency Tool güç sistemleriyle tam uyumludur. Orijinal üretici garantili.	https://pozitronmarket.com/products/ethix-prop-tool-wrench-pocket-folding-multi-tool-33	https://pozitronmarket.com/assets/products/PZTR-TOO-0033.jpg	in_stock	645.00 TRY	Ethix	new	5433	no	TR:::Standart Kargo:99.00 TRY
PZTR-FRA-0015	TBS (Team BlackSheep) Source One V5 (Basher Twin Pack (2 Frames))	Resmi TBS (Team BlackSheep) Source One V5, yüksek performanslı FPV uçuşları için tasarlanmıştır. Basher Twin Pack (2 Frames) varyantı ve 2 Complete Frame Kits donanımı ile Open Source Design güç sistemleriyle tam uyumludur. Orijinal üretici garantili.	https://pozitronmarket.com/products/tbs-team-blacksheep-source-one-v5-basher-twin-pack-2-frames-15	https://pozitronmarket.com/assets/products/PZTR-FRA-0015.jpg	in_stock	2995.00 TRY	TBS (Team BlackSheep)	new	5433	no	TR:::Standart Kargo:0.00 TRY
PZTR-TXR-0040	TBS (Team BlackSheep) Tracer Nano RX (Carbon Shield Enclosure)	Resmi TBS (Team BlackSheep) Tracer Nano RX, yüksek performanslı FPV uçuşları için tasarlanmıştır. Carbon Shield Enclosure varyantı ve RF Interference Guard donanımı ile TBS Tracer Protocol güç sistemleriyle tam uyumludur. Orijinal üretici garantili.	https://pozitronmarket.com/products/tbs-team-blacksheep-tracer-nano-rx-carbon-shield-enclosure-40	https://pozitronmarket.com/assets/products/PZTR-TXR-0040.jpg	in_stock	1900.00 TRY	TBS (Team BlackSheep)	new	5433	no	TR:::Standart Kargo:0.00 TRY
PZTR-MOT-0020	iFlight XING-E Pro 2207 (2450KV 4-Pack)	Resmi iFlight XING-E Pro 2207, yüksek performanslı FPV uçuşları için tasarlanmıştır. 2450KV 4-Pack varyantı ve Black/Red (Set of 4) donanımı ile 4S güç sistemleriyle tam uyumludur. Orijinal üretici garantili.	https://pozitronmarket.com/products/iflight-xing-e-pro-2207-2450kv-4-pack-20	https://pozitronmarket.com/assets/products/PZTR-MOT-0020.jpg	in_stock	3249.50 TRY	iFlight	new	5433	no	TR:::Standart Kargo:0.00 TRY
PZTR-ESC-0013	Holybro Tekko32 F4 4in1 50A (50A Metal Heatsink)	Resmi Holybro Tekko32 F4 4in1 50A, yüksek performanslı FPV uçuşları için tasarlanmıştır. 50A Metal Heatsink varyantı ve Heatsink Version donanımı ile 3-6S LiPo güç sistemleriyle tam uyumludur. Orijinal üretici garantili.	https://pozitronmarket.com/products/holybro-tekko32-f4-4in1-50a-50a-metal-heatsink-13	https://pozitronmarket.com/assets/products/PZTR-ESC-0013.jpg	in_stock	3700.00 TRY	Holybro	new	5433	no	TR:::Standart Kargo:0.00 TRY
PZTR-VTX-0018	SpeedyBee TX800 800mW Mini (Heat Dissipation Plate)	Resmi SpeedyBee TX800 800mW Mini, yüksek performanslı FPV uçuşları için tasarlanmıştır. Heat Dissipation Plate varyantı ve Includes Metal Heatsink donanımı ile IRC Tramp Protocol güç sistemleriyle tam uyumludur. Orijinal üretici garantili.	https://pozitronmarket.com/products/speedybee-tx800-800mw-mini-heat-dissipation-plate-18	https://pozitronmarket.com/assets/products/PZTR-VTX-0018.jpg	in_stock	1200.00 TRY	SpeedyBee	new	5433	no	TR:::Standart Kargo:99.00 TRY
PZTR-CON-0038	Flywoo Dual BEC 5V/9V Module (Shielded EMI Enclosure)	Resmi Flywoo Dual BEC 5V/9V Module, yüksek performanslı FPV uçuşları için tasarlanmıştır. Shielded EMI Enclosure varyantı ve Ultra Low Noise donanımı ile 2-6S LiPo güç sistemleriyle tam uyumludur. Orijinal üretici garantili.	https://pozitronmarket.com/products/flywoo-dual-bec-5v-9v-module-shielded-emi-enclosure-38	https://pozitronmarket.com/assets/products/PZTR-CON-0038.jpg	in_stock	575.00 TRY	Flywoo	new	5433	no	TR:::Standart Kargo:99.00 TRY
PZTR-ESC-0034	Skystars KM45A AM32 Mini (45A Pre-Tuned)	Resmi Skystars KM45A AM32 Mini, yüksek performanslı FPV uçuşları için tasarlanmıştır. 45A Pre-Tuned varyantı ve Betaflight RPM Filter Ready donanımı ile 3-6S LiPo güç sistemleriyle tam uyumludur. Orijinal üretici garantili.	https://pozitronmarket.com/products/skystars-km45a-am32-mini-45a-pre-tuned-34	https://pozitronmarket.com/assets/products/PZTR-ESC-0034.jpg	in_stock	2325.00 TRY	Skystars	new	5433	no	TR:::Standart Kargo:0.00 TRY
PZTR-PRO-0042	HQProp 5x4.3x3 V1S (Light Purple (Set of 4))	Resmi HQProp 5x4.3x3 V1S, yüksek performanslı FPV uçuşları için tasarlanmıştır. Light Purple (Set of 4) varyantı ve Polycarbonate donanımı ile 5mm Shaft güç sistemleriyle tam uyumludur. Orijinal üretici garantili.	https://pozitronmarket.com/products/hqprop-5x4-3x3-v1s-light-purple-set-of-4-42	https://pozitronmarket.com/assets/products/PZTR-PRO-0042.jpg	in_stock	187.50 TRY	HQProp	new	5433	no	TR:::Standart Kargo:99.00 TRY
PZTR-ESC-0024	Flywoo GOKU G45M 45A AIO (45A Heatsink Shield)	Resmi Flywoo GOKU G45M 45A AIO, yüksek performanslı FPV uçuşları için tasarlanmıştır. 45A Heatsink Shield varyantı ve Ultra Thin Heatsink donanımı ile 2-6S LiPo güç sistemleriyle tam uyumludur. Orijinal üretici garantili.	https://pozitronmarket.com/products/flywoo-goku-g45m-45a-aio-45a-heatsink-shield-24	https://pozitronmarket.com/assets/products/PZTR-ESC-0024.jpg	in_stock	2475.00 TRY	Flywoo	new	5433	no	TR:::Standart Kargo:0.00 TRY
PZTR-MOT-0028	BrotherHobby Avenger V3 2306.5 (2450KV)	Resmi BrotherHobby Avenger V3 2306.5, yüksek performanslı FPV uçuşları için tasarlanmıştır. 2450KV varyantı ve Titanium Black donanımı ile 4S güç sistemleriyle tam uyumludur. Orijinal üretici garantili.	https://pozitronmarket.com/products/brotherhobby-avenger-v3-2306-5-2450kv-28	https://pozitronmarket.com/assets/products/PZTR-MOT-0028.jpg	in_stock	1399.50 TRY	BrotherHobby	new	5433	no	TR:::Standart Kargo:99.00 TRY
PZTR-ANT-0016	MenaceRC Matchstick Carbon (RHCP SMA 120mm)	Resmi MenaceRC Matchstick Carbon, yüksek performanslı FPV uçuşları için tasarlanmıştır. RHCP SMA 120mm varyantı ve Carbon Reinforced Stem donanımı ile 5.8GHz Freestyle güç sistemleriyle tam uyumludur. Orijinal üretici garantili.	https://pozitronmarket.com/products/menacerc-matchstick-carbon-rhcp-sma-120mm-16	https://pozitronmarket.com/assets/products/PZTR-ANT-0016.jpg	in_stock	845.00 TRY	MenaceRC	new	5433	no	TR:::Standart Kargo:99.00 TRY
PZTR-TXR-0007	RadioMaster Boxer EdgeTX (4-in-1 Multi-Protocol)	Resmi RadioMaster Boxer EdgeTX, yüksek performanslı FPV uçuşları için tasarlanmıştır. 4-in-1 Multi-Protocol varyantı ve Multi CC2500/CYRF/NRF donanımı ile EdgeTX Firmware güç sistemleriyle tam uyumludur. Orijinal üretici garantili.	https://pozitronmarket.com/products/radiomaster-boxer-edgetx-4-in-1-multi-protocol-7	https://pozitronmarket.com/assets/products/PZTR-TXR-0007.jpg	in_stock	6999.50 TRY	RadioMaster	new	5433	no	TR:::Standart Kargo:0.00 TRY
PZTR-GPS-0027	iFlight M8Q-5883 V2.0 GPS (With Nazgul TPU Tail Mount)	Resmi iFlight M8Q-5883 V2.0 GPS, yüksek performanslı FPV uçuşları için tasarlanmıştır. With Nazgul TPU Tail Mount varyantı ve Pre-Molded 5-Inch Fit donanımı ile Direct Replacement güç sistemleriyle tam uyumludur. Orijinal üretici garantili.	https://pozitronmarket.com/products/iflight-m8q-5883-v2-0-gps-with-nazgul-tpu-tail-mount-27	https://pozitronmarket.com/assets/products/PZTR-GPS-0027.jpg	in_stock	1375.00 TRY	iFlight	new	5433	no	TR:::Standart Kargo:99.00 TRY
PZTR-PRO-0028	Gemfan Flash 5152 (Crystal Clear (Set of 4))	Resmi Gemfan Flash 5152, yüksek performanslı FPV uçuşları için tasarlanmıştır. Crystal Clear (Set of 4) varyantı ve High Speed PC donanımı ile 5mm Shaft güç sistemleriyle tam uyumludur. Orijinal üretici garantili.	https://pozitronmarket.com/products/gemfan-flash-5152-crystal-clear-set-of-4-28	https://pozitronmarket.com/assets/products/PZTR-PRO-0028.jpg	in_stock	195.00 TRY	Gemfan	new	5433	no	TR:::Standart Kargo:99.00 TRY
PZTR-CON-0040	Flywoo Dual BEC 5V/9V Module (Pack of 3 Modules)	Resmi Flywoo Dual BEC 5V/9V Module, yüksek performanslı FPV uçuşları için tasarlanmıştır. Pack of 3 Modules varyantı ve Workshop Spare Kit donanımı ile 2-6S LiPo güç sistemleriyle tam uyumludur. Orijinal üretici garantili.	https://pozitronmarket.com/products/flywoo-dual-bec-5v-9v-module-pack-of-3-modules-40	https://pozitronmarket.com/assets/products/PZTR-CON-0040.jpg	in_stock	1300.00 TRY	Flywoo	new	5433	no	TR:::Standart Kargo:99.00 TRY
PZTR-GPS-0008	Beitian Micro M8N GPS (With 3D Printed TPU Mount)	Resmi Beitian Micro M8N GPS, yüksek performanslı FPV uçuşları için tasarlanmıştır. With 3D Printed TPU Mount varyantı ve Fits 5-Inch Drone Standoff donanımı ile Vibration Damped güç sistemleriyle tam uyumludur. Orijinal üretici garantili.	https://pozitronmarket.com/products/beitian-micro-m8n-gps-with-3d-printed-tpu-mount-8	https://pozitronmarket.com/assets/products/PZTR-GPS-0008.jpg	in_stock	975.00 TRY	Beitian	new	5433	no	TR:::Standart Kargo:99.00 TRY
PZTR-FRA-0004	iFlight Nazgul Evoque F5X V2 (Replacement Arms Pack (4 Arms))	Resmi iFlight Nazgul Evoque F5X V2, yüksek performanslı FPV uçuşları için tasarlanmıştır. Replacement Arms Pack (4 Arms) varyantı ve 6mm Carbon Fiber Arms donanımı ile Spare Hardware Inc. güç sistemleriyle tam uyumludur. Orijinal üretici garantili.	https://pozitronmarket.com/products/iflight-nazgul-evoque-f5x-v2-replacement-arms-pack-4-arms-4	https://pozitronmarket.com/assets/products/PZTR-FRA-0004.jpg	in_stock	1700.00 TRY	iFlight	new	5433	no	TR:::Standart Kargo:0.00 TRY
PZTR-MOT-0034	GEPRC SPEEDX2 2107.5 (1960KV 4-Pack)	Resmi GEPRC SPEEDX2 2107.5, yüksek performanslı FPV uçuşları için tasarlanmıştır. 1960KV 4-Pack varyantı ve Space Grey (Set of 4) donanımı ile 6S güç sistemleriyle tam uyumludur. Orijinal üretici garantili.	https://pozitronmarket.com/products/geprc-speedx2-2107-5-1960kv-4-pack-34	https://pozitronmarket.com/assets/products/PZTR-MOT-0034.jpg	in_stock	4100.00 TRY	GEPRC	new	5433	no	TR:::Standart Kargo:0.00 TRY
PZTR-BAT-0013	Lumenier NAV 21700 8000mAh (4S2P 8000mAh XT60)	Resmi Lumenier NAV 21700 8000mAh, yüksek performanslı FPV uçuşları için tasarlanmıştır. 4S2P 8000mAh XT60 varyantı ve Long Range 4S Cruise donanımı ile 14.8V 35A Cont. güç sistemleriyle tam uyumludur. Orijinal üretici garantili.	https://pozitronmarket.com/products/lumenier-nav-21700-8000mah-4s2p-8000mah-xt60-13	https://pozitronmarket.com/assets/products/PZTR-BAT-0013.jpg	in_stock	2900.00 TRY	Lumenier	new	5433	no	TR:::Standart Kargo:0.00 TRY
PZTR-BAT-0010	CNHL Black Series 1500mAh (Pack of 2 Packs (6S))	Resmi CNHL Black Series 1500mAh, yüksek performanslı FPV uçuşları için tasarlanmıştır. Pack of 2 Packs (6S) varyantı ve Dual 6S 1500mAh Set donanımı ile 22.2V / XT60 güç sistemleriyle tam uyumludur. Orijinal üretici garantili.	https://pozitronmarket.com/products/cnhl-black-series-1500mah-pack-of-2-packs-6s-10	https://pozitronmarket.com/assets/products/PZTR-BAT-0010.jpg	in_stock	4336.71 TRY	CNHL	new	5433	no	TR:::Standart Kargo:0.00 TRY
PZTR-GPS-0023	Flywoo GOKU GM10 Nano GPS (With Explorer LR TPU Mount)	Resmi Flywoo GOKU GM10 Nano GPS, yüksek performanslı FPV uçuşları için tasarlanmıştır. With Explorer LR TPU Mount varyantı ve Direct Snap-On Fit donanımı ile Flywoo LR4 Compatible güç sistemleriyle tam uyumludur. Orijinal üretici garantili.	https://pozitronmarket.com/products/flywoo-goku-gm10-nano-gps-with-explorer-lr-tpu-mount-23	https://pozitronmarket.com/assets/products/PZTR-GPS-0023.jpg	in_stock	1125.00 TRY	Flywoo	new	5433	no	TR:::Standart Kargo:99.00 TRY
PZTR-VTX-0019	SpeedyBee TX800 800mW Mini (Twin Pack Micro VTX)	Resmi SpeedyBee TX800 800mW Mini, yüksek performanslı FPV uçuşları için tasarlanmıştır. Twin Pack Micro VTX varyantı ve Includes 2 Units donanımı ile IRC Tramp Protocol güç sistemleriyle tam uyumludur. Orijinal üretici garantili.	https://pozitronmarket.com/products/speedybee-tx800-800mw-mini-twin-pack-micro-vtx-19	https://pozitronmarket.com/assets/products/PZTR-VTX-0019.jpg	in_stock	2709.33 TRY	SpeedyBee	new	5433	no	TR:::Standart Kargo:0.00 TRY
PZTR-FRA-0034	BetaFPV Pavo20 Pro Whoop (Spare Duct Ring Pack)	Resmi BetaFPV Pavo20 Pro Whoop, yüksek performanslı FPV uçuşları için tasarlanmıştır. Spare Duct Ring Pack varyantı ve 2x Replacement Ducts donanımı ile Crash Spare güç sistemleriyle tam uyumludur. Orijinal üretici garantili.	https://pozitronmarket.com/products/betafpv-pavo20-pro-whoop-spare-duct-ring-pack-34	https://pozitronmarket.com/assets/products/PZTR-FRA-0034.jpg	in_stock	575.00 TRY	BetaFPV	new	5433	no	TR:::Standart Kargo:99.00 TRY
PZTR-TOO-0007	Vifly ShortSaver 2 Smart Smoke Stopper (With Digital Voltage Display)	Resmi Vifly ShortSaver 2 Smart Smoke Stopper, yüksek performanslı FPV uçuşları için tasarlanmıştır. With Digital Voltage Display varyantı ve Real-Time Voltmeter Built-in donanımı ile XT60 / XT30 Dual güç sistemleriyle tam uyumludur. Orijinal üretici garantili.	https://pozitronmarket.com/products/vifly-shortsaver-2-smart-smoke-stopper-with-digital-voltage-display-7	https://pozitronmarket.com/assets/products/PZTR-TOO-0007.jpg	in_stock	1241.60 TRY	Vifly	new	5433	no	TR:::Standart Kargo:99.00 TRY
PZTR-BAT-0024	ISDT 608AC Pocket Charger (With USB-C PD Cable)	Resmi ISDT 608AC Pocket Charger, yüksek performanslı FPV uçuşları için tasarlanmıştır. With USB-C PD Cable varyantı ve Type-C Power In Support donanımı ile DC 200W 8A güç sistemleriyle tam uyumludur. Orijinal üretici garantili.	https://pozitronmarket.com/products/isdt-608ac-pocket-charger-with-usb-c-pd-cable-24	https://pozitronmarket.com/assets/products/PZTR-BAT-0024.jpg	in_stock	5448.71 TRY	ISDT	new	5433	no	TR:::Standart Kargo:0.00 TRY
PZTR-TXR-0013	RadioMaster Pocket EdgeTX (CC2500 Protocol / Charcoal)	Resmi RadioMaster Pocket EdgeTX, yüksek performanslı FPV uçuşları için tasarlanmıştır. CC2500 Protocol / Charcoal varyantı ve FrSky / Futaba Compatible donanımı ile EdgeTX Portable güç sistemleriyle tam uyumludur. Orijinal üretici garantili.	https://pozitronmarket.com/products/radiomaster-pocket-edgetx-cc2500-protocol-charcoal-13	https://pozitronmarket.com/assets/products/PZTR-TXR-0013.jpg	in_stock	2999.50 TRY	RadioMaster	new	5433	no	TR:::Standart Kargo:0.00 TRY
PZTR-TOO-0036	Sequre SQ-001 Soldering Iron (Blue Shell with TS-B2 Tip)	Resmi Sequre SQ-001 Soldering Iron, yüksek performanslı FPV uçuşları için tasarlanmıştır. Blue Shell with TS-B2 Tip varyantı ve DC12-24V Input / OLED Display donanımı ile Dual Button Control güç sistemleriyle tam uyumludur. Orijinal üretici garantili.	https://pozitronmarket.com/products/sequre-sq-001-soldering-iron-blue-shell-with-ts-b2-tip-36	https://pozitronmarket.com/assets/products/PZTR-TOO-0036.jpg	in_stock	2495.00 TRY	Sequre	new	5433	no	TR:::Standart Kargo:0.00 TRY
PZTR-VTX-0028	TBS (Team BlackSheep) Unify Pro32 Nano (Toothpick Mounting Adapter)	Resmi TBS (Team BlackSheep) Unify Pro32 Nano, yüksek performanslı FPV uçuşları için tasarlanmıştır. Toothpick Mounting Adapter varyantı ve 25.5x25.5mm Mount Plate donanımı ile 25-500mW Variable güç sistemleriyle tam uyumludur. Orijinal üretici garantili.	https://pozitronmarket.com/products/tbs-team-blacksheep-unify-pro32-nano-toothpick-mounting-adapter-28	https://pozitronmarket.com/assets/products/PZTR-VTX-0028.jpg	in_stock	1850.00 TRY	TBS (Team BlackSheep)	new	5433	no	TR:::Standart Kargo:0.00 TRY
PZTR-TXR-0026	BetaFPV SuperD ELRS 2.4G (True Diversity 2.4GHz)	Resmi BetaFPV SuperD ELRS 2.4G, yüksek performanslı FPV uçuşları için tasarlanmıştır. True Diversity 2.4GHz varyantı ve Dual SX1280 + Dual TCXO donanımı ile ExpressLRS 3.0 güç sistemleriyle tam uyumludur. Orijinal üretici garantili.	https://pozitronmarket.com/products/betafpv-superd-elrs-2-4g-true-diversity-2-4ghz-26	https://pozitronmarket.com/assets/products/PZTR-TXR-0026.jpg	in_stock	1195.00 TRY	BetaFPV	new	5433	no	TR:::Standart Kargo:99.00 TRY
PZTR-ESC-0014	Holybro Tekko32 F4 4in1 50A (50A Current Sensor Kit)	Resmi Holybro Tekko32 F4 4in1 50A, yüksek performanslı FPV uçuşları için tasarlanmıştır. 50A Current Sensor Kit varyantı ve High Accuracy Shunt donanımı ile 3-6S LiPo güç sistemleriyle tam uyumludur. Orijinal üretici garantili.	https://pozitronmarket.com/products/holybro-tekko32-f4-4in1-50a-50a-current-sensor-kit-14	https://pozitronmarket.com/assets/products/PZTR-ESC-0014.jpg	in_stock	3575.00 TRY	Holybro	new	5433	no	TR:::Standart Kargo:0.00 TRY
PZTR-FLI-0031	iFlight Blitz F7 Pro FC (Standard 30.5x30.5mm)	Resmi iFlight Blitz F7 Pro FC, yüksek performanslı FPV uçuşları için tasarlanmıştır. Standard 30.5x30.5mm varyantı ve 6x UARTs + Barometer donanımı ile Betaflight 4.5 güç sistemleriyle tam uyumludur. Orijinal üretici garantili.	https://pozitronmarket.com/products/iflight-blitz-f7-pro-fc-standard-30-5x30-5mm-31	https://pozitronmarket.com/assets/products/PZTR-FLI-0031.jpg	in_stock	3249.50 TRY	iFlight	new	5433	no	TR:::Standart Kargo:0.00 TRY
PZTR-CAM-0022	HDZero Nano 90 V2 Camera (With MIPI Cable 80mm)	Resmi HDZero Nano 90 V2 Camera, yüksek performanslı FPV uçuşları için tasarlanmıştır. With MIPI Cable 80mm varyantı ve Short Whoop Cable donanımı ile Zero Latency Digital güç sistemleriyle tam uyumludur. Orijinal üretici garantili.	https://pozitronmarket.com/products/hdzero-nano-90-v2-camera-with-mipi-cable-80mm-22	https://pozitronmarket.com/assets/products/PZTR-CAM-0022.jpg	in_stock	3600.00 TRY	HDZero	new	5433	no	TR:::Standart Kargo:0.00 TRY
PZTR-MOT-0007	T-Motor Velox V3 (1950KV)	Resmi T-Motor Velox V3, yüksek performanslı FPV uçuşları için tasarlanmıştır. 1950KV varyantı ve Orange donanımı ile 6S güç sistemleriyle tam uyumludur. Orijinal üretici garantili.	https://pozitronmarket.com/products/t-motor-velox-v3-1950kv-7	https://pozitronmarket.com/assets/products/PZTR-MOT-0007.jpg	in_stock	875.00 TRY	T-Motor	new	5433	no	TR:::Standart Kargo:99.00 TRY
PZTR-FLI-0033	iFlight Blitz F7 Pro FC (Low ESR Filtering Board)	Resmi iFlight Blitz F7 Pro FC, yüksek performanslı FPV uçuşları için tasarlanmıştır. Low ESR Filtering Board varyantı ve Clean VTX Signal Rail donanımı ile Betaflight 4.5 güç sistemleriyle tam uyumludur. Orijinal üretici garantili.	https://pozitronmarket.com/products/iflight-blitz-f7-pro-fc-low-esr-filtering-board-33	https://pozitronmarket.com/assets/products/PZTR-FLI-0033.jpg	in_stock	3375.00 TRY	iFlight	new	5433	no	TR:::Standart Kargo:0.00 TRY
PZTR-VTX-0013	RushFPV Rush Tank II Ultimate 1W (Filtered LC Power Spec)	Resmi RushFPV Rush Tank II Ultimate 1W, yüksek performanslı FPV uçuşları için tasarlanmıştır. Filtered LC Power Spec varyantı ve Zero Video Noise donanımı ile SmartAudio / Tramp güç sistemleriyle tam uyumludur. Orijinal üretici garantili.	https://pozitronmarket.com/products/rushfpv-rush-tank-ii-ultimate-1w-filtered-lc-power-spec-13	https://pozitronmarket.com/assets/products/PZTR-VTX-0013.jpg	in_stock	2300.00 TRY	RushFPV	new	5433	no	TR:::Standart Kargo:0.00 TRY
PZTR-MOT-0022	EMAX ECO II 2207 (1900KV)	Resmi EMAX ECO II 2207, yüksek performanslı FPV uçuşları için tasarlanmıştır. 1900KV varyantı ve Anodized Black donanımı ile 6S güç sistemleriyle tam uyumludur. Orijinal üretici garantili.	https://pozitronmarket.com/products/emax-eco-ii-2207-1900kv-22	https://pozitronmarket.com/assets/products/PZTR-MOT-0022.jpg	in_stock	1358.46 TRY	EMAX	new	5433	no	TR:::Standart Kargo:99.00 TRY
PZTR-BAT-0011	Lumenier NAV 21700 8000mAh (6S2P 8000mAh XT60)	Resmi Lumenier NAV 21700 8000mAh, yüksek performanslı FPV uçuşları için tasarlanmıştır. 6S2P 8000mAh XT60 varyantı ve Molicel P42A Cells donanımı ile 22.2V 35A Cont. güç sistemleriyle tam uyumludur. Orijinal üretici garantili.	https://pozitronmarket.com/products/lumenier-nav-21700-8000mah-6s2p-8000mah-xt60-11	https://pozitronmarket.com/assets/products/PZTR-BAT-0011.jpg	in_stock	7206.07 TRY	Lumenier	new	5433	no	TR:::Standart Kargo:0.00 TRY
PZTR-PRO-0039	Gemfan Micro 31mm 4-Blade (Whoop Racer 20-Pack)	Resmi Gemfan Micro 31mm 4-Blade, yüksek performanslı FPV uçuşları için tasarlanmıştır. Whoop Racer 20-Pack varyantı ve Assorted Colors donanımı ile 1.0mm Shaft güç sistemleriyle tam uyumludur. Orijinal üretici garantili.	https://pozitronmarket.com/products/gemfan-micro-31mm-4-blade-whoop-racer-20-pack-39	https://pozitronmarket.com/assets/products/PZTR-PRO-0039.jpg	in_stock	325.00 TRY	Gemfan	new	5433	no	TR:::Standart Kargo:99.00 TRY
PZTR-GPS-0001	Matek Systems M10-5883 High Precision (Standard GPS + Compass)	Resmi Matek Systems M10-5883 High Precision, yüksek performanslı FPV uçuşları için tasarlanmıştır. Standard GPS + Compass varyantı ve u-blox M10 + QMC5883L donanımı ile GPS/GLONASS/Galileo/BDS güç sistemleriyle tam uyumludur. Orijinal üretici garantili.	https://pozitronmarket.com/products/matek-systems-m10-5883-high-precision-standard-gps-compass-1	https://pozitronmarket.com/assets/products/PZTR-GPS-0001.jpg	in_stock	1425.00 TRY	Matek Systems	new	5433	no	TR:::Standart Kargo:99.00 TRY
PZTR-BAT-0029	ToolkitRC M6D Dual Smart Charger (Metal Shell Pro Spec)	Resmi ToolkitRC M6D Dual Smart Charger, yüksek performanslı FPV uçuşları için tasarlanmıştır. Metal Shell Pro Spec varyantı ve Optimized Fan Cooling donanımı ile DC 7-28V / 500W Max güç sistemleriyle tam uyumludur. Orijinal üretici garantili.	https://pozitronmarket.com/products/toolkitrc-m6d-dual-smart-charger-metal-shell-pro-spec-29	https://pozitronmarket.com/assets/products/PZTR-BAT-0029.jpg	in_stock	2995.00 TRY	ToolkitRC	new	5433	no	TR:::Standart Kargo:0.00 TRY
PZTR-FRA-0043	iFlight Chimera7 Pro V2 (Spare Arm Set (2 Arms))	Resmi iFlight Chimera7 Pro V2, yüksek performanslı FPV uçuşları için tasarlanmıştır. Spare Arm Set (2 Arms) varyantı ve 6mm Beveled Carbon Arms donanımı ile Crash Replacement güç sistemleriyle tam uyumludur. Orijinal üretici garantili.	https://pozitronmarket.com/products/iflight-chimera7-pro-v2-spare-arm-set-2-arms-43	https://pozitronmarket.com/assets/products/PZTR-FRA-0043.jpg	in_stock	1400.00 TRY	iFlight	new	5433	no	TR:::Standart Kargo:99.00 TRY
PZTR-VTX-0011	RushFPV Rush Tank II Ultimate 1W (Lock-R MMCX Standard)	Resmi RushFPV Rush Tank II Ultimate 1W, yüksek performanslı FPV uçuşları için tasarlanmıştır. Lock-R MMCX Standard varyantı ve Full Metal Armor Shield donanımı ile SmartAudio / Tramp güç sistemleriyle tam uyumludur. Orijinal üretici garantili.	https://pozitronmarket.com/products/rushfpv-rush-tank-ii-ultimate-1w-lock-r-mmcx-standard-11	https://pozitronmarket.com/assets/products/PZTR-VTX-0011.jpg	in_stock	3316.85 TRY	RushFPV	new	5433	no	TR:::Standart Kargo:0.00 TRY
PZTR-MOT-0055	GEPRC GR1404 Toothpick (3850KV 4-Pack)	Resmi GEPRC GR1404 Toothpick, yüksek performanslı FPV uçuşları için tasarlanmıştır. 3850KV 4-Pack varyantı ve Black (Set of 4) donanımı ile 3S/4S güç sistemleriyle tam uyumludur. Orijinal üretici garantili.	https://pozitronmarket.com/products/geprc-gr1404-toothpick-3850kv-4-pack-55	https://pozitronmarket.com/assets/products/PZTR-MOT-0055.jpg	in_stock	2750.00 TRY	GEPRC	new	5433	no	TR:::Standart Kargo:0.00 TRY
PZTR-TOO-0037	Sequre SQ-001 Soldering Iron (Black Shell with TS-BC2 Tip)	Resmi Sequre SQ-001 Soldering Iron, yüksek performanslı FPV uçuşları için tasarlanmıştır. Black Shell with TS-BC2 Tip varyantı ve XT60 Power Cable Included donanımı ile DC 12-24V Input güç sistemleriyle tam uyumludur. Orijinal üretici garantili.	https://pozitronmarket.com/products/sequre-sq-001-soldering-iron-black-shell-with-ts-bc2-tip-37	https://pozitronmarket.com/assets/products/PZTR-TOO-0037.jpg	in_stock	4363.97 TRY	Sequre	new	5433	no	TR:::Standart Kargo:0.00 TRY
PZTR-TOO-0015	Sequre Titanium Hex Screwdriver Set (Workshop Magnetic Tray Kit)	Resmi Sequre Titanium Hex Screwdriver Set, yüksek performanslı FPV uçuşları için tasarlanmıştır. Workshop Magnetic Tray Kit varyantı ve Includes Magnetic Screw Tray donanımı ile Never Lose a Screw güç sistemleriyle tam uyumludur. Orijinal üretici garantili.	https://pozitronmarket.com/products/sequre-titanium-hex-screwdriver-set-workshop-magnetic-tray-kit-15	https://pozitronmarket.com/assets/products/PZTR-TOO-0015.jpg	in_stock	1400.00 TRY	Sequre	new	5433	no	TR:::Standart Kargo:99.00 TRY
PZTR-PRO-0014	HQProp Ethix P3 Peanut Butter (Ultra Smooth Batch)	Resmi HQProp Ethix P3 Peanut Butter, yüksek performanslı FPV uçuşları için tasarlanmıştır. Ultra Smooth Batch varyantı ve Low Vibration PC donanımı ile 5mm Shaft güç sistemleriyle tam uyumludur. Orijinal üretici garantili.	https://pozitronmarket.com/products/hqprop-ethix-p3-peanut-butter-ultra-smooth-batch-14	https://pozitronmarket.com/assets/products/PZTR-PRO-0014.jpg	in_stock	245.00 TRY	HQProp	new	5433	no	TR:::Standart Kargo:99.00 TRY
PZTR-ANT-0023	VAS (Video Aerial Systems) Ion Pro 5.8GHz (RHCP MMCX Straight)	Resmi VAS (Video Aerial Systems) Ion Pro 5.8GHz, yüksek performanslı FPV uçuşları için tasarlanmıştır. RHCP MMCX Straight varyantı ve Direct Stack Mount donanımı ile 5.8GHz Video güç sistemleriyle tam uyumludur. Orijinal üretici garantili.	https://pozitronmarket.com/products/vas-video-aerial-systems-ion-pro-5-8ghz-rhcp-mmcx-straight-23	https://pozitronmarket.com/assets/products/PZTR-ANT-0023.jpg	in_stock	1025.00 TRY	VAS (Video Aerial Systems)	new	5433	no	TR:::Standart Kargo:99.00 TRY
PZTR-BAT-0043	ToolkitRC M4AC Pocket Charger (With Whoop 1S Board)	Resmi ToolkitRC M4AC Pocket Charger, yüksek performanslı FPV uçuşları için tasarlanmıştır. With Whoop 1S Board varyantı ve Charge 4x 1S Micro Packs donanımı ile 1S / 2S / 3S / 4S güç sistemleriyle tam uyumludur. Orijinal üretici garantili.	https://pozitronmarket.com/products/toolkitrc-m4ac-pocket-charger-with-whoop-1s-board-43	https://pozitronmarket.com/assets/products/PZTR-BAT-0043.jpg	in_stock	1495.00 TRY	ToolkitRC	new	5433	no	TR:::Standart Kargo:99.00 TRY
PZTR-FRA-0029	Flywoo Explorer LR 4 V2 (Pack of 4 Replacement Arms)	Resmi Flywoo Explorer LR 4 V2, yüksek performanslı FPV uçuşları için tasarlanmıştır. Pack of 4 Replacement Arms varyantı ve Ultralight Arms Set donanımı ile 3K Carbon Fiber güç sistemleriyle tam uyumludur. Orijinal üretici garantili.	https://pozitronmarket.com/products/flywoo-explorer-lr-4-v2-pack-of-4-replacement-arms-29	https://pozitronmarket.com/assets/products/PZTR-FRA-0029.jpg	in_stock	900.00 TRY	Flywoo	new	5433	no	TR:::Standart Kargo:99.00 TRY
PZTR-MOT-0050	T-Motor U8 II Heavy Lift (85KV Quad Pack)	Resmi T-Motor U8 II Heavy Lift, yüksek performanslı FPV uçuşları için tasarlanmıştır. 85KV Quad Pack varyantı ve Industrial Black (Set of 4) donanımı ile 12S güç sistemleriyle tam uyumludur. Orijinal üretici garantili.	https://pozitronmarket.com/products/t-motor-u8-ii-heavy-lift-85kv-quad-pack-50	https://pozitronmarket.com/assets/products/PZTR-MOT-0050.jpg	in_stock	47000.00 TRY	T-Motor	new	5433	no	TR:::Standart Kargo:0.00 TRY
PZTR-PRO-0006	HQProp Ethix S3 Watermelon (Set of 4)	Resmi HQProp Ethix S3 Watermelon, yüksek performanslı FPV uçuşları için tasarlanmıştır. Set of 4 varyantı ve Watermelon Pink/Green donanımı ile 5mm Shaft güç sistemleriyle tam uyumludur. Orijinal üretici garantili.	https://pozitronmarket.com/products/hqprop-ethix-s3-watermelon-set-of-4-6	https://pozitronmarket.com/assets/products/PZTR-PRO-0006.jpg	in_stock	210.00 TRY	HQProp	new	5433	no	TR:::Standart Kargo:99.00 TRY
PZTR-PRO-0016	Gemfan Cinewhoop D90S (Clear Black (Set of 4))	Resmi Gemfan Cinewhoop D90S, yüksek performanslı FPV uçuşları için tasarlanmıştır. Clear Black (Set of 4) varyantı ve High Impact PC donanımı ile 1.5mm/T-Mount güç sistemleriyle tam uyumludur. Orijinal üretici garantili.	https://pozitronmarket.com/products/gemfan-cinewhoop-d90s-clear-black-set-of-4-16	https://pozitronmarket.com/assets/products/PZTR-PRO-0016.jpg	in_stock	190.00 TRY	Gemfan	new	5433	no	TR:::Standart Kargo:99.00 TRY
PZTR-FLI-0037	GEPRC GEP-F722-HD FC (20x20mm Mini Spec)	Resmi GEPRC GEP-F722-HD FC, yüksek performanslı FPV uçuşları için tasarlanmıştır. 20x20mm Mini Spec varyantı ve Tight Frame Integration donanımı ile Betaflight 4.5 güç sistemleriyle tam uyumludur. Orijinal üretici garantili.	https://pozitronmarket.com/products/geprc-gep-f722-hd-fc-20x20mm-mini-spec-37	https://pozitronmarket.com/assets/products/PZTR-FLI-0037.jpg	in_stock	4763.36 TRY	GEPRC	new	5433	no	TR:::Standart Kargo:0.00 TRY
PZTR-PRO-0048	Gemfan Moonlight LED 51466 (Blue LED (Set of 4))	Resmi Gemfan Moonlight LED 51466, yüksek performanslı FPV uçuşları için tasarlanmıştır. Blue LED (Set of 4) varyantı ve Built-in Batteries donanımı ile 5mm Shaft güç sistemleriyle tam uyumludur. Orijinal üretici garantili.	https://pozitronmarket.com/products/gemfan-moonlight-led-51466-blue-led-set-of-4-48	https://pozitronmarket.com/assets/products/PZTR-PRO-0048.jpg	in_stock	425.00 TRY	Gemfan	new	5433	no	TR:::Standart Kargo:99.00 TRY
PZTR-ESC-0041	Spedix IS45 Single Arm ESC (Single Unit)	Resmi Spedix IS45 Single Arm ESC, yüksek performanslı FPV uçuşları için tasarlanmıştır. Single Unit varyantı ve Individual ESC donanımı ile 3-6S LiPo güç sistemleriyle tam uyumludur. Orijinal üretici garantili.	https://pozitronmarket.com/products/spedix-is45-single-arm-esc-single-unit-41	https://pozitronmarket.com/assets/products/PZTR-ESC-0041.jpg	in_stock	825.00 TRY	Spedix	new	5433	no	TR:::Standart Kargo:99.00 TRY
PZTR-CON-0029	Matek Systems FCHUB Power Hub (Industrial Gold Plated Pads)	Resmi Matek Systems FCHUB Power Hub, yüksek performanslı FPV uçuşları için tasarlanmıştır. Industrial Gold Plated Pads varyantı ve Ultra Low Resistance donanımı ile 3-12S LiPo güç sistemleriyle tam uyumludur. Orijinal üretici garantili.	https://pozitronmarket.com/products/matek-systems-fchub-power-hub-industrial-gold-plated-pads-29	https://pozitronmarket.com/assets/products/PZTR-CON-0029.jpg	in_stock	1050.00 TRY	Matek Systems	new	5433	no	TR:::Standart Kargo:99.00 TRY
PZTR-CON-0001	Matek Systems Micro BEC 6-60V (5V Output 3A)	Resmi Matek Systems Micro BEC 6-60V, yüksek performanslı FPV uçuşları için tasarlanmıştır. 5V Output 3A varyantı ve Ultra Compact PCB donanımı ile 6V-60V In güç sistemleriyle tam uyumludur. Orijinal üretici garantili.	https://pozitronmarket.com/products/matek-systems-micro-bec-6-60v-5v-output-3a-1	https://pozitronmarket.com/assets/products/PZTR-CON-0001.jpg	in_stock	445.00 TRY	Matek Systems	new	5433	no	TR:::Standart Kargo:99.00 TRY
PZTR-FRA-0039	GEPRC CineLog35 V2 HD (High Density Carbon Base Plate)	Resmi GEPRC CineLog35 V2 HD, yüksek performanslı FPV uçuşları için tasarlanmıştır. High Density Carbon Base Plate varyantı ve Heavy Payload Rigid Deck donanımı ile 3K Carbon Fiber güç sistemleriyle tam uyumludur. Orijinal üretici garantili.	https://pozitronmarket.com/products/geprc-cinelog35-v2-hd-high-density-carbon-base-plate-39	https://pozitronmarket.com/assets/products/PZTR-FRA-0039.jpg	in_stock	3300.00 TRY	GEPRC	new	5433	no	TR:::Standart Kargo:0.00 TRY
PZTR-TOO-0022	RDQ M2 & M3 Hardware Standoff Kit (Aluminum Anodized M3 Standoffs)	Resmi RDQ M2 & M3 Hardware Standoff Kit, yüksek performanslı FPV uçuşları için tasarlanmıştır. Aluminum Anodized M3 Standoffs varyantı ve Textured CNC Knurled (20 Pcs) donanımı ile Black / Red / Blue güç sistemleriyle tam uyumludur. Orijinal üretici garantili.	https://pozitronmarket.com/products/rdq-m2-m3-hardware-standoff-kit-aluminum-anodized-m3-standoffs-22	https://pozitronmarket.com/assets/products/PZTR-TOO-0022.jpg	in_stock	625.00 TRY	RDQ	new	5433	no	TR:::Standart Kargo:99.00 TRY
PZTR-CAM-0034	Caddx Ant Nano 1200TVL (Twin Pack Whoop Kit)	Resmi Caddx Ant Nano 1200TVL, yüksek performanslı FPV uçuşları için tasarlanmıştır. Twin Pack Whoop Kit varyantı ve Includes 2 Cameras donanımı ile 2 Grams Ultralight güç sistemleriyle tam uyumludur. Orijinal üretici garantili.	https://pozitronmarket.com/products/caddx-ant-nano-1200tvl-twin-pack-whoop-kit-34	https://pozitronmarket.com/assets/products/PZTR-CAM-0034.jpg	in_stock	1700.00 TRY	Caddx	new	5433	no	TR:::Standart Kargo:0.00 TRY
PZTR-BAT-0030	ToolkitRC M6D Dual Smart Charger (Includes Balance Boards)	Resmi ToolkitRC M6D Dual Smart Charger, yüksek performanslı FPV uçuşları için tasarlanmıştır. Includes Balance Boards varyantı ve 2x 2-6S Balance Ports donanımı ile Dual Independent güç sistemleriyle tam uyumludur. Orijinal üretici garantili.	https://pozitronmarket.com/products/toolkitrc-m6d-dual-smart-charger-includes-balance-boards-30	https://pozitronmarket.com/assets/products/PZTR-BAT-0030.jpg	in_stock	2925.00 TRY	ToolkitRC	new	5433	no	TR:::Standart Kargo:0.00 TRY
PZTR-VTX-0010	Foxeer Reaper Extreme 2.5W (Dual VTX Expedition Kit)	Resmi Foxeer Reaper Extreme 2.5W, yüksek performanslı FPV uçuşları için tasarlanmıştır. Dual VTX Expedition Kit varyantı ve Includes 2 Units donanımı ile Pit/25/2500mW güç sistemleriyle tam uyumludur. Orijinal üretici garantili.	https://pozitronmarket.com/products/foxeer-reaper-extreme-2-5w-dual-vtx-expedition-kit-10	https://pozitronmarket.com/assets/products/PZTR-VTX-0010.jpg	in_stock	6200.00 TRY	Foxeer	new	5433	no	TR:::Standart Kargo:0.00 TRY
PZTR-PRO-0009	HQProp Ethix S3 Watermelon (Competition Balanced)	Resmi HQProp Ethix S3 Watermelon, yüksek performanslı FPV uçuşları için tasarlanmıştır. Competition Balanced varyantı ve Hand Checked Balance donanımı ile 5mm Shaft güç sistemleriyle tam uyumludur. Orijinal üretici garantili.	https://pozitronmarket.com/products/hqprop-ethix-s3-watermelon-competition-balanced-9	https://pozitronmarket.com/assets/products/PZTR-PRO-0009.jpg	in_stock	240.00 TRY	HQProp	new	5433	no	TR:::Standart Kargo:99.00 TRY
PZTR-FLI-0032	iFlight Blitz F7 Pro FC (With DJI O3 Direct Port)	Resmi iFlight Blitz F7 Pro FC, yüksek performanslı FPV uçuşları için tasarlanmıştır. With DJI O3 Direct Port varyantı ve Solderless HD Plug donanımı ile Betaflight 4.5 güç sistemleriyle tam uyumludur. Orijinal üretici garantili.	https://pozitronmarket.com/products/iflight-blitz-f7-pro-fc-with-dji-o3-direct-port-32	https://pozitronmarket.com/assets/products/PZTR-FLI-0032.jpg	in_stock	3400.00 TRY	iFlight	new	5433	no	TR:::Standart Kargo:0.00 TRY
PZTR-PRO-0023	Gemfan Flash 7040 Tri-Blade (Crystal Clear (Set of 4))	Resmi Gemfan Flash 7040 Tri-Blade, yüksek performanslı FPV uçuşları için tasarlanmıştır. Crystal Clear (Set of 4) varyantı ve Glass Fiber Reinforced donanımı ile 5mm Shaft güç sistemleriyle tam uyumludur. Orijinal üretici garantili.	https://pozitronmarket.com/products/gemfan-flash-7040-tri-blade-crystal-clear-set-of-4-23	https://pozitronmarket.com/assets/products/PZTR-PRO-0023.jpg	in_stock	275.00 TRY	Gemfan	new	5433	no	TR:::Standart Kargo:99.00 TRY
PZTR-ANT-0007	TBS (Team BlackSheep) Triumph Pro 5.8G (LHCP SMA Single)	Resmi TBS (Team BlackSheep) Triumph Pro 5.8G, yüksek performanslı FPV uçuşları için tasarlanmıştır. LHCP SMA Single varyantı ve DJI Digital Optimized donanımı ile 5.8GHz Video güç sistemleriyle tam uyumludur. Orijinal üretici garantili.	https://pozitronmarket.com/products/tbs-team-blacksheep-triumph-pro-5-8g-lhcp-sma-single-7	https://pozitronmarket.com/assets/products/PZTR-ANT-0007.jpg	in_stock	997.50 TRY	TBS (Team BlackSheep)	new	5433	no	TR:::Standart Kargo:99.00 TRY
PZTR-ANT-0028	RushFPV Cherry 5.8GHz (U.FL Micro (2-Pack))	Resmi RushFPV Cherry 5.8GHz, yüksek performanslı FPV uçuşları için tasarlanmıştır. U.FL Micro (2-Pack) varyantı ve Toothpick & Whoop Spec donanımı ile 5.8GHz Video güç sistemleriyle tam uyumludur. Orijinal üretici garantili.	https://pozitronmarket.com/products/rushfpv-cherry-5-8ghz-u-fl-micro-2-pack-28	https://pozitronmarket.com/assets/products/PZTR-ANT-0028.jpg	in_stock	850.00 TRY	RushFPV	new	5433	no	TR:::Standart Kargo:99.00 TRY
PZTR-CON-0026	Matek Systems FCHUB Power Hub (Standard 184A)	Resmi Matek Systems FCHUB Power Hub, yüksek performanslı FPV uçuşları için tasarlanmıştır. Standard 184A varyantı ve Clean Ribbon Connection donanımı ile 3-8S LiPo güç sistemleriyle tam uyumludur. Orijinal üretici garantili.	https://pozitronmarket.com/products/matek-systems-fchub-power-hub-standard-184a-26	https://pozitronmarket.com/assets/products/PZTR-CON-0026.jpg	in_stock	845.00 TRY	Matek Systems	new	5433	no	TR:::Standart Kargo:99.00 TRY
PZTR-BAT-0038	CNHL Pizza Series 1200mAh (Pack of 2 Race Packs)	Resmi CNHL Pizza Series 1200mAh, yüksek performanslı FPV uçuşları için tasarlanmıştır. Pack of 2 Race Packs varyantı ve Dual 6S 1200mAh Packs donanımı ile 22.2V / XT60 güç sistemleriyle tam uyumludur. Orijinal üretici garantili.	https://pozitronmarket.com/products/cnhl-pizza-series-1200mah-pack-of-2-race-packs-38	https://pozitronmarket.com/assets/products/PZTR-BAT-0038.jpg	in_stock	3100.00 TRY	CNHL	new	5433	no	TR:::Standart Kargo:0.00 TRY
PZTR-TOO-0034	Ethix Prop Tool Wrench (Twin Pack Tool Set)	Resmi Ethix Prop Tool Wrench, yüksek performanslı FPV uçuşları için tasarlanmıştır. Twin Pack Tool Set varyantı ve Includes 2 Prop Tools donanımı ile Keep One in Every Bag güç sistemleriyle tam uyumludur. Orijinal üretici garantili.	https://pozitronmarket.com/products/ethix-prop-tool-wrench-twin-pack-tool-set-34	https://pozitronmarket.com/assets/products/PZTR-TOO-0034.jpg	in_stock	875.00 TRY	Ethix	new	5433	no	TR:::Standart Kargo:99.00 TRY
PZTR-FRA-0021	BetaFPV Pavo25 V2 Cinewhoop (Black Ducts (O3 Ready))	Resmi BetaFPV Pavo25 V2 Cinewhoop, yüksek performanslı FPV uçuşları için tasarlanmıştır. Black Ducts (O3 Ready) varyantı ve Injection Molded PA12 Ducts donanımı ile Pusher Configuration güç sistemleriyle tam uyumludur. Orijinal üretici garantili.	https://pozitronmarket.com/products/betafpv-pavo25-v2-cinewhoop-black-ducts-o3-ready-21	https://pozitronmarket.com/assets/products/PZTR-FRA-0021.jpg	in_stock	1849.50 TRY	BetaFPV	new	5433	no	TR:::Standart Kargo:0.00 TRY
PZTR-PRO-0003	Gemfan Hurricane 51466 V2 (Cyan Blue)	Resmi Gemfan Hurricane 51466 V2, yüksek performanslı FPV uçuşları için tasarlanmıştır. Cyan Blue varyantı ve Polycarbonate donanımı ile 5mm Shaft güç sistemleriyle tam uyumludur. Orijinal üretici garantili.	https://pozitronmarket.com/products/gemfan-hurricane-51466-v2-cyan-blue-3	https://pozitronmarket.com/assets/products/PZTR-PRO-0003.jpg	in_stock	199.50 TRY	Gemfan	new	5433	no	TR:::Standart Kargo:99.00 TRY
PZTR-ANT-0003	Foxeer Lollipop 4 Plus (U.FL / IPEX (2-Pack))	Resmi Foxeer Lollipop 4 Plus, yüksek performanslı FPV uçuşları için tasarlanmıştır. U.FL / IPEX (2-Pack) varyantı ve Ultralight Micro Drones donanımı ile 5.8GHz Omnidirectional güç sistemleriyle tam uyumludur. Orijinal üretici garantili.	https://pozitronmarket.com/products/foxeer-lollipop-4-plus-u-fl-ipex-2-pack-3	https://pozitronmarket.com/assets/products/PZTR-ANT-0003.jpg	in_stock	925.00 TRY	Foxeer	new	5433	no	TR:::Standart Kargo:99.00 TRY
PZTR-FLI-0015	Matek Systems H743-WING V3 (Industrial Dual Sensor Shield)	Resmi Matek Systems H743-WING V3, yüksek performanslı FPV uçuşları için tasarlanmıştır. Industrial Dual Sensor Shield varyantı ve Extra Thermal Insulation donanımı ile ArduPilot / INAV güç sistemleriyle tam uyumludur. Orijinal üretici garantili.	https://pozitronmarket.com/products/matek-systems-h743-wing-v3-industrial-dual-sensor-shield-15	https://pozitronmarket.com/assets/products/PZTR-FLI-0015.jpg	in_stock	5400.00 TRY	Matek Systems	new	5433	no	TR:::Standart Kargo:0.00 TRY
PZTR-TOO-0032	Ethix Prop Tool Wrench (With Built-In Motor Grip Pliers)	Resmi Ethix Prop Tool Wrench, yüksek performanslı FPV uçuşları için tasarlanmıştır. With Built-In Motor Grip Pliers varyantı ve Hold Motor Bell Without Scratch donanımı ile Anodized Aluminum güç sistemleriyle tam uyumludur. Orijinal üretici garantili.	https://pozitronmarket.com/products/ethix-prop-tool-wrench-with-built-in-motor-grip-pliers-32	https://pozitronmarket.com/assets/products/PZTR-TOO-0032.jpg	in_stock	775.00 TRY	Ethix	new	5433	no	TR:::Standart Kargo:99.00 TRY
PZTR-GPS-0021	Flywoo GOKU GM10 Nano GPS (GM10 Nano (2.6 Grams))	Resmi Flywoo GOKU GM10 Nano GPS, yüksek performanslı FPV uçuşları için tasarlanmıştır. GM10 Nano (2.6 Grams) varyantı ve 12x12mm Micro Ceramic Patch donanımı ile Sub-250g Drone Spec güç sistemleriyle tam uyumludur. Orijinal üretici garantili.	https://pozitronmarket.com/products/flywoo-goku-gm10-nano-gps-gm10-nano-2-6-grams-21	https://pozitronmarket.com/assets/products/PZTR-GPS-0021.jpg	in_stock	999.50 TRY	Flywoo	new	5433	no	TR:::Standart Kargo:99.00 TRY
PZTR-CAM-0025	HDZero Nano 90 V2 Camera (Metal Lens Barrel Guard)	Resmi HDZero Nano 90 V2 Camera, yüksek performanslı FPV uçuşları için tasarlanmıştır. Metal Lens Barrel Guard varyantı ve Crash Impact Protected donanımı ile Zero Latency Digital güç sistemleriyle tam uyumludur. Orijinal üretici garantili.	https://pozitronmarket.com/products/hdzero-nano-90-v2-camera-metal-lens-barrel-guard-25	https://pozitronmarket.com/assets/products/PZTR-CAM-0025.jpg	in_stock	3700.00 TRY	HDZero	new	5433	no	TR:::Standart Kargo:0.00 TRY
PZTR-PRO-0008	HQProp Ethix S3 Watermelon (Bulk Pack of 20)	Resmi HQProp Ethix S3 Watermelon, yüksek performanslı FPV uçuşları için tasarlanmıştır. Bulk Pack of 20 varyantı ve Watermelon Pink/Green donanımı ile 5mm Shaft güç sistemleriyle tam uyumludur. Orijinal üretici garantili.	https://pozitronmarket.com/products/hqprop-ethix-s3-watermelon-bulk-pack-of-20-8	https://pozitronmarket.com/assets/products/PZTR-PRO-0008.jpg	in_stock	925.00 TRY	HQProp	new	5433	no	TR:::Standart Kargo:99.00 TRY
PZTR-PRO-0030	Gemfan Flash 5152 (Aerodynamic Tip Cut)	Resmi Gemfan Flash 5152, yüksek performanslı FPV uçuşları için tasarlanmıştır. Aerodynamic Tip Cut varyantı ve Reduced Drag donanımı ile 5mm Shaft güç sistemleriyle tam uyumludur. Orijinal üretici garantili.	https://pozitronmarket.com/products/gemfan-flash-5152-aerodynamic-tip-cut-30	https://pozitronmarket.com/assets/products/PZTR-PRO-0030.jpg	in_stock	220.00 TRY	Gemfan	new	5433	no	TR:::Standart Kargo:99.00 TRY
PZTR-MOT-0036	Flywoo ROBO RB 1202.5 (6000KV)	Resmi Flywoo ROBO RB 1202.5, yüksek performanslı FPV uçuşları için tasarlanmıştır. 6000KV varyantı ve Gold/Purple donanımı ile 2S/3S güç sistemleriyle tam uyumludur. Orijinal üretici garantili.	https://pozitronmarket.com/products/flywoo-robo-rb-1202-5-6000kv-36	https://pozitronmarket.com/assets/products/PZTR-MOT-0036.jpg	in_stock	1406.96 TRY	Flywoo	new	5433	no	TR:::Standart Kargo:99.00 TRY
PZTR-ANT-0020	MenaceRC Matchstick Carbon (Short Stubby 50mm)	Resmi MenaceRC Matchstick Carbon, yüksek performanslı FPV uçuşları için tasarlanmıştır. Short Stubby 50mm varyantı ve Low Profile Basher donanımı ile 5.8GHz Freestyle güç sistemleriyle tam uyumludur. Orijinal üretici garantili.	https://pozitronmarket.com/products/menacerc-matchstick-carbon-short-stubby-50mm-20	https://pozitronmarket.com/assets/products/PZTR-ANT-0020.jpg	in_stock	775.00 TRY	MenaceRC	new	5433	no	TR:::Standart Kargo:99.00 TRY
PZTR-CON-0033	Holybro PM02 V3 Power Module (Pixhawk 6C Ready Molex)	Resmi Holybro PM02 V3 Power Module, yüksek performanslı FPV uçuşları için tasarlanmıştır. Pixhawk 6C Ready Molex varyantı ve Direct Plug & Play donanımı ile 2-12S LiPo güç sistemleriyle tam uyumludur. Orijinal üretici garantili.	https://pozitronmarket.com/products/holybro-pm02-v3-power-module-pixhawk-6c-ready-molex-33	https://pozitronmarket.com/assets/products/PZTR-CON-0033.jpg	in_stock	1300.00 TRY	Holybro	new	5433	no	TR:::Standart Kargo:99.00 TRY
PZTR-ESC-0011	Holybro Tekko32 F4 4in1 50A (20x20mm 50A)	Resmi Holybro Tekko32 F4 4in1 50A, yüksek performanslı FPV uçuşları için tasarlanmıştır. 20x20mm 50A varyantı ve Mini 20x20 donanımı ile 3-6S LiPo güç sistemleriyle tam uyumludur. Orijinal üretici garantili.	https://pozitronmarket.com/products/holybro-tekko32-f4-4in1-50a-20x20mm-50a-11	https://pozitronmarket.com/assets/products/PZTR-ESC-0011.jpg	in_stock	3425.00 TRY	Holybro	new	5433	no	TR:::Standart Kargo:0.00 TRY
PZTR-BAT-0041	ToolkitRC M4AC Pocket Charger (Standard AC 100-240V)	Resmi ToolkitRC M4AC Pocket Charger, yüksek performanslı FPV uçuşları için tasarlanmıştır. Standard AC 100-240V varyantı ve Integrated Power Supply donanımı ile 1-4S LiPo / XT60 güç sistemleriyle tam uyumludur. Orijinal üretici garantili.	https://pozitronmarket.com/products/toolkitrc-m4ac-pocket-charger-standard-ac-100-240v-41	https://pozitronmarket.com/assets/products/PZTR-BAT-0041.jpg	in_stock	1225.00 TRY	ToolkitRC	new	5433	no	TR:::Standart Kargo:99.00 TRY
PZTR-BAT-0001	Tattu R-Line V5.0 1400mAh (6S 1400mAh 150C (XT60))	Resmi Tattu R-Line V5.0 1400mAh, yüksek performanslı FPV uçuşları için tasarlanmıştır. 6S 1400mAh 150C (XT60) varyantı ve Alsolute Performance donanımı ile 22.2V / XT60 güç sistemleriyle tam uyumludur. Orijinal üretici garantili.	https://pozitronmarket.com/products/tattu-r-line-v5-0-1400mah-6s-1400mah-150c-xt60-1	https://pozitronmarket.com/assets/products/PZTR-BAT-0001.jpg	in_stock	1949.50 TRY	Tattu	new	5433	no	TR:::Standart Kargo:0.00 TRY
PZTR-BAT-0015	Lumenier NAV 21700 8000mAh (Dual Pack Expedition Set)	Resmi Lumenier NAV 21700 8000mAh, yüksek performanslı FPV uçuşları için tasarlanmıştır. Dual Pack Expedition Set varyantı ve 2x 8000mAh Packs donanımı ile 22.2V 35A Cont. güç sistemleriyle tam uyumludur. Orijinal üretici garantili.	https://pozitronmarket.com/products/lumenier-nav-21700-8000mah-dual-pack-expedition-set-15	https://pozitronmarket.com/assets/products/PZTR-BAT-0015.jpg	in_stock	7600.00 TRY	Lumenier	new	5433	no	TR:::Standart Kargo:0.00 TRY
PZTR-FLI-0039	GEPRC GEP-F722-HD FC (High Speed Gyro ICM42688P)	Resmi GEPRC GEP-F722-HD FC, yüksek performanslı FPV uçuşları için tasarlanmıştır. High Speed Gyro ICM42688P varyantı ve Crisp Corner Response donanımı ile Betaflight 4.5 güç sistemleriyle tam uyumludur. Orijinal üretici garantili.	https://pozitronmarket.com/products/geprc-gep-f722-hd-fc-high-speed-gyro-icm42688p-39	https://pozitronmarket.com/assets/products/PZTR-FLI-0039.jpg	in_stock	3125.00 TRY	GEPRC	new	5433	no	TR:::Standart Kargo:0.00 TRY
PZTR-GPS-0004	Matek Systems M10-5883 High Precision (Pair of M10-5883 Modules)	Resmi Matek Systems M10-5883 High Precision, yüksek performanslı FPV uçuşları için tasarlanmıştır. Pair of M10-5883 Modules varyantı ve 2x Complete Units donanımı ile Fleet Spare Pack güç sistemleriyle tam uyumludur. Orijinal üretici garantili.	https://pozitronmarket.com/products/matek-systems-m10-5883-high-precision-pair-of-m10-5883-modules-4	https://pozitronmarket.com/assets/products/PZTR-GPS-0004.jpg	in_stock	4025.74 TRY	Matek Systems	new	5433	no	TR:::Standart Kargo:0.00 TRY
PZTR-MOT-0026	BrotherHobby Avenger V3 2306.5 (1750KV)	Resmi BrotherHobby Avenger V3 2306.5, yüksek performanslı FPV uçuşları için tasarlanmıştır. 1750KV varyantı ve Titanium Black donanımı ile 6S güç sistemleriyle tam uyumludur. Orijinal üretici garantili.	https://pozitronmarket.com/products/brotherhobby-avenger-v3-2306-5-1750kv-26	https://pozitronmarket.com/assets/products/PZTR-MOT-0026.jpg	in_stock	1399.50 TRY	BrotherHobby	new	5433	no	TR:::Standart Kargo:99.00 TRY
PZTR-PRO-0027	Gemfan Flash 5152 (Crystal Blue (Set of 4))	Resmi Gemfan Flash 5152, yüksek performanslı FPV uçuşları için tasarlanmıştır. Crystal Blue (Set of 4) varyantı ve High Speed PC donanımı ile 5mm Shaft güç sistemleriyle tam uyumludur. Orijinal üretici garantili.	https://pozitronmarket.com/products/gemfan-flash-5152-crystal-blue-set-of-4-27	https://pozitronmarket.com/assets/products/PZTR-PRO-0027.jpg	in_stock	318.32 TRY	Gemfan	new	5433	no	TR:::Standart Kargo:99.00 TRY
PZTR-FRA-0003	iFlight Nazgul Evoque F5X V2 (With Full TPU GoPro Mount Kit)	Resmi iFlight Nazgul Evoque F5X V2, yüksek performanslı FPV uçuşları için tasarlanmıştır. With Full TPU GoPro Mount Kit varyantı ve Universal Action Cam TPU donanımı ile 3K Carbon Fiber güç sistemleriyle tam uyumludur. Orijinal üretici garantili.	https://pozitronmarket.com/products/iflight-nazgul-evoque-f5x-v2-with-full-tpu-gopro-mount-kit-3	https://pozitronmarket.com/assets/products/PZTR-FRA-0003.jpg	in_stock	4499.50 TRY	iFlight	new	5433	no	TR:::Standart Kargo:0.00 TRY
PZTR-PRO-0021	Gemfan Flash 7040 Tri-Blade (Clear Black (Set of 4))	Resmi Gemfan Flash 7040 Tri-Blade, yüksek performanslı FPV uçuşları için tasarlanmıştır. Clear Black (Set of 4) varyantı ve Glass Fiber Reinforced donanımı ile 5mm Shaft güç sistemleriyle tam uyumludur. Orijinal üretici garantili.	https://pozitronmarket.com/products/gemfan-flash-7040-tri-blade-clear-black-set-of-4-21	https://pozitronmarket.com/assets/products/PZTR-PRO-0021.jpg	in_stock	275.00 TRY	Gemfan	new	5433	no	TR:::Standart Kargo:99.00 TRY
PZTR-ANT-0008	TBS (Team BlackSheep) Triumph Pro 5.8G (RHCP U.FL Featherweight)	Resmi TBS (Team BlackSheep) Triumph Pro 5.8G, yüksek performanslı FPV uçuşları için tasarlanmıştır. RHCP U.FL Featherweight varyantı ve Micro Quad Direct Solder donanımı ile 5.8GHz Video güç sistemleriyle tam uyumludur. Orijinal üretici garantili.	https://pozitronmarket.com/products/tbs-team-blacksheep-triumph-pro-5-8g-rhcp-u-fl-featherweight-8	https://pozitronmarket.com/assets/products/PZTR-ANT-0008.jpg	in_stock	925.00 TRY	TBS (Team BlackSheep)	new	5433	no	TR:::Standart Kargo:99.00 TRY
PZTR-MOT-0037	Flywoo ROBO RB 1202.5 (11500KV)	Resmi Flywoo ROBO RB 1202.5, yüksek performanslı FPV uçuşları için tasarlanmıştır. 11500KV varyantı ve Gold/Purple donanımı ile 1S/2S güç sistemleriyle tam uyumludur. Orijinal üretici garantili.	https://pozitronmarket.com/products/flywoo-robo-rb-1202-5-11500kv-37	https://pozitronmarket.com/assets/products/PZTR-MOT-0037.jpg	in_stock	915.08 TRY	Flywoo	new	5433	no	TR:::Standart Kargo:99.00 TRY
PZTR-MOT-0032	GEPRC SPEEDX2 2107.5 (2450KV)	Resmi GEPRC SPEEDX2 2107.5, yüksek performanslı FPV uçuşları için tasarlanmıştır. 2450KV varyantı ve Space Grey donanımı ile 4S güç sistemleriyle tam uyumludur. Orijinal üretici garantili.	https://pozitronmarket.com/products/geprc-speedx2-2107-5-2450kv-32	https://pozitronmarket.com/assets/products/PZTR-MOT-0032.jpg	in_stock	14607.45 TRY	GEPRC	new	5433	no	TR:::Standart Kargo:0.00 TRY
PZTR-MOT-0044	AxisFlying C2807 Long Range (1300KV 4-Pack)	Resmi AxisFlying C2807 Long Range, yüksek performanslı FPV uçuşları için tasarlanmıştır. 1300KV 4-Pack varyantı ve Black (Set of 4) donanımı ile 6S güç sistemleriyle tam uyumludur. Orijinal üretici garantili.	https://pozitronmarket.com/products/axisflying-c2807-long-range-1300kv-4-pack-44	https://pozitronmarket.com/assets/products/PZTR-MOT-0044.jpg	in_stock	6100.00 TRY	AxisFlying	new	5433	no	TR:::Standart Kargo:0.00 TRY
PZTR-PRO-0045	HQProp 5x4.3x3 V1S (Reinforced Root)	Resmi HQProp 5x4.3x3 V1S, yüksek performanslı FPV uçuşları için tasarlanmıştır. Reinforced Root varyantı ve Durable Freestyle donanımı ile 5mm Shaft güç sistemleriyle tam uyumludur. Orijinal üretici garantili.	https://pozitronmarket.com/products/hqprop-5x4-3x3-v1s-reinforced-root-45	https://pozitronmarket.com/assets/products/PZTR-PRO-0045.jpg	in_stock	205.00 TRY	HQProp	new	5433	no	TR:::Standart Kargo:99.00 TRY
PZTR-GPS-0032	CUAV NEO 3 Pro GNSS (With Integrated RGB LED Status)	Resmi CUAV NEO 3 Pro GNSS, yüksek performanslı FPV uçuşları için tasarlanmıştır. With Integrated RGB LED Status varyantı ve Armed/GPS Lock Indicator donanımı ile CAN / UAVCAN Support güç sistemleriyle tam uyumludur. Orijinal üretici garantili.	https://pozitronmarket.com/products/cuav-neo-3-pro-gnss-with-integrated-rgb-led-status-32	https://pozitronmarket.com/assets/products/PZTR-GPS-0032.jpg	in_stock	4800.00 TRY	CUAV	new	5433	no	TR:::Standart Kargo:0.00 TRY
PZTR-ESC-0010	Foxeer Reaper F4 128K 65A (128K Pro Tuned)	Resmi Foxeer Reaper F4 128K 65A, yüksek performanslı FPV uçuşları için tasarlanmıştır. 128K Pro Tuned varyantı ve Freestyle Dynamic PWM donanımı ile 3-8S LiPo güç sistemleriyle tam uyumludur. Orijinal üretici garantili.	https://pozitronmarket.com/products/foxeer-reaper-f4-128k-65a-128k-pro-tuned-10	https://pozitronmarket.com/assets/products/PZTR-ESC-0010.jpg	in_stock	4125.00 TRY	Foxeer	new	5433	no	TR:::Standart Kargo:0.00 TRY
PZTR-CAM-0021	HDZero Nano 90 V2 Camera (Standard 14x14mm Nano)	Resmi HDZero Nano 90 V2 Camera, yüksek performanslı FPV uçuşları için tasarlanmıştır. Standard 14x14mm Nano varyantı ve 720p 90fps Uncompressed donanımı ile Zero Latency Digital güç sistemleriyle tam uyumludur. Orijinal üretici garantili.	https://pozitronmarket.com/products/hdzero-nano-90-v2-camera-standard-14x14mm-nano-21	https://pozitronmarket.com/assets/products/PZTR-CAM-0021.jpg	in_stock	3495.00 TRY	HDZero	new	5433	no	TR:::Standart Kargo:0.00 TRY
PZTR-CON-0028	Matek Systems FCHUB Power Hub (Heavy Carbon Mount Plate)	Resmi Matek Systems FCHUB Power Hub, yüksek performanslı FPV uçuşları için tasarlanmıştır. Heavy Carbon Mount Plate varyantı ve Vibration Isolated donanımı ile 3-8S LiPo güç sistemleriyle tam uyumludur. Orijinal üretici garantili.	https://pozitronmarket.com/products/matek-systems-fchub-power-hub-heavy-carbon-mount-plate-28	https://pozitronmarket.com/assets/products/PZTR-CON-0028.jpg	in_stock	1664.29 TRY	Matek Systems	new	5433	no	TR:::Standart Kargo:0.00 TRY
PZTR-VTX-0030	TBS (Team BlackSheep) Unify Pro32 Nano (Conformal Protective Dipped)	Resmi TBS (Team BlackSheep) Unify Pro32 Nano, yüksek performanslı FPV uçuşları için tasarlanmıştır. Conformal Protective Dipped varyantı ve Moisture Resistant donanımı ile 25-500mW Variable güç sistemleriyle tam uyumludur. Orijinal üretici garantili.	https://pozitronmarket.com/products/tbs-team-blacksheep-unify-pro32-nano-conformal-protective-dipped-30	https://pozitronmarket.com/assets/products/PZTR-VTX-0030.jpg	in_stock	1900.00 TRY	TBS (Team BlackSheep)	new	5433	no	TR:::Standart Kargo:0.00 TRY
PZTR-MOT-0025	EMAX ECO II 2207 (1900KV 4-Pack)	Resmi EMAX ECO II 2207, yüksek performanslı FPV uçuşları için tasarlanmıştır. 1900KV 4-Pack varyantı ve Anodized Black (Set of 4) donanımı ile 6S güç sistemleriyle tam uyumludur. Orijinal üretici garantili.	https://pozitronmarket.com/products/emax-eco-ii-2207-1900kv-4-pack-25	https://pozitronmarket.com/assets/products/PZTR-MOT-0025.jpg	in_stock	2995.00 TRY	EMAX	new	5433	no	TR:::Standart Kargo:0.00 TRY
PZTR-TOO-0035	Ethix Prop Tool Wrench (Heavy Duty Steel Socket Spec)	Resmi Ethix Prop Tool Wrench, yüksek performanslı FPV uçuşları için tasarlanmıştır. Heavy Duty Steel Socket Spec varyantı ve Wear Resistant Steel Head donanımı ile Long Life Durability güç sistemleriyle tam uyumludur. Orijinal üretici garantili.	https://pozitronmarket.com/products/ethix-prop-tool-wrench-heavy-duty-steel-socket-spec-35	https://pozitronmarket.com/assets/products/PZTR-TOO-0035.jpg	in_stock	575.00 TRY	Ethix	new	5433	no	TR:::Standart Kargo:99.00 TRY
PZTR-CAM-0026	RunCam Thumb Pro 4K V2 (Standard 16g Camera)	Resmi RunCam Thumb Pro 4K V2, yüksek performanslı FPV uçuşları için tasarlanmıştır. Standard 16g Camera varyantı ve Wide Angle 4K 30fps donanımı ile Gyroflow Logging güç sistemleriyle tam uyumludur. Orijinal üretici garantili.	https://pozitronmarket.com/products/runcam-thumb-pro-4k-v2-standard-16g-camera-26	https://pozitronmarket.com/assets/products/PZTR-CAM-0026.jpg	in_stock	4450.00 TRY	RunCam	new	5433	no	TR:::Standart Kargo:0.00 TRY
PZTR-BAT-0018	ISDT K4 Smart Dual Charger (With Dual Balance Cables)	Resmi ISDT K4 Smart Dual Charger, yüksek performanslı FPV uçuşları için tasarlanmıştır. With Dual Balance Cables varyantı ve Heavy Duty Silicone donanımı ile High Amp Balancing güç sistemleriyle tam uyumludur. Orijinal üretici garantili.	https://pozitronmarket.com/products/isdt-k4-smart-dual-charger-with-dual-balance-cables-18	https://pozitronmarket.com/assets/products/PZTR-BAT-0018.jpg	in_stock	7800.00 TRY	ISDT	new	5433	no	TR:::Standart Kargo:0.00 TRY
PZTR-CON-0003	Matek Systems Micro BEC 6-60V (12V Output 3A)	Resmi Matek Systems Micro BEC 6-60V, yüksek performanslı FPV uçuşları için tasarlanmıştır. 12V Output 3A varyantı ve Digital HD Optimized donanımı ile 14V-60V In güç sistemleriyle tam uyumludur. Orijinal üretici garantili.	https://pozitronmarket.com/products/matek-systems-micro-bec-6-60v-12v-output-3a-3	https://pozitronmarket.com/assets/products/PZTR-CON-0003.jpg	in_stock	675.54 TRY	Matek Systems	new	5433	no	TR:::Standart Kargo:99.00 TRY
PZTR-CAM-0023	HDZero Nano 90 V2 Camera (With MIPI Cable 150mm)	Resmi HDZero Nano 90 V2 Camera, yüksek performanslı FPV uçuşları için tasarlanmıştır. With MIPI Cable 150mm varyantı ve Standard Freestyle Cable donanımı ile Zero Latency Digital güç sistemleriyle tam uyumludur. Orijinal üretici garantili.	https://pozitronmarket.com/products/hdzero-nano-90-v2-camera-with-mipi-cable-150mm-23	https://pozitronmarket.com/assets/products/PZTR-CAM-0023.jpg	in_stock	3675.00 TRY	HDZero	new	5433	no	TR:::Standart Kargo:0.00 TRY
PZTR-CON-0023	RadioMaster ERS-CU01 Current Sensor (XT90 Heavy Payload Spec)	Resmi RadioMaster ERS-CU01 Current Sensor, yüksek performanslı FPV uçuşları için tasarlanmıştır. XT90 Heavy Payload Spec varyantı ve XT90 High Amp donanımı ile 6-12S LiPo güç sistemleriyle tam uyumludur. Orijinal üretici garantili.	https://pozitronmarket.com/products/radiomaster-ers-cu01-current-sensor-xt90-heavy-payload-spec-23	https://pozitronmarket.com/assets/products/PZTR-CON-0023.jpg	in_stock	995.00 TRY	RadioMaster	new	5433	no	TR:::Standart Kargo:99.00 TRY
PZTR-TXR-0009	RadioMaster Boxer EdgeTX (Max Edition AG01 Gimbals)	Resmi RadioMaster Boxer EdgeTX, yüksek performanslı FPV uçuşları için tasarlanmıştır. Max Edition AG01 Gimbals varyantı ve CNC Metal Hall Sensor donanımı ile EdgeTX Firmware güç sistemleriyle tam uyumludur. Orijinal üretici garantili.	https://pozitronmarket.com/products/radiomaster-boxer-edgetx-max-edition-ag01-gimbals-9	https://pozitronmarket.com/assets/products/PZTR-TXR-0009.jpg	in_stock	9999.50 TRY	RadioMaster	new	5433	no	TR:::Standart Kargo:0.00 TRY
PZTR-MOT-0041	AxisFlying C2807 Long Range (1300KV)	Resmi AxisFlying C2807 Long Range, yüksek performanslı FPV uçuşları için tasarlanmıştır. 1300KV varyantı ve Black donanımı ile 6S güç sistemleriyle tam uyumludur. Orijinal üretici garantili.	https://pozitronmarket.com/products/axisflying-c2807-long-range-1300kv-41	https://pozitronmarket.com/assets/products/PZTR-MOT-0041.jpg	in_stock	1595.00 TRY	AxisFlying	new	5433	no	TR:::Standart Kargo:0.00 TRY
PZTR-MOT-0053	GEPRC GR1404 Toothpick (4500KV)	Resmi GEPRC GR1404 Toothpick, yüksek performanslı FPV uçuşları için tasarlanmıştır. 4500KV varyantı ve Black donanımı ile 2S/3S güç sistemleriyle tam uyumludur. Orijinal üretici garantili.	https://pozitronmarket.com/products/geprc-gr1404-toothpick-4500kv-53	https://pozitronmarket.com/assets/products/PZTR-MOT-0053.jpg	in_stock	1444.85 TRY	GEPRC	new	5433	no	TR:::Standart Kargo:99.00 TRY
PZTR-BAT-0034	Tattu FunFly 1300mAh 6S (Pack of 4 Packs (6S))	Resmi Tattu FunFly 1300mAh 6S, yüksek performanslı FPV uçuşları için tasarlanmıştır. Pack of 4 Packs (6S) varyantı ve Fleet Session Pack donanımı ile 22.2V / XT60 güç sistemleriyle tam uyumludur. Orijinal üretici garantili.	https://pozitronmarket.com/products/tattu-funfly-1300mah-6s-pack-of-4-packs-6s-34	https://pozitronmarket.com/assets/products/PZTR-BAT-0034.jpg	in_stock	4950.00 TRY	Tattu	new	5433	no	TR:::Standart Kargo:0.00 TRY
PZTR-FLI-0040	GEPRC GEP-F722-HD FC (Crash Resilient Coated)	Resmi GEPRC GEP-F722-HD FC, yüksek performanslı FPV uçuşları için tasarlanmıştır. Crash Resilient Coated varyantı ve Conformal Silicone Coat donanımı ile Betaflight 4.5 güç sistemleriyle tam uyumludur. Orijinal üretici garantili.	https://pozitronmarket.com/products/geprc-gep-f722-hd-fc-crash-resilient-coated-40	https://pozitronmarket.com/assets/products/PZTR-FLI-0040.jpg	in_stock	5543.06 TRY	GEPRC	new	5433	no	TR:::Standart Kargo:0.00 TRY
PZTR-VTX-0025	Walksnail Avatar GT 2W Module (Dual TrueRC Antenna Bundle)	Resmi Walksnail Avatar GT 2W Module, yüksek performanslı FPV uçuşları için tasarlanmıştır. Dual TrueRC Antenna Bundle varyantı ve Includes Singularity RHCP donanımı ile 1080P/120fps Digital güç sistemleriyle tam uyumludur. Orijinal üretici garantili.	https://pozitronmarket.com/products/walksnail-avatar-gt-2w-module-dual-truerc-antenna-bundle-25	https://pozitronmarket.com/assets/products/PZTR-VTX-0025.jpg	in_stock	6950.00 TRY	Walksnail	new	5433	no	TR:::Standart Kargo:0.00 TRY
PZTR-CON-0005	Matek Systems Micro BEC 6-60V (Dual BEC Combo Pack)	Resmi Matek Systems Micro BEC 6-60V, yüksek performanslı FPV uçuşları için tasarlanmıştır. Dual BEC Combo Pack varyantı ve Includes 2 Modules donanımı ile 6V-60V In güç sistemleriyle tam uyumludur. Orijinal üretici garantili.	https://pozitronmarket.com/products/matek-systems-micro-bec-6-60v-dual-bec-combo-pack-5	https://pozitronmarket.com/assets/products/PZTR-CON-0005.jpg	in_stock	825.00 TRY	Matek Systems	new	5433	no	TR:::Standart Kargo:99.00 TRY
PZTR-FRA-0013	TBS (Team BlackSheep) Source One V5 (With 3D Printed TPU Pack)	Resmi TBS (Team BlackSheep) Source One V5, yüksek performanslı FPV uçuşları için tasarlanmıştır. With 3D Printed TPU Pack varyantı ve Skids, Cam Mount, Antennas donanımı ile Custom Colors güç sistemleriyle tam uyumludur. Orijinal üretici garantili.	https://pozitronmarket.com/products/tbs-team-blacksheep-source-one-v5-with-3d-printed-tpu-pack-13	https://pozitronmarket.com/assets/products/PZTR-FRA-0013.jpg	in_stock	2100.00 TRY	TBS (Team BlackSheep)	new	5433	no	TR:::Standart Kargo:0.00 TRY
PZTR-FLI-0014	Matek Systems H743-WING V3 (H743-SLIM Multirotor)	Resmi Matek Systems H743-WING V3, yüksek performanslı FPV uçuşları için tasarlanmıştır. H743-SLIM Multirotor varyantı ve Standard 30x30 Multi Quad donanımı ile ArduCopter / INAV güç sistemleriyle tam uyumludur. Orijinal üretici garantili.	https://pozitronmarket.com/products/matek-systems-h743-wing-v3-h743-slim-multirotor-14	https://pozitronmarket.com/assets/products/PZTR-FLI-0014.jpg	in_stock	4700.00 TRY	Matek Systems	new	5433	no	TR:::Standart Kargo:0.00 TRY
PZTR-CON-0002	Matek Systems Micro BEC 6-60V (9V Output 3A (VTX Spec))	Resmi Matek Systems Micro BEC 6-60V, yüksek performanslı FPV uçuşları için tasarlanmıştır. 9V Output 3A (VTX Spec) varyantı ve Clean Video Filtered donanımı ile 6V-60V In güç sistemleriyle tam uyumludur. Orijinal üretici garantili.	https://pozitronmarket.com/products/matek-systems-micro-bec-6-60v-9v-output-3a-vtx-spec-2	https://pozitronmarket.com/assets/products/PZTR-CON-0002.jpg	in_stock	460.00 TRY	Matek Systems	new	5433	no	TR:::Standart Kargo:99.00 TRY
PZTR-FLI-0011	Matek Systems H743-WING V3 (Standard Wing Base)	Resmi Matek Systems H743-WING V3, yüksek performanslı FPV uçuşları için tasarlanmıştır. Standard Wing Base varyantı ve Dual Gyro + Dual Baro donanımı ile ArduPilot / INAV güç sistemleriyle tam uyumludur. Orijinal üretici garantili.	https://pozitronmarket.com/products/matek-systems-h743-wing-v3-standard-wing-base-11	https://pozitronmarket.com/assets/products/PZTR-FLI-0011.jpg	in_stock	4900.00 TRY	Matek Systems	new	5433	no	TR:::Standart Kargo:0.00 TRY
PZTR-VTX-0004	TBS (Team BlackSheep) Unify Pro32 HV (Bulletproof Long Range)	Resmi TBS (Team BlackSheep) Unify Pro32 HV, yüksek performanslı FPV uçuşları için tasarlanmıştır. Bulletproof Long Range varyantı ve Filtered Clean Rail donanımı ile SmartAudio 2.1 güç sistemleriyle tam uyumludur. Orijinal üretici garantili.	https://pozitronmarket.com/products/tbs-team-blacksheep-unify-pro32-hv-bulletproof-long-range-4	https://pozitronmarket.com/assets/products/PZTR-VTX-0004.jpg	in_stock	2675.00 TRY	TBS (Team BlackSheep)	new	5433	no	TR:::Standart Kargo:0.00 TRY
PZTR-CAM-0012	Caddx Ratel 2 Micro (Red 2.1mm Lens)	"Resmi Caddx Ratel 2 Micro, yüksek performanslı FPV uçuşları için tasarlanmıştır. Red 2.1mm Lens varyantı ve 1/1.8"" Starlight HDR donanımı ile Day/Night Auto güç sistemleriyle tam uyumludur. Orijinal üretici garantili."	https://pozitronmarket.com/products/caddx-ratel-2-micro-red-2-1mm-lens-12	https://pozitronmarket.com/assets/products/PZTR-CAM-0012.jpg	in_stock	1499.50 TRY	Caddx	new	5433	no	TR:::Standart Kargo:99.00 TRY
PZTR-MOT-0015	iFlight XING2 2207 (2755KV 4-Pack)	Resmi iFlight XING2 2207, yüksek performanslı FPV uçuşları için tasarlanmıştır. 2755KV 4-Pack varyantı ve Titanium Grey (Set of 4) donanımı ile 4S güç sistemleriyle tam uyumludur. Orijinal üretici garantili.	https://pozitronmarket.com/products/iflight-xing2-2207-2755kv-4-pack-15	https://pozitronmarket.com/assets/products/PZTR-MOT-0015.jpg	in_stock	4700.00 TRY	iFlight	new	5433	no	TR:::Standart Kargo:0.00 TRY
PZTR-CAM-0003	DJI O3 Air Unit Digital HD (Replacement Camera Module)	"Resmi DJI O3 Air Unit Digital HD, yüksek performanslı FPV uçuşları için tasarlanmıştır. Replacement Camera Module varyantı ve Spare Camera Only donanımı ile 1/1.7"" 4K Sensor güç sistemleriyle tam uyumludur. Orijinal üretici garantili."	https://pozitronmarket.com/products/dji-o3-air-unit-digital-hd-replacement-camera-module-3	https://pozitronmarket.com/assets/products/PZTR-CAM-0003.jpg	in_stock	7669.97 TRY	DJI	new	5433	no	TR:::Standart Kargo:0.00 TRY
PZTR-VTX-0034	AKK FX2 Ultimate 1200mW (Thermal Aluminum Armor)	Resmi AKK FX2 Ultimate 1200mW, yüksek performanslı FPV uçuşları için tasarlanmıştır. Thermal Aluminum Armor varyantı ve Continuous 1200mW donanımı ile SmartAudio 2.0 güç sistemleriyle tam uyumludur. Orijinal üretici garantili.	https://pozitronmarket.com/products/akk-fx2-ultimate-1200mw-thermal-aluminum-armor-34	https://pozitronmarket.com/assets/products/PZTR-VTX-0034.jpg	in_stock	1650.00 TRY	AKK	new	5433	no	TR:::Standart Kargo:0.00 TRY
PZTR-ANT-0022	VAS (Video Aerial Systems) Ion Pro 5.8GHz (LHCP SMA Standard)	Resmi VAS (Video Aerial Systems) Ion Pro 5.8GHz, yüksek performanslı FPV uçuşları için tasarlanmıştır. LHCP SMA Standard varyantı ve Walksnail & HDZero Ready donanımı ile 5.8GHz Video güç sistemleriyle tam uyumludur. Orijinal üretici garantili.	https://pozitronmarket.com/products/vas-video-aerial-systems-ion-pro-5-8ghz-lhcp-sma-standard-22	https://pozitronmarket.com/assets/products/PZTR-ANT-0022.jpg	in_stock	1050.00 TRY	VAS (Video Aerial Systems)	new	5433	no	TR:::Standart Kargo:99.00 TRY
PZTR-VTX-0012	RushFPV Rush Tank II Ultimate 1W (Stack Mount 30.5x30.5mm)	Resmi RushFPV Rush Tank II Ultimate 1W, yüksek performanslı FPV uçuşları için tasarlanmıştır. Stack Mount 30.5x30.5mm varyantı ve Includes Stacking Plate donanımı ile SmartAudio / Tramp güç sistemleriyle tam uyumludur. Orijinal üretici garantili.	https://pozitronmarket.com/products/rushfpv-rush-tank-ii-ultimate-1w-stack-mount-30-5x30-5mm-12	https://pozitronmarket.com/assets/products/PZTR-VTX-0012.jpg	in_stock	2375.00 TRY	RushFPV	new	5433	no	TR:::Standart Kargo:0.00 TRY
PZTR-TOO-0014	Sequre Titanium Hex Screwdriver Set (Replacement Titanium Tips (4 Pcs))	Resmi Sequre Titanium Hex Screwdriver Set, yüksek performanslı FPV uçuşları için tasarlanmıştır. Replacement Titanium Tips (4 Pcs) varyantı ve Hardened Replacement Blades donanımı ile High Wear Resistant güç sistemleriyle tam uyumludur. Orijinal üretici garantili.	https://pozitronmarket.com/products/sequre-titanium-hex-screwdriver-set-replacement-titanium-tips-4-pcs-14	https://pozitronmarket.com/assets/products/PZTR-TOO-0014.jpg	in_stock	725.00 TRY	Sequre	new	5433	no	TR:::Standart Kargo:99.00 TRY
PZTR-FRA-0030	Flywoo Explorer LR 4 V2 (Explorer Long Range Bag Bundle)	Resmi Flywoo Explorer LR 4 V2, yüksek performanslı FPV uçuşları için tasarlanmıştır. Explorer Long Range Bag Bundle varyantı ve Waterproof Drone Sleeve donanımı ile All-In-One güç sistemleriyle tam uyumludur. Orijinal üretici garantili.	https://pozitronmarket.com/products/flywoo-explorer-lr-4-v2-explorer-long-range-bag-bundle-30	https://pozitronmarket.com/assets/products/PZTR-FRA-0030.jpg	in_stock	2650.00 TRY	Flywoo	new	5433	no	TR:::Standart Kargo:0.00 TRY
PZTR-MOT-0045	AxisFlying C2807 Long Range (1500KV 4-Pack)	Resmi AxisFlying C2807 Long Range, yüksek performanslı FPV uçuşları için tasarlanmıştır. 1500KV 4-Pack varyantı ve Black (Set of 4) donanımı ile 6S güç sistemleriyle tam uyumludur. Orijinal üretici garantili.	https://pozitronmarket.com/products/axisflying-c2807-long-range-1500kv-4-pack-45	https://pozitronmarket.com/assets/products/PZTR-MOT-0045.jpg	in_stock	6100.00 TRY	AxisFlying	new	5433	no	TR:::Standart Kargo:0.00 TRY
PZTR-GPS-0013	Matek Systems MicoAir MTF-01 Optical Flow (With Under-Frame Carbon Mount)	Resmi Matek Systems MicoAir MTF-01 Optical Flow, yüksek performanslı FPV uçuşları için tasarlanmıştır. With Under-Frame Carbon Mount varyantı ve Down-Facing Sensor Bracket donanımı ile Durable Mount güç sistemleriyle tam uyumludur. Orijinal üretici garantili.	https://pozitronmarket.com/products/matek-systems-micoair-mtf-01-optical-flow-with-under-frame-carbon-mount-13	https://pozitronmarket.com/assets/products/PZTR-GPS-0013.jpg	in_stock	2150.00 TRY	Matek Systems	new	5433	no	TR:::Standart Kargo:0.00 TRY
PZTR-CON-0034	Holybro PM02 V3 Power Module (Digital I2C Interface)	Resmi Holybro PM02 V3 Power Module, yüksek performanslı FPV uçuşları için tasarlanmıştır. Digital I2C Interface varyantı ve High Precision Telemetry donanımı ile 2-12S LiPo güç sistemleriyle tam uyumludur. Orijinal üretici garantili.	https://pozitronmarket.com/products/holybro-pm02-v3-power-module-digital-i2c-interface-34	https://pozitronmarket.com/assets/products/PZTR-CON-0034.jpg	in_stock	1400.00 TRY	Holybro	new	5433	no	TR:::Standart Kargo:99.00 TRY
PZTR-BAT-0004	Tattu R-Line V5.0 1400mAh (Pack of 2 Batteries)	Resmi Tattu R-Line V5.0 1400mAh, yüksek performanslı FPV uçuşları için tasarlanmıştır. Pack of 2 Batteries varyantı ve Dual 6S 1400mAh Packs donanımı ile 22.2V / XT60 güç sistemleriyle tam uyumludur. Orijinal üretici garantili.	https://pozitronmarket.com/products/tattu-r-line-v5-0-1400mah-pack-of-2-batteries-4	https://pozitronmarket.com/assets/products/PZTR-BAT-0004.jpg	in_stock	3700.00 TRY	Tattu	new	5433	no	TR:::Standart Kargo:0.00 TRY
PZTR-PRO-0040	Gemfan Micro 31mm 4-Blade (Pusher Tri-Blade 31mm)	Resmi Gemfan Micro 31mm 4-Blade, yüksek performanslı FPV uçuşları için tasarlanmıştır. Pusher Tri-Blade 31mm varyantı ve Inverted Flight Edition donanımı ile 1.0mm Shaft güç sistemleriyle tam uyumludur. Orijinal üretici garantili.	https://pozitronmarket.com/products/gemfan-micro-31mm-4-blade-pusher-tri-blade-31mm-40	https://pozitronmarket.com/assets/products/PZTR-PRO-0040.jpg	in_stock	155.00 TRY	Gemfan	new	5433	no	TR:::Standart Kargo:99.00 TRY
PZTR-CAM-0017	Foxeer Predator 5 Nano (Blue 1.7mm Lens)	Resmi Foxeer Predator 5 Nano, yüksek performanslı FPV uçuşları için tasarlanmıştır. Blue 1.7mm Lens varyantı ve 14x14mm Nano Size donanımı ile 4ms Ultra Low Latency güç sistemleriyle tam uyumludur. Orijinal üretici garantili.	https://pozitronmarket.com/products/foxeer-predator-5-nano-blue-1-7mm-lens-17	https://pozitronmarket.com/assets/products/PZTR-CAM-0017.jpg	in_stock	1625.00 TRY	Foxeer	new	5433	no	TR:::Standart Kargo:0.00 TRY
PZTR-TOO-0018	Kester 60/40 Rosin Core Solder Wire (Pocket Tube Dispenser (20g))	Resmi Kester 60/40 Rosin Core Solder Wire, yüksek performanslı FPV uçuşları için tasarlanmıştır. Pocket Tube Dispenser (20g) varyantı ve Field Bag Portable Pen donanımı ile Easy Feed Tube güç sistemleriyle tam uyumludur. Orijinal üretici garantili.	https://pozitronmarket.com/products/kester-60-40-rosin-core-solder-wire-pocket-tube-dispenser-20g-18	https://pozitronmarket.com/assets/products/PZTR-TOO-0018.jpg	in_stock	325.00 TRY	Kester	new	5433	no	TR:::Standart Kargo:99.00 TRY
PZTR-ANT-0026	RushFPV Cherry 5.8GHz (RHCP SMA (2-Pack))	Resmi RushFPV Cherry 5.8GHz, yüksek performanslı FPV uçuşları için tasarlanmıştır. RHCP SMA (2-Pack) varyantı ve Flexible Semi-Rigid Cable donanımı ile 5.8GHz Video güç sistemleriyle tam uyumludur. Orijinal üretici garantili.	https://pozitronmarket.com/products/rushfpv-cherry-5-8ghz-rhcp-sma-2-pack-26	https://pozitronmarket.com/assets/products/PZTR-ANT-0026.jpg	in_stock	925.00 TRY	RushFPV	new	5433	no	TR:::Standart Kargo:99.00 TRY
PZTR-FLI-0003	SpeedyBee F405 V4 Master FC (F405 V4 Mini 20x20mm)	Resmi SpeedyBee F405 V4 Master FC, yüksek performanslı FPV uçuşları için tasarlanmıştır. F405 V4 Mini 20x20mm varyantı ve Compact Mini Size donanımı ile Betaflight / INAV güç sistemleriyle tam uyumludur. Orijinal üretici garantili.	https://pozitronmarket.com/products/speedybee-f405-v4-master-fc-f405-v4-mini-20x20mm-3	https://pozitronmarket.com/assets/products/PZTR-FLI-0003.jpg	in_stock	1975.00 TRY	SpeedyBee	new	5433	no	TR:::Standart Kargo:0.00 TRY
PZTR-PRO-0046	Gemfan Moonlight LED 51466 (White LED (Set of 4))	Resmi Gemfan Moonlight LED 51466, yüksek performanslı FPV uçuşları için tasarlanmıştır. White LED (Set of 4) varyantı ve Built-in Batteries donanımı ile 5mm Shaft güç sistemleriyle tam uyumludur. Orijinal üretici garantili.	https://pozitronmarket.com/products/gemfan-moonlight-led-51466-white-led-set-of-4-46	https://pozitronmarket.com/assets/products/PZTR-PRO-0046.jpg	in_stock	659.58 TRY	Gemfan	new	5433	no	TR:::Standart Kargo:99.00 TRY
PZTR-GPS-0003	Matek Systems M10-5883 High Precision (Pre-Crimped SH1.0 6-Pin Lead)	Resmi Matek Systems M10-5883 High Precision, yüksek performanslı FPV uçuşları için tasarlanmıştır. Pre-Crimped SH1.0 6-Pin Lead varyantı ve Betaflight / INAV Plug donanımı ile Ready to Connect güç sistemleriyle tam uyumludur. Orijinal üretici garantili.	https://pozitronmarket.com/products/matek-systems-m10-5883-high-precision-pre-crimped-sh1-0-6-pin-lead-3	https://pozitronmarket.com/assets/products/PZTR-GPS-0003.jpg	in_stock	1500.00 TRY	Matek Systems	new	5433	no	TR:::Standart Kargo:0.00 TRY
PZTR-CAM-0018	Foxeer Predator 5 Nano (Micro 19x19mm Adapter Kit)	Resmi Foxeer Predator 5 Nano, yüksek performanslı FPV uçuşları için tasarlanmıştır. Micro 19x19mm Adapter Kit varyantı ve Includes Metal Bracket donanımı ile 4ms Latency güç sistemleriyle tam uyumludur. Orijinal üretici garantili.	https://pozitronmarket.com/products/foxeer-predator-5-nano-micro-19x19mm-adapter-kit-18	https://pozitronmarket.com/assets/products/PZTR-CAM-0018.jpg	in_stock	1700.00 TRY	Foxeer	new	5433	no	TR:::Standart Kargo:0.00 TRY
PZTR-FRA-0001	iFlight Nazgul Evoque F5X V2 (True-X Geometry (O3 Ready))	Resmi iFlight Nazgul Evoque F5X V2, yüksek performanslı FPV uçuşları için tasarlanmıştır. True-X Geometry (O3 Ready) varyantı ve LED Illuminated Panels donanımı ile 3K Carbon Fiber 6mm Arms güç sistemleriyle tam uyumludur. Orijinal üretici garantili.	https://pozitronmarket.com/products/iflight-nazgul-evoque-f5x-v2-true-x-geometry-o3-ready-1	https://pozitronmarket.com/assets/products/PZTR-FRA-0001.jpg	in_stock	3999.50 TRY	iFlight	new	5433	no	TR:::Standart Kargo:0.00 TRY
PZTR-TXR-0035	RadioMaster RP2 SMD Antenna RX (Heatshrink Protected)	Resmi RadioMaster RP2 SMD Antenna RX, yüksek performanslı FPV uçuşları için tasarlanmıştır. Heatshrink Protected varyantı ve Clear Insulation Wrap donanımı ile ELRS 2.4GHz güç sistemleriyle tam uyumludur. Orijinal üretici garantili.	https://pozitronmarket.com/products/radiomaster-rp2-smd-antenna-rx-heatshrink-protected-35	https://pozitronmarket.com/assets/products/PZTR-TXR-0035.jpg	in_stock	850.00 TRY	RadioMaster	new	5433	no	TR:::Standart Kargo:99.00 TRY
PZTR-FRA-0026	Flywoo Explorer LR 4 V2 (Standard 4-Inch Deadcat)	Resmi Flywoo Explorer LR 4 V2, yüksek performanslı FPV uçuşları için tasarlanmıştır. Standard 4-Inch Deadcat varyantı ve Sub-250g Ultralight 41g donanımı ile 3K High Tensile Carbon güç sistemleriyle tam uyumludur. Orijinal üretici garantili.	https://pozitronmarket.com/products/flywoo-explorer-lr-4-v2-standard-4-inch-deadcat-26	https://pozitronmarket.com/assets/products/PZTR-FRA-0026.jpg	in_stock	3754.48 TRY	Flywoo	new	5433	no	TR:::Standart Kargo:0.00 TRY
PZTR-TXR-0025	TBS (Team BlackSheep) Crossfire Nano RX Pro (With Soft Silicone Mount Tray)	Resmi TBS (Team BlackSheep) Crossfire Nano RX Pro, yüksek performanslı FPV uçuşları için tasarlanmıştır. With Soft Silicone Mount Tray varyantı ve Vibration Damped donanımı ile Crossfire 868/915MHz güç sistemleriyle tam uyumludur. Orijinal üretici garantili.	https://pozitronmarket.com/products/tbs-team-blacksheep-crossfire-nano-rx-pro-with-soft-silicone-mount-tray-25	https://pozitronmarket.com/assets/products/PZTR-TXR-0025.jpg	in_stock	2150.00 TRY	TBS (Team BlackSheep)	new	5433	no	TR:::Standart Kargo:0.00 TRY
PZTR-MOT-0054	GEPRC GR1404 Toothpick (2750KV 4-Pack)	Resmi GEPRC GR1404 Toothpick, yüksek performanslı FPV uçuşları için tasarlanmıştır. 2750KV 4-Pack varyantı ve Black (Set of 4) donanımı ile 4S güç sistemleriyle tam uyumludur. Orijinal üretici garantili.	https://pozitronmarket.com/products/geprc-gr1404-toothpick-2750kv-4-pack-54	https://pozitronmarket.com/assets/products/PZTR-MOT-0054.jpg	in_stock	10883.36 TRY	GEPRC	new	5433	no	TR:::Standart Kargo:0.00 TRY
PZTR-VTX-0022	Walksnail Avatar GT 2W Module (With 32GB MicroSD Slot)	Resmi Walksnail Avatar GT 2W Module, yüksek performanslı FPV uçuşları için tasarlanmıştır. With 32GB MicroSD Slot varyantı ve On-board HD Recording donanımı ile 1080P/120fps Digital güç sistemleriyle tam uyumludur. Orijinal üretici garantili.	https://pozitronmarket.com/products/walksnail-avatar-gt-2w-module-with-32gb-microsd-slot-22	https://pozitronmarket.com/assets/products/PZTR-VTX-0022.jpg	in_stock	6450.00 TRY	Walksnail	new	5433	no	TR:::Standart Kargo:0.00 TRY
PZTR-BAT-0003	Tattu R-Line V5.0 1400mAh (4S 1400mAh 150C (XT60))	Resmi Tattu R-Line V5.0 1400mAh, yüksek performanslı FPV uçuşları için tasarlanmıştır. 4S 1400mAh 150C (XT60) varyantı ve High Voltage 4S Basher donanımı ile 14.8V / XT60 güç sistemleriyle tam uyumludur. Orijinal üretici garantili.	https://pozitronmarket.com/products/tattu-r-line-v5-0-1400mah-4s-1400mah-150c-xt60-3	https://pozitronmarket.com/assets/products/PZTR-BAT-0003.jpg	in_stock	1425.00 TRY	Tattu	new	5433	no	TR:::Standart Kargo:99.00 TRY
PZTR-FLI-0024	BetaFPV F722 AIO 40A Toothpick (Plug & Play HD VTX Connector)	Resmi BetaFPV F722 AIO 40A Toothpick, yüksek performanslı FPV uçuşları için tasarlanmıştır. Plug & Play HD VTX Connector varyantı ve DJI O3 Direct Cable donanımı ile 2-6S LiPo güç sistemleriyle tam uyumludur. Orijinal üretici garantili.	https://pozitronmarket.com/products/betafpv-f722-aio-40a-toothpick-plug-play-hd-vtx-connector-24	https://pozitronmarket.com/assets/products/PZTR-FLI-0024.jpg	in_stock	4250.00 TRY	BetaFPV	new	5433	no	TR:::Standart Kargo:0.00 TRY
PZTR-PRO-0035	Master Airscrew 1045 Foldable Carbon (Industrial Spare Blades)	Resmi Master Airscrew 1045 Foldable Carbon, yüksek performanslı FPV uçuşları için tasarlanmıştır. Industrial Spare Blades varyantı ve 4 Replacement Blades donanımı ile Direct Mount güç sistemleriyle tam uyumludur. Orijinal üretici garantili.	https://pozitronmarket.com/products/master-airscrew-1045-foldable-carbon-industrial-spare-blades-35	https://pozitronmarket.com/assets/products/PZTR-PRO-0035.jpg	in_stock	600.00 TRY	Master Airscrew	new	5433	no	TR:::Standart Kargo:99.00 TRY
PZTR-VTX-0002	TBS (Team BlackSheep) Unify Pro32 HV (SMA Pigtail Connector)	Resmi TBS (Team BlackSheep) Unify Pro32 HV, yüksek performanslı FPV uçuşları için tasarlanmıştır. SMA Pigtail Connector varyantı ve Direct Frame Mount donanımı ile SmartAudio 2.1 güç sistemleriyle tam uyumludur. Orijinal üretici garantili.	https://pozitronmarket.com/products/tbs-team-blacksheep-unify-pro32-hv-sma-pigtail-connector-2	https://pozitronmarket.com/assets/products/PZTR-VTX-0002.jpg	in_stock	2600.00 TRY	TBS (Team BlackSheep)	new	5433	no	TR:::Standart Kargo:0.00 TRY
PZTR-FRA-0033	BetaFPV Pavo20 Pro Whoop (With Pre-Bent Antenna Mount)	Resmi BetaFPV Pavo20 Pro Whoop, yüksek performanslı FPV uçuşları için tasarlanmıştır. With Pre-Bent Antenna Mount varyantı ve Optimal Signal Angle donanımı ile DJI O3 Compatible güç sistemleriyle tam uyumludur. Orijinal üretici garantili.	https://pozitronmarket.com/products/betafpv-pavo20-pro-whoop-with-pre-bent-antenna-mount-33	https://pozitronmarket.com/assets/products/PZTR-FRA-0033.jpg	in_stock	1575.00 TRY	BetaFPV	new	5433	no	TR:::Standart Kargo:0.00 TRY
PZTR-TXR-0012	RadioMaster Pocket EdgeTX (ELRS 2.4GHz / Transparent)	Resmi RadioMaster Pocket EdgeTX, yüksek performanslı FPV uçuşları için tasarlanmıştır. ELRS 2.4GHz / Transparent varyantı ve Frosted Clear Case donanımı ile EdgeTX Portable güç sistemleriyle tam uyumludur. Orijinal üretici garantili.	https://pozitronmarket.com/products/radiomaster-pocket-edgetx-elrs-2-4ghz-transparent-12	https://pozitronmarket.com/assets/products/PZTR-TXR-0012.jpg	in_stock	4952.13 TRY	RadioMaster	new	5433	no	TR:::Standart Kargo:0.00 TRY
PZTR-FRA-0023	BetaFPV Pavo25 V2 Cinewhoop (Fluorescent Yellow Ducts)	Resmi BetaFPV Pavo25 V2 Cinewhoop, yüksek performanslı FPV uçuşları için tasarlanmıştır. Fluorescent Yellow Ducts varyantı ve High Visibility Ducts donanımı ile Pusher Configuration güç sistemleriyle tam uyumludur. Orijinal üretici garantili.	https://pozitronmarket.com/products/betafpv-pavo25-v2-cinewhoop-fluorescent-yellow-ducts-23	https://pozitronmarket.com/assets/products/PZTR-FRA-0023.jpg	in_stock	2773.11 TRY	BetaFPV	new	5433	no	TR:::Standart Kargo:0.00 TRY
PZTR-FRA-0014	TBS (Team BlackSheep) Source One V5 (Pack of 4 Replacement Arms)	Resmi TBS (Team BlackSheep) Source One V5, yüksek performanslı FPV uçuşları için tasarlanmıştır. Pack of 4 Replacement Arms varyantı ve 5mm Carbon Fiber Arms donanımı ile Crash Replacement güç sistemleriyle tam uyumludur. Orijinal üretici garantili.	https://pozitronmarket.com/products/tbs-team-blacksheep-source-one-v5-pack-of-4-replacement-arms-14	https://pozitronmarket.com/assets/products/PZTR-FRA-0014.jpg	in_stock	1230.70 TRY	TBS (Team BlackSheep)	new	5433	no	TR:::Standart Kargo:99.00 TRY
PZTR-PRO-0018	Gemfan Cinewhoop D90S (Whisper Neon Yellow)	Resmi Gemfan Cinewhoop D90S, yüksek performanslı FPV uçuşları için tasarlanmıştır. Whisper Neon Yellow varyantı ve Low Noise Ducted donanımı ile 5mm Adapter güç sistemleriyle tam uyumludur. Orijinal üretici garantili.	https://pozitronmarket.com/products/gemfan-cinewhoop-d90s-whisper-neon-yellow-18	https://pozitronmarket.com/assets/products/PZTR-PRO-0018.jpg	in_stock	205.00 TRY	Gemfan	new	5433	no	TR:::Standart Kargo:99.00 TRY
PZTR-TXR-0001	RadioMaster TX16S MKII MAX (ELRS 2.4GHz / Carbon Face)	Resmi RadioMaster TX16S MKII MAX, yüksek performanslı FPV uçuşları için tasarlanmıştır. ELRS 2.4GHz / Carbon Face varyantı ve AG01 CNC Hall Gimbals donanımı ile EdgeTX / Touchscreen güç sistemleriyle tam uyumludur. Orijinal üretici garantili.	https://pozitronmarket.com/products/radiomaster-tx16s-mkii-max-elrs-2-4ghz-carbon-face-1	https://pozitronmarket.com/assets/products/PZTR-TXR-0001.jpg	in_stock	12499.50 TRY	RadioMaster	new	5433	no	TR:::Standart Kargo:0.00 TRY
PZTR-TXR-0027	BetaFPV SuperD ELRS 2.4G (SuperD 915MHz Edition)	Resmi BetaFPV SuperD ELRS 2.4G, yüksek performanslı FPV uçuşları için tasarlanmıştır. SuperD 915MHz Edition varyantı ve Sub-GHz Long Range donanımı ile ExpressLRS 3.0 güç sistemleriyle tam uyumludur. Orijinal üretici garantili.	https://pozitronmarket.com/products/betafpv-superd-elrs-2-4g-superd-915mhz-edition-27	https://pozitronmarket.com/assets/products/PZTR-TXR-0027.jpg	in_stock	1325.00 TRY	BetaFPV	new	5433	no	TR:::Standart Kargo:99.00 TRY
PZTR-ANT-0033	Lumenier AXII 2 5.8GHz (Right-Angle SMA LHCP)	Resmi Lumenier AXII 2 5.8GHz, yüksek performanslı FPV uçuşları için tasarlanmıştır. Right-Angle SMA LHCP varyantı ve DJI Goggles Direct Fit donanımı ile 5.8GHz Video güç sistemleriyle tam uyumludur. Orijinal üretici garantili.	https://pozitronmarket.com/products/lumenier-axii-2-5-8ghz-right-angle-sma-lhcp-33	https://pozitronmarket.com/assets/products/PZTR-ANT-0033.jpg	in_stock	1175.00 TRY	Lumenier	new	5433	no	TR:::Standart Kargo:99.00 TRY
PZTR-VTX-0031	AKK FX2 Ultimate 1200mW (MMCX Standard 1.2W)	Resmi AKK FX2 Ultimate 1200mW, yüksek performanslı FPV uçuşları için tasarlanmıştır. MMCX Standard 1.2W varyantı ve 30.5x30.5mm Stack Mount donanımı ile SmartAudio 2.0 güç sistemleriyle tam uyumludur. Orijinal üretici garantili.	https://pozitronmarket.com/products/akk-fx2-ultimate-1200mw-mmcx-standard-1-2w-31	https://pozitronmarket.com/assets/products/PZTR-VTX-0031.jpg	in_stock	1425.00 TRY	AKK	new	5433	no	TR:::Standart Kargo:99.00 TRY
PZTR-CON-0015	iFlight LC Filter 3A 5-36V (Ultra Micro 1.5A Filter)	Resmi iFlight LC Filter 3A 5-36V, yüksek performanslı FPV uçuşları için tasarlanmıştır. Ultra Micro 1.5A Filter varyantı ve For Toothpick / Whoop donanımı ile 1-4S LiPo güç sistemleriyle tam uyumludur. Orijinal üretici garantili.	https://pozitronmarket.com/products/iflight-lc-filter-3a-5-36v-ultra-micro-1-5a-filter-15	https://pozitronmarket.com/assets/products/PZTR-CON-0015.jpg	in_stock	439.36 TRY	iFlight	new	5433	no	TR:::Standart Kargo:99.00 TRY
PZTR-GPS-0022	Flywoo GOKU GM10 Nano GPS (With Compass GM10-QMC)	Resmi Flywoo GOKU GM10 Nano GPS, yüksek performanslı FPV uçuşları için tasarlanmıştır. With Compass GM10-QMC varyantı ve Nano GPS + Electronic Compass donanımı ile Dual Function 3.2g güç sistemleriyle tam uyumludur. Orijinal üretici garantili.	https://pozitronmarket.com/products/flywoo-goku-gm10-nano-gps-with-compass-gm10-qmc-22	https://pozitronmarket.com/assets/products/PZTR-GPS-0022.jpg	in_stock	1225.00 TRY	Flywoo	new	5433	no	TR:::Standart Kargo:99.00 TRY
PZTR-MOT-0014	iFlight XING2 2207 (1855KV 4-Pack)	Resmi iFlight XING2 2207, yüksek performanslı FPV uçuşları için tasarlanmıştır. 1855KV 4-Pack varyantı ve Titanium Grey (Set of 4) donanımı ile 6S güç sistemleriyle tam uyumludur. Orijinal üretici garantili.	https://pozitronmarket.com/products/iflight-xing2-2207-1855kv-4-pack-14	https://pozitronmarket.com/assets/products/PZTR-MOT-0014.jpg	in_stock	4700.00 TRY	iFlight	new	5433	no	TR:::Standart Kargo:0.00 TRY
PZTR-ESC-0037	TBS (Team BlackSheep) PowerCube 60A (60A Extreme Temperature)	Resmi TBS (Team BlackSheep) PowerCube 60A, yüksek performanslı FPV uçuşları için tasarlanmıştır. 60A Extreme Temperature varyantı ve Industrial PCB Coating donanımı ile 3-8S LiPo güç sistemleriyle tam uyumludur. Orijinal üretici garantili.	https://pozitronmarket.com/products/tbs-team-blacksheep-powercube-60a-60a-extreme-temperature-37	https://pozitronmarket.com/assets/products/PZTR-ESC-0037.jpg	in_stock	4800.00 TRY	TBS (Team BlackSheep)	new	5433	no	TR:::Standart Kargo:0.00 TRY
PZTR-BAT-0021	ISDT 608AC Pocket Charger (Complete Modular Set)	Resmi ISDT 608AC Pocket Charger, yüksek performanslı FPV uçuşları için tasarlanmıştır. Complete Modular Set varyantı ve Detachable 50W AC Unit donanımı ile AC 50W / DC 200W güç sistemleriyle tam uyumludur. Orijinal üretici garantili.	https://pozitronmarket.com/products/isdt-608ac-pocket-charger-complete-modular-set-21	https://pozitronmarket.com/assets/products/PZTR-BAT-0021.jpg	in_stock	2999.50 TRY	ISDT	new	5433	no	TR:::Standart Kargo:0.00 TRY
PZTR-CON-0022	RadioMaster ERS-CU01 Current Sensor (XT60 In-Line Module)	Resmi RadioMaster ERS-CU01 Current Sensor, yüksek performanslı FPV uçuşları için tasarlanmıştır. XT60 In-Line Module varyantı ve Plug & Play XT60 donanımı ile 2-6S LiPo güç sistemleriyle tam uyumludur. Orijinal üretici garantili.	https://pozitronmarket.com/products/radiomaster-ers-cu01-current-sensor-xt60-in-line-module-22	https://pozitronmarket.com/assets/products/PZTR-CON-0022.jpg	in_stock	875.00 TRY	RadioMaster	new	5433	no	TR:::Standart Kargo:99.00 TRY
PZTR-CON-0006	Matek Systems FCHUB 12S V2 PDB (Dual 5V & 10V BEC)	Resmi Matek Systems FCHUB 12S V2 PDB, yüksek performanslı FPV uçuşları için tasarlanmıştır. Dual 5V & 10V BEC varyantı ve Heavy 4-Layer Copper donanımı ile 3-12S LiPo güç sistemleriyle tam uyumludur. Orijinal üretici garantili.	https://pozitronmarket.com/products/matek-systems-fchub-12s-v2-pdb-dual-5v-10v-bec-6	https://pozitronmarket.com/assets/products/PZTR-CON-0006.jpg	in_stock	725.00 TRY	Matek Systems	new	5433	no	TR:::Standart Kargo:99.00 TRY
PZTR-TOO-0039	Sequre SQ-001 Soldering Iron (With 3 Interchangeable Tips)	Resmi Sequre SQ-001 Soldering Iron, yüksek performanslı FPV uçuşları için tasarlanmıştır. With 3 Interchangeable Tips varyantı ve Includes B2, BC2, and K Tips donanımı ile Multi-Application güç sistemleriyle tam uyumludur. Orijinal üretici garantili.	https://pozitronmarket.com/products/sequre-sq-001-soldering-iron-with-3-interchangeable-tips-39	https://pozitronmarket.com/assets/products/PZTR-TOO-0039.jpg	in_stock	3400.00 TRY	Sequre	new	5433	no	TR:::Standart Kargo:0.00 TRY
PZTR-MOT-0029	BrotherHobby Avenger V3 2306.5 (2000KV)	Resmi BrotherHobby Avenger V3 2306.5, yüksek performanslı FPV uçuşları için tasarlanmıştır. 2000KV varyantı ve Cyberpunk Edition donanımı ile 6S güç sistemleriyle tam uyumludur. Orijinal üretici garantili.	https://pozitronmarket.com/products/brotherhobby-avenger-v3-2306-5-2000kv-29	https://pozitronmarket.com/assets/products/PZTR-MOT-0029.jpg	in_stock	1449.50 TRY	BrotherHobby	new	5433	no	TR:::Standart Kargo:99.00 TRY
PZTR-BAT-0005	Tattu R-Line V5.0 1400mAh (Pack of 4 Batteries)	Resmi Tattu R-Line V5.0 1400mAh, yüksek performanslı FPV uçuşları için tasarlanmıştır. Pack of 4 Batteries varyantı ve Quad Race Day Bundle donanımı ile 22.2V / XT60 güç sistemleriyle tam uyumludur. Orijinal üretici garantili.	https://pozitronmarket.com/products/tattu-r-line-v5-0-1400mah-pack-of-4-batteries-5	https://pozitronmarket.com/assets/products/PZTR-BAT-0005.jpg	in_stock	7100.00 TRY	Tattu	new	5433	no	TR:::Standart Kargo:0.00 TRY
PZTR-BAT-0027	ToolkitRC M6D Dual Smart Charger (With 400W GaN Power Supply)	Resmi ToolkitRC M6D Dual Smart Charger, yüksek performanslı FPV uçuşları için tasarlanmıştır. With 400W GaN Power Supply varyantı ve Complete Bench Setup donanımı ile AC to DC 400W güç sistemleriyle tam uyumludur. Orijinal üretici garantili.	https://pozitronmarket.com/products/toolkitrc-m6d-dual-smart-charger-with-400w-gan-power-supply-27	https://pozitronmarket.com/assets/products/PZTR-BAT-0027.jpg	in_stock	4950.00 TRY	ToolkitRC	new	5433	no	TR:::Standart Kargo:0.00 TRY
PZTR-GPS-0010	Beitian Micro M8N GPS (Twin Pack M8N Fleet Kit)	Resmi Beitian Micro M8N GPS, yüksek performanslı FPV uçuşları için tasarlanmıştır. Twin Pack M8N Fleet Kit varyantı ve Includes 2 Modules donanımı ile High Value güç sistemleriyle tam uyumludur. Orijinal üretici garantili.	https://pozitronmarket.com/products/beitian-micro-m8n-gps-twin-pack-m8n-fleet-kit-10	https://pozitronmarket.com/assets/products/PZTR-GPS-0010.jpg	in_stock	1550.00 TRY	Beitian	new	5433	no	TR:::Standart Kargo:0.00 TRY
PZTR-CON-0032	Holybro PM02 V3 Power Module (XT90 High Amp)	Resmi Holybro PM02 V3 Power Module, yüksek performanslı FPV uçuşları için tasarlanmıştır. XT90 High Amp varyantı ve 120A Continuous donanımı ile 2-12S LiPo güç sistemleriyle tam uyumludur. Orijinal üretici garantili.	https://pozitronmarket.com/products/holybro-pm02-v3-power-module-xt90-high-amp-32	https://pozitronmarket.com/assets/products/PZTR-CON-0032.jpg	in_stock	1375.00 TRY	Holybro	new	5433	no	TR:::Standart Kargo:99.00 TRY
PZTR-TXR-0018	RadioMaster RP1 ExpressLRS RX (TCXO Temperature Compensated)	Resmi RadioMaster RP1 ExpressLRS RX, yüksek performanslı FPV uçuşları için tasarlanmıştır. TCXO Temperature Compensated varyantı ve Zero Frequency Drift donanımı ile ELRS 2.4GHz / SX1280 güç sistemleriyle tam uyumludur. Orijinal üretici garantili.	https://pozitronmarket.com/products/radiomaster-rp1-expresslrs-rx-tcxo-temperature-compensated-18	https://pozitronmarket.com/assets/products/PZTR-TXR-0018.jpg	in_stock	995.00 TRY	RadioMaster	new	5433	no	TR:::Standart Kargo:99.00 TRY
PZTR-MOT-0030	BrotherHobby Avenger V3 2306.5 (1750KV 4-Pack)	Resmi BrotherHobby Avenger V3 2306.5, yüksek performanslı FPV uçuşları için tasarlanmıştır. 1750KV 4-Pack varyantı ve Titanium Black (Set of 4) donanımı ile 6S güç sistemleriyle tam uyumludur. Orijinal üretici garantili.	https://pozitronmarket.com/products/brotherhobby-avenger-v3-2306-5-1750kv-4-pack-30	https://pozitronmarket.com/assets/products/PZTR-MOT-0030.jpg	in_stock	5400.00 TRY	BrotherHobby	new	5433	no	TR:::Standart Kargo:0.00 TRY
PZTR-ESC-0029	Hobbywing XRotor Micro 60A (60A Filtered BEC)	Resmi Hobbywing XRotor Micro 60A, yüksek performanslı FPV uçuşları için tasarlanmıştır. 60A Filtered BEC varyantı ve Includes 5V/12V Filter donanımı ile 3-6S LiPo güç sistemleriyle tam uyumludur. Orijinal üretici garantili.	https://pozitronmarket.com/products/hobbywing-xrotor-micro-60a-60a-filtered-bec-29	https://pozitronmarket.com/assets/products/PZTR-ESC-0029.jpg	in_stock	5844.48 TRY	Hobbywing	new	5433	no	TR:::Standart Kargo:0.00 TRY
PZTR-GPS-0031	CUAV NEO 3 Pro GNSS (Standard Metal Enclosure)	Resmi CUAV NEO 3 Pro GNSS, yüksek performanslı FPV uçuşları için tasarlanmıştır. Standard Metal Enclosure varyantı ve u-blox M9N Multi-GNSS donanımı ile Centimeter Level Base güç sistemleriyle tam uyumludur. Orijinal üretici garantili.	https://pozitronmarket.com/products/cuav-neo-3-pro-gnss-standard-metal-enclosure-31	https://pozitronmarket.com/assets/products/PZTR-GPS-0031.jpg	in_stock	4450.00 TRY	CUAV	new	5433	no	TR:::Standart Kargo:0.00 TRY
PZTR-ESC-0042	Spedix IS45 Single Arm ESC (Set of 4 Units)	Resmi Spedix IS45 Single Arm ESC, yüksek performanslı FPV uçuşları için tasarlanmıştır. Set of 4 Units varyantı ve Complete Quad Set donanımı ile 3-6S LiPo güç sistemleriyle tam uyumludur. Orijinal üretici garantili.	https://pozitronmarket.com/products/spedix-is45-single-arm-esc-set-of-4-units-42	https://pozitronmarket.com/assets/products/PZTR-ESC-0042.jpg	in_stock	2995.00 TRY	Spedix	new	5433	no	TR:::Standart Kargo:0.00 TRY
PZTR-TXR-0032	RadioMaster RP2 SMD Antenna RX (TCXO Stable Clock Spec)	Resmi RadioMaster RP2 SMD Antenna RX, yüksek performanslı FPV uçuşları için tasarlanmıştır. TCXO Stable Clock Spec varyantı ve Frequency Lock Tested donanımı ile ELRS 2.4GHz güç sistemleriyle tam uyumludur. Orijinal üretici garantili.	https://pozitronmarket.com/products/radiomaster-rp2-smd-antenna-rx-tcxo-stable-clock-spec-32	https://pozitronmarket.com/assets/products/PZTR-TXR-0032.jpg	in_stock	900.00 TRY	RadioMaster	new	5433	no	TR:::Standart Kargo:99.00 TRY
PZTR-CAM-0014	Caddx Ratel 2 Micro (With OSD Control Board)	Resmi Caddx Ratel 2 Micro, yüksek performanslı FPV uçuşları için tasarlanmıştır. With OSD Control Board varyantı ve Menu Tuning Joystick donanımı ile Day/Night Auto güç sistemleriyle tam uyumludur. Orijinal üretici garantili.	https://pozitronmarket.com/products/caddx-ratel-2-micro-with-osd-control-board-14	https://pozitronmarket.com/assets/products/PZTR-CAM-0014.jpg	in_stock	2890.55 TRY	Caddx	new	5433	no	TR:::Standart Kargo:0.00 TRY
PZTR-FLI-0023	BetaFPV F722 AIO 40A Toothpick (Ultralight 35A Whoop Spec)	Resmi BetaFPV F722 AIO 40A Toothpick, yüksek performanslı FPV uçuşları için tasarlanmıştır. Ultralight 35A Whoop Spec varyantı ve Sub-250g Build Spec donanımı ile 2-4S LiPo güç sistemleriyle tam uyumludur. Orijinal üretici garantili.	https://pozitronmarket.com/products/betafpv-f722-aio-40a-toothpick-ultralight-35a-whoop-spec-23	https://pozitronmarket.com/assets/products/PZTR-FLI-0023.jpg	in_stock	3700.00 TRY	BetaFPV	new	5433	no	TR:::Standart Kargo:0.00 TRY
PZTR-FLI-0035	iFlight Blitz F7 Pro FC (Freestyle Soft Mount Kit)	Resmi iFlight Blitz F7 Pro FC, yüksek performanslı FPV uçuşları için tasarlanmıştır. Freestyle Soft Mount Kit varyantı ve CNC Machined Spacers donanımı ile Betaflight 4.5 güç sistemleriyle tam uyumludur. Orijinal üretici garantili.	https://pozitronmarket.com/products/iflight-blitz-f7-pro-fc-freestyle-soft-mount-kit-35	https://pozitronmarket.com/assets/products/PZTR-FLI-0035.jpg	in_stock	3300.00 TRY	iFlight	new	5433	no	TR:::Standart Kargo:0.00 TRY
PZTR-CAM-0001	DJI O3 Air Unit Digital HD (Standard Complete Unit)	"Resmi DJI O3 Air Unit Digital HD, yüksek performanslı FPV uçuşları için tasarlanmıştır. Standard Complete Unit varyantı ve Camera + VTX + Antenna donanımı ile 1/1.7"" 4K Sensor güç sistemleriyle tam uyumludur. Orijinal üretici garantili."	https://pozitronmarket.com/products/dji-o3-air-unit-digital-hd-standard-complete-unit-1	https://pozitronmarket.com/assets/products/PZTR-CAM-0001.jpg	in_stock	11450.00 TRY	DJI	new	5433	no	TR:::Standart Kargo:0.00 TRY
PZTR-GPS-0034	CUAV NEO 3 Pro GNSS (Dual I2C Triple Compass)	Resmi CUAV NEO 3 Pro GNSS, yüksek performanslı FPV uçuşları için tasarlanmıştır. Dual I2C Triple Compass varyantı ve Triple Sensor Redundancy donanımı ile ArduPilot / PX4 güç sistemleriyle tam uyumludur. Orijinal üretici garantili.	https://pozitronmarket.com/products/cuav-neo-3-pro-gnss-dual-i2c-triple-compass-34	https://pozitronmarket.com/assets/products/PZTR-GPS-0034.jpg	in_stock	5400.00 TRY	CUAV	new	5433	no	TR:::Standart Kargo:0.00 TRY
PZTR-ESC-0021	Flywoo GOKU G45M 45A AIO (45A Standard)	Resmi Flywoo GOKU G45M 45A AIO, yüksek performanslı FPV uçuşları için tasarlanmıştır. 45A Standard varyantı ve 20x20mm Mounting donanımı ile 2-6S LiPo güç sistemleriyle tam uyumludur. Orijinal üretici garantili.	https://pozitronmarket.com/products/flywoo-goku-g45m-45a-aio-45a-standard-21	https://pozitronmarket.com/assets/products/PZTR-ESC-0021.jpg	in_stock	2300.00 TRY	Flywoo	new	5433	no	TR:::Standart Kargo:0.00 TRY
PZTR-TOO-0016	Kester 60/40 Rosin Core Solder Wire (50g Spool (0.8mm Diameter))	Resmi Kester 60/40 Rosin Core Solder Wire, yüksek performanslı FPV uçuşları için tasarlanmıştır. 50g Spool (0.8mm Diameter) varyantı ve Sn60/Pb40 Rosin Core Flux donanımı ile Shiny Solder Joints güç sistemleriyle tam uyumludur. Orijinal üretici garantili.	https://pozitronmarket.com/products/kester-60-40-rosin-core-solder-wire-50g-spool-0-8mm-diameter-16	https://pozitronmarket.com/assets/products/PZTR-TOO-0016.jpg	in_stock	625.00 TRY	Kester	new	5433	no	TR:::Standart Kargo:99.00 TRY
PZTR-ANT-0021	VAS (Video Aerial Systems) Ion Pro 5.8GHz (RHCP SMA Standard)	Resmi VAS (Video Aerial Systems) Ion Pro 5.8GHz, yüksek performanslı FPV uçuşları için tasarlanmıştır. RHCP SMA Standard varyantı ve True 360-Degree Spherical Beam donanımı ile 5.8GHz Video güç sistemleriyle tam uyumludur. Orijinal üretici garantili.	https://pozitronmarket.com/products/vas-video-aerial-systems-ion-pro-5-8ghz-rhcp-sma-standard-21	https://pozitronmarket.com/assets/products/PZTR-ANT-0021.jpg	in_stock	1050.00 TRY	VAS (Video Aerial Systems)	new	5433	no	TR:::Standart Kargo:99.00 TRY
PZTR-PRO-0010	HQProp Ethix S3 Watermelon (Team Edition Pack)	Resmi HQProp Ethix S3 Watermelon, yüksek performanslı FPV uçuşları için tasarlanmıştır. Team Edition Pack varyantı ve Includes Ethix Decals donanımı ile 5mm Shaft güç sistemleriyle tam uyumludur. Orijinal üretici garantili.	https://pozitronmarket.com/products/hqprop-ethix-s3-watermelon-team-edition-pack-10	https://pozitronmarket.com/assets/products/PZTR-PRO-0010.jpg	in_stock	260.00 TRY	HQProp	new	5433	no	TR:::Standart Kargo:99.00 TRY
PZTR-BAT-0035	Tattu FunFly 1300mAh 6S (With Battery Armor Strap)	Resmi Tattu FunFly 1300mAh 6S, yüksek performanslı FPV uçuşları için tasarlanmıştır. With Battery Armor Strap varyantı ve Includes Kevlar Straps donanımı ile 22.2V / XT60 güç sistemleriyle tam uyumludur. Orijinal üretici garantili.	https://pozitronmarket.com/products/tattu-funfly-1300mah-6s-with-battery-armor-strap-35	https://pozitronmarket.com/assets/products/PZTR-BAT-0035.jpg	in_stock	1495.00 TRY	Tattu	new	5433	no	TR:::Standart Kargo:99.00 TRY
PZTR-TOO-0023	RDQ M2 & M3 Hardware Standoff Kit (Grade 12.9 High Tensile M3 Screws)	Resmi RDQ M2 & M3 Hardware Standoff Kit, yüksek performanslı FPV uçuşları için tasarlanmıştır. Grade 12.9 High Tensile M3 Screws varyantı ve Motor & Frame Screws (100 Pcs) donanımı ile Ultra High Strength güç sistemleriyle tam uyumludur. Orijinal üretici garantili.	https://pozitronmarket.com/products/rdq-m2-m3-hardware-standoff-kit-grade-12-9-high-tensile-m3-screws-23	https://pozitronmarket.com/assets/products/PZTR-TOO-0023.jpg	in_stock	595.00 TRY	RDQ	new	5433	no	TR:::Standart Kargo:99.00 TRY
PZTR-ANT-0019	MenaceRC Matchstick Carbon (Pack of 2 Units (RHCP))	Resmi MenaceRC Matchstick Carbon, yüksek performanslı FPV uçuşları için tasarlanmıştır. Pack of 2 Units (RHCP) varyantı ve Includes 2 Antennas donanımı ile 5.8GHz Freestyle güç sistemleriyle tam uyumludur. Orijinal üretici garantili.	https://pozitronmarket.com/products/menacerc-matchstick-carbon-pack-of-2-units-rhcp-19	https://pozitronmarket.com/assets/products/PZTR-ANT-0019.jpg	in_stock	1550.00 TRY	MenaceRC	new	5433	no	TR:::Standart Kargo:0.00 TRY
PZTR-CON-0024	RadioMaster ERS-CU01 Current Sensor (High Resolution 0.1A)	Resmi RadioMaster ERS-CU01 Current Sensor, yüksek performanslı FPV uçuşları için tasarlanmıştır. High Resolution 0.1A varyantı ve Precision Shunt donanımı ile 2-8S LiPo güç sistemleriyle tam uyumludur. Orijinal üretici garantili.	https://pozitronmarket.com/products/radiomaster-ers-cu01-current-sensor-high-resolution-0-1a-24	https://pozitronmarket.com/assets/products/PZTR-CON-0024.jpg	in_stock	800.00 TRY	RadioMaster	new	5433	no	TR:::Standart Kargo:99.00 TRY
PZTR-TXR-0024	TBS (Team BlackSheep) Crossfire Nano RX Pro (Twin Pack Crossfire Nano)	Resmi TBS (Team BlackSheep) Crossfire Nano RX Pro, yüksek performanslı FPV uçuşları için tasarlanmıştır. Twin Pack Crossfire Nano varyantı ve Includes 2 Complete Units donanımı ile Crossfire 868/915MHz güç sistemleriyle tam uyumludur. Orijinal üretici garantili.	https://pozitronmarket.com/products/tbs-team-blacksheep-crossfire-nano-rx-pro-twin-pack-crossfire-nano-24	https://pozitronmarket.com/assets/products/PZTR-TXR-0024.jpg	in_stock	3745.00 TRY	TBS (Team BlackSheep)	new	5433	no	TR:::Standart Kargo:0.00 TRY
PZTR-ESC-0027	Hobbywing XRotor Micro 60A (45A Micro)	Resmi Hobbywing XRotor Micro 60A, yüksek performanslı FPV uçuşları için tasarlanmıştır. 45A Micro varyantı ve 20x20mm donanımı ile 3-6S LiPo güç sistemleriyle tam uyumludur. Orijinal üretici garantili.	https://pozitronmarket.com/products/hobbywing-xrotor-micro-60a-45a-micro-27	https://pozitronmarket.com/assets/products/PZTR-ESC-0027.jpg	in_stock	2900.00 TRY	Hobbywing	new	5433	no	TR:::Standart Kargo:0.00 TRY
PZTR-TOO-0028	Vifly Finder 2 Autonomous Buzzer (Finder Beacon Daylight Sensor)	Resmi Vifly Finder 2 Autonomous Buzzer, yüksek performanslı FPV uçuşları için tasarlanmıştır. Finder Beacon Daylight Sensor varyantı ve Automatic Day/Night Sensor donanımı ile Power Save Mode güç sistemleriyle tam uyumludur. Orijinal üretici garantili.	https://pozitronmarket.com/products/vifly-finder-2-autonomous-buzzer-finder-beacon-daylight-sensor-28	https://pozitronmarket.com/assets/products/PZTR-TOO-0028.jpg	in_stock	775.00 TRY	Vifly	new	5433	no	TR:::Standart Kargo:99.00 TRY
PZTR-PRO-0026	Gemfan Flash 5152 (Crystal Red (Set of 4))	Resmi Gemfan Flash 5152, yüksek performanslı FPV uçuşları için tasarlanmıştır. Crystal Red (Set of 4) varyantı ve High Speed PC donanımı ile 5mm Shaft güç sistemleriyle tam uyumludur. Orijinal üretici garantili.	https://pozitronmarket.com/products/gemfan-flash-5152-crystal-red-set-of-4-26	https://pozitronmarket.com/assets/products/PZTR-PRO-0026.jpg	in_stock	195.00 TRY	Gemfan	new	5433	no	TR:::Standart Kargo:99.00 TRY
PZTR-CON-0008	Matek Systems FCHUB 12S V2 PDB (With 184A Shunt Sensor)	Resmi Matek Systems FCHUB 12S V2 PDB, yüksek performanslı FPV uçuşları için tasarlanmıştır. With 184A Shunt Sensor varyantı ve Current Telemetry donanımı ile 3-12S LiPo güç sistemleriyle tam uyumludur. Orijinal üretici garantili.	https://pozitronmarket.com/products/matek-systems-fchub-12s-v2-pdb-with-184a-shunt-sensor-8	https://pozitronmarket.com/assets/products/PZTR-CON-0008.jpg	in_stock	875.00 TRY	Matek Systems	new	5433	no	TR:::Standart Kargo:99.00 TRY
PZTR-TOO-0010	Vifly ShortSaver 2 Smart Smoke Stopper (Heavy Duty 2A High Cutoff)	Resmi Vifly ShortSaver 2 Smart Smoke Stopper, yüksek performanslı FPV uçuşları için tasarlanmıştır. Heavy Duty 2A High Cutoff varyantı ve Industrial Drone Initial Test donanımı ile XT90 Adapter Ready güç sistemleriyle tam uyumludur. Orijinal üretici garantili.	https://pozitronmarket.com/products/vifly-shortsaver-2-smart-smoke-stopper-heavy-duty-2a-high-cutoff-10	https://pozitronmarket.com/assets/products/PZTR-TOO-0010.jpg	in_stock	1468.06 TRY	Vifly	new	5433	no	TR:::Standart Kargo:99.00 TRY
PZTR-CON-0013	iFlight LC Filter 3A 5-36V (Direct VTX In-Line Plug)	Resmi iFlight LC Filter 3A 5-36V, yüksek performanslı FPV uçuşları için tasarlanmıştır. Direct VTX In-Line Plug varyantı ve Pre-Crimped JST donanımı ile 2-6S LiPo güç sistemleriyle tam uyumludur. Orijinal üretici garantili.	https://pozitronmarket.com/products/iflight-lc-filter-3a-5-36v-direct-vtx-in-line-plug-13	https://pozitronmarket.com/assets/products/PZTR-CON-0013.jpg	in_stock	512.49 TRY	iFlight	new	5433	no	TR:::Standart Kargo:99.00 TRY
PZTR-FLI-0026	Happymodel Crazybee G473 AIO (Standard 1-2S Tiny Whoop)	Resmi Happymodel Crazybee G473 AIO, yüksek performanslı FPV uçuşları için tasarlanmıştır. Standard 1-2S Tiny Whoop varyantı ve G473 Math Accelerator donanımı ile 1-2S LiPo güç sistemleriyle tam uyumludur. Orijinal üretici garantili.	https://pozitronmarket.com/products/happymodel-crazybee-g473-aio-standard-1-2s-tiny-whoop-26	https://pozitronmarket.com/assets/products/PZTR-FLI-0026.jpg	in_stock	2450.00 TRY	Happymodel	new	5433	no	TR:::Standart Kargo:0.00 TRY
PZTR-MOT-0039	Flywoo ROBO RB 1202.5 (6000KV 4-Pack)	Resmi Flywoo ROBO RB 1202.5, yüksek performanslı FPV uçuşları için tasarlanmıştır. 6000KV 4-Pack varyantı ve Gold/Purple (Set of 4) donanımı ile 2S/3S güç sistemleriyle tam uyumludur. Orijinal üretici garantili.	https://pozitronmarket.com/products/flywoo-robo-rb-1202-5-6000kv-4-pack-39	https://pozitronmarket.com/assets/products/PZTR-MOT-0039.jpg	in_stock	2450.00 TRY	Flywoo	new	5433	no	TR:::Standart Kargo:0.00 TRY
PZTR-MOT-0027	BrotherHobby Avenger V3 2306.5 (1950KV)	Resmi BrotherHobby Avenger V3 2306.5, yüksek performanslı FPV uçuşları için tasarlanmıştır. 1950KV varyantı ve Titanium Black donanımı ile 6S güç sistemleriyle tam uyumludur. Orijinal üretici garantili.	https://pozitronmarket.com/products/brotherhobby-avenger-v3-2306-5-1950kv-27	https://pozitronmarket.com/assets/products/PZTR-MOT-0027.jpg	in_stock	1399.50 TRY	BrotherHobby	new	5433	no	TR:::Standart Kargo:99.00 TRY
PZTR-MOT-0043	AxisFlying C2807 Long Range (1700KV)	Resmi AxisFlying C2807 Long Range, yüksek performanslı FPV uçuşları için tasarlanmıştır. 1700KV varyantı ve Black donanımı ile 5S/6S güç sistemleriyle tam uyumludur. Orijinal üretici garantili.	https://pozitronmarket.com/products/axisflying-c2807-long-range-1700kv-43	https://pozitronmarket.com/assets/products/PZTR-MOT-0043.jpg	in_stock	11955.84 TRY	AxisFlying	new	5433	no	TR:::Standart Kargo:0.00 TRY
PZTR-ANT-0013	TrueRC Singularity 5.8G Patch (With 45-Degree SMA Adapter)	Resmi TrueRC Singularity 5.8G Patch, yüksek performanslı FPV uçuşları için tasarlanmıştır. With 45-Degree SMA Adapter varyantı ve Angle Tuned for Head Position donanımı ile Goggle Mount güç sistemleriyle tam uyumludur. Orijinal üretici garantili.	https://pozitronmarket.com/products/truerc-singularity-5-8g-patch-with-45-degree-sma-adapter-13	https://pozitronmarket.com/assets/products/PZTR-ANT-0013.jpg	in_stock	1775.00 TRY	TrueRC	new	5433	no	TR:::Standart Kargo:0.00 TRY
PZTR-ANT-0001	Foxeer Lollipop 4 Plus (RHCP SMA (2-Pack))	Resmi Foxeer Lollipop 4 Plus, yüksek performanslı FPV uçuşları için tasarlanmıştır. RHCP SMA (2-Pack) varyantı ve 2.6dBi High Efficiency donanımı ile 5.8GHz Omnidirectional güç sistemleriyle tam uyumludur. Orijinal üretici garantili.	https://pozitronmarket.com/products/foxeer-lollipop-4-plus-rhcp-sma-2-pack-1	https://pozitronmarket.com/assets/products/PZTR-ANT-0001.jpg	in_stock	995.00 TRY	Foxeer	new	5433	no	TR:::Standart Kargo:99.00 TRY
PZTR-MOT-0017	iFlight XING-E Pro 2207 (2450KV)	Resmi iFlight XING-E Pro 2207, yüksek performanslı FPV uçuşları için tasarlanmıştır. 2450KV varyantı ve Black/Red donanımı ile 4S güç sistemleriyle tam uyumludur. Orijinal üretici garantili.	https://pozitronmarket.com/products/iflight-xing-e-pro-2207-2450kv-17	https://pozitronmarket.com/assets/products/PZTR-MOT-0017.jpg	in_stock	1631.59 TRY	iFlight	new	5433	no	TR:::Standart Kargo:0.00 TRY
PZTR-TXR-0037	TBS (Team BlackSheep) Tracer Nano RX (With Extended Cable Dipoles)	Resmi TBS (Team BlackSheep) Tracer Nano RX, yüksek performanslı FPV uçuşları için tasarlanmıştır. With Extended Cable Dipoles varyantı ve Wing & Plane Integration donanımı ile TBS Tracer Protocol güç sistemleriyle tam uyumludur. Orijinal üretici garantili.	https://pozitronmarket.com/products/tbs-team-blacksheep-tracer-nano-rx-with-extended-cable-dipoles-37	https://pozitronmarket.com/assets/products/PZTR-TXR-0037.jpg	in_stock	1825.00 TRY	TBS (Team BlackSheep)	new	5433	no	TR:::Standart Kargo:0.00 TRY
PZTR-ESC-0006	Foxeer Reaper F4 128K 65A (30.5x30.5mm 65A)	Resmi Foxeer Reaper F4 128K 65A, yüksek performanslı FPV uçuşları için tasarlanmıştır. 30.5x30.5mm 65A varyantı ve Standard 30x30 donanımı ile 3-8S LiPo güç sistemleriyle tam uyumludur. Orijinal üretici garantili.	https://pozitronmarket.com/products/foxeer-reaper-f4-128k-65a-30-5x30-5mm-65a-6	https://pozitronmarket.com/assets/products/PZTR-ESC-0006.jpg	in_stock	3999.50 TRY	Foxeer	new	5433	no	TR:::Standart Kargo:0.00 TRY
PZTR-CON-0007	Matek Systems FCHUB 12S V2 PDB (XT60 Direct Solder)	Resmi Matek Systems FCHUB 12S V2 PDB, yüksek performanslı FPV uçuşları için tasarlanmıştır. XT60 Direct Solder varyantı ve Includes XT60 Plug donanımı ile 3-12S LiPo güç sistemleriyle tam uyumludur. Orijinal üretici garantili.	https://pozitronmarket.com/products/matek-systems-fchub-12s-v2-pdb-xt60-direct-solder-7	https://pozitronmarket.com/assets/products/PZTR-CON-0007.jpg	in_stock	800.00 TRY	Matek Systems	new	5433	no	TR:::Standart Kargo:99.00 TRY
PZTR-GPS-0017	Holybro Micro M10 GPS (With IST8310 High Grade Compass)	Resmi Holybro Micro M10 GPS, yüksek performanslı FPV uçuşları için tasarlanmıştır. With IST8310 High Grade Compass varyantı ve Zero Magnetic Deviation donanımı ile Autonomous Nav güç sistemleriyle tam uyumludur. Orijinal üretici garantili.	https://pozitronmarket.com/products/holybro-micro-m10-gps-with-ist8310-high-grade-compass-17	https://pozitronmarket.com/assets/products/PZTR-GPS-0017.jpg	in_stock	1975.00 TRY	Holybro	new	5433	no	TR:::Standart Kargo:0.00 TRY
PZTR-CON-0019	Matek Systems Buck-Boost 12V 2A (Noise Suppressed VTX Spec)	Resmi Matek Systems Buck-Boost 12V 2A, yüksek performanslı FPV uçuşları için tasarlanmıştır. Noise Suppressed VTX Spec varyantı ve Dual Ceramic Filtering donanımı ile 4V-30V Input güç sistemleriyle tam uyumludur. Orijinal üretici garantili.	https://pozitronmarket.com/products/matek-systems-buck-boost-12v-2a-noise-suppressed-vtx-spec-19	https://pozitronmarket.com/assets/products/PZTR-CON-0019.jpg	in_stock	600.00 TRY	Matek Systems	new	5433	no	TR:::Standart Kargo:99.00 TRY
PZTR-VTX-0024	Walksnail Avatar GT 2W Module (Long Coaxial Cable 200mm)	Resmi Walksnail Avatar GT 2W Module, yüksek performanslı FPV uçuşları için tasarlanmıştır. Long Coaxial Cable 200mm varyantı ve Long Range Mountain Build donanımı ile 1080P/120fps Digital güç sistemleriyle tam uyumludur. Orijinal üretici garantili.	https://pozitronmarket.com/products/walksnail-avatar-gt-2w-module-long-coaxial-cable-200mm-24	https://pozitronmarket.com/assets/products/PZTR-VTX-0024.jpg	in_stock	6200.00 TRY	Walksnail	new	5433	no	TR:::Standart Kargo:0.00 TRY
PZTR-ESC-0035	Skystars KM45A AM32 Mini (45A Double Cap Kit)	Resmi Skystars KM45A AM32 Mini, yüksek performanslı FPV uçuşları için tasarlanmıştır. 45A Double Cap Kit varyantı ve High Voltage Spike Protection donanımı ile 3-6S LiPo güç sistemleriyle tam uyumludur. Orijinal üretici garantili.	https://pozitronmarket.com/products/skystars-km45a-am32-mini-45a-double-cap-kit-35	https://pozitronmarket.com/assets/products/PZTR-ESC-0035.jpg	in_stock	2395.00 TRY	Skystars	new	5433	no	TR:::Standart Kargo:0.00 TRY
PZTR-VTX-0008	Foxeer Reaper Extreme 2.5W (Long Range MMCX to SMA)	Resmi Foxeer Reaper Extreme 2.5W, yüksek performanslı FPV uçuşları için tasarlanmıştır. Long Range MMCX to SMA varyantı ve Low Loss Coaxial Pigtail donanımı ile Pit/25/2500mW güç sistemleriyle tam uyumludur. Orijinal üretici garantili.	https://pozitronmarket.com/products/foxeer-reaper-extreme-2-5w-long-range-mmcx-to-sma-8	https://pozitronmarket.com/assets/products/PZTR-VTX-0008.jpg	in_stock	3375.00 TRY	Foxeer	new	5433	no	TR:::Standart Kargo:0.00 TRY
PZTR-FLI-0002	SpeedyBee F405 V4 Master FC (With MicroSD Blackbox 32GB)	Resmi SpeedyBee F405 V4 Master FC, yüksek performanslı FPV uçuşları için tasarlanmıştır. With MicroSD Blackbox 32GB varyantı ve High Speed Logging donanımı ile Betaflight / INAV güç sistemleriyle tam uyumludur. Orijinal üretici garantili.	https://pozitronmarket.com/products/speedybee-f405-v4-master-fc-with-microsd-blackbox-32gb-2	https://pozitronmarket.com/assets/products/PZTR-FLI-0002.jpg	in_stock	2350.00 TRY	SpeedyBee	new	5433	no	TR:::Standart Kargo:0.00 TRY
PZTR-ANT-0017	MenaceRC Matchstick Carbon (LHCP SMA 120mm)	Resmi MenaceRC Matchstick Carbon, yüksek performanslı FPV uçuşları için tasarlanmıştır. LHCP SMA 120mm varyantı ve Digital HD Optimized donanımı ile 5.8GHz Freestyle güç sistemleriyle tam uyumludur. Orijinal üretici garantili.	https://pozitronmarket.com/products/menacerc-matchstick-carbon-lhcp-sma-120mm-17	https://pozitronmarket.com/assets/products/PZTR-ANT-0017.jpg	in_stock	845.00 TRY	MenaceRC	new	5433	no	TR:::Standart Kargo:99.00 TRY
PZTR-CON-0021	RadioMaster ERS-CU01 Current Sensor (150A Standard)	Resmi RadioMaster ERS-CU01 Current Sensor, yüksek performanslı FPV uçuşları için tasarlanmıştır. 150A Standard varyantı ve ExpressLRS Telemetry donanımı ile 2-12S LiPo güç sistemleriyle tam uyumludur. Orijinal üretici garantili.	https://pozitronmarket.com/products/radiomaster-ers-cu01-current-sensor-150a-standard-21	https://pozitronmarket.com/assets/products/PZTR-CON-0021.jpg	in_stock	745.00 TRY	RadioMaster	new	5433	no	TR:::Standart Kargo:99.00 TRY
PZTR-ESC-0036	TBS (Team BlackSheep) PowerCube 60A (60A Standard)	Resmi TBS (Team BlackSheep) PowerCube 60A, yüksek performanslı FPV uçuşları için tasarlanmıştır. 60A Standard varyantı ve 30.5x30.5mm donanımı ile 3-6S LiPo güç sistemleriyle tam uyumludur. Orijinal üretici garantili.	https://pozitronmarket.com/products/tbs-team-blacksheep-powercube-60a-60a-standard-36	https://pozitronmarket.com/assets/products/PZTR-ESC-0036.jpg	in_stock	4450.00 TRY	TBS (Team BlackSheep)	new	5433	no	TR:::Standart Kargo:0.00 TRY
PZTR-TXR-0015	RadioMaster Pocket EdgeTX (Carry Case & Strap Bundle)	Resmi RadioMaster Pocket EdgeTX, yüksek performanslı FPV uçuşları için tasarlanmıştır. Carry Case & Strap Bundle varyantı ve Protective EVA Hard Case donanımı ile EdgeTX Portable güç sistemleriyle tam uyumludur. Orijinal üretici garantili.	https://pozitronmarket.com/products/radiomaster-pocket-edgetx-carry-case-strap-bundle-15	https://pozitronmarket.com/assets/products/PZTR-TXR-0015.jpg	in_stock	3999.50 TRY	RadioMaster	new	5433	no	TR:::Standart Kargo:0.00 TRY
PZTR-TXR-0030	BetaFPV SuperD ELRS 2.4G (Conformal Water Proofed)	Resmi BetaFPV SuperD ELRS 2.4G, yüksek performanslı FPV uçuşları için tasarlanmıştır. Conformal Water Proofed varyantı ve Silicone Dipped donanımı ile ExpressLRS 3.0 güç sistemleriyle tam uyumludur. Orijinal üretici garantili.	https://pozitronmarket.com/products/betafpv-superd-elrs-2-4g-conformal-water-proofed-30	https://pozitronmarket.com/assets/products/PZTR-TXR-0030.jpg	in_stock	1300.00 TRY	BetaFPV	new	5433	no	TR:::Standart Kargo:99.00 TRY
PZTR-GPS-0005	Matek Systems M10-5883 High Precision (With Copper Foil RF Shield)	Resmi Matek Systems M10-5883 High Precision, yüksek performanslı FPV uçuşları için tasarlanmıştır. With Copper Foil RF Shield varyantı ve Ultra Low Magnetic Noise donanımı ile Tuned Sensor güç sistemleriyle tam uyumludur. Orijinal üretici garantili.	https://pozitronmarket.com/products/matek-systems-m10-5883-high-precision-with-copper-foil-rf-shield-5	https://pozitronmarket.com/assets/products/PZTR-GPS-0005.jpg	in_stock	1575.00 TRY	Matek Systems	new	5433	no	TR:::Standart Kargo:0.00 TRY
PZTR-MOT-0012	iFlight XING2 2207 (2755KV)	Resmi iFlight XING2 2207, yüksek performanslı FPV uçuşları için tasarlanmıştır. 2755KV varyantı ve Titanium Grey donanımı ile 4S güç sistemleriyle tam uyumludur. Orijinal üretici garantili.	https://pozitronmarket.com/products/iflight-xing2-2207-2755kv-12	https://pozitronmarket.com/assets/products/PZTR-MOT-0012.jpg	in_stock	2404.42 TRY	iFlight	new	5433	no	TR:::Standart Kargo:0.00 TRY
PZTR-TOO-0008	Vifly ShortSaver 2 Smart Smoke Stopper (Bench Workshop Double Pack)	Resmi Vifly ShortSaver 2 Smart Smoke Stopper, yüksek performanslı FPV uçuşları için tasarlanmıştır. Bench Workshop Double Pack varyantı ve Includes 2 Smoke Stoppers donanımı ile Testing Essential güç sistemleriyle tam uyumludur. Orijinal üretici garantili.	https://pozitronmarket.com/products/vifly-shortsaver-2-smart-smoke-stopper-bench-workshop-double-pack-8	https://pozitronmarket.com/assets/products/PZTR-TOO-0008.jpg	in_stock	1345.00 TRY	Vifly	new	5433	no	TR:::Standart Kargo:99.00 TRY
PZTR-FRA-0010	GEPRC Mark5 Wide X O3 (Matte Black Anodized Edition)	Resmi GEPRC Mark5 Wide X O3, yüksek performanslı FPV uçuşları için tasarlanmıştır. Matte Black Anodized Edition varyantı ve Blackened Hardware donanımı ile 3K Carbon Fiber güç sistemleriyle tam uyumludur. Orijinal üretici garantili.	https://pozitronmarket.com/products/geprc-mark5-wide-x-o3-matte-black-anodized-edition-10	https://pozitronmarket.com/assets/products/PZTR-FRA-0010.jpg	in_stock	3850.00 TRY	GEPRC	new	5433	no	TR:::Standart Kargo:0.00 TRY
PZTR-MOT-0046	T-Motor U8 II Heavy Lift (85KV)	Resmi T-Motor U8 II Heavy Lift, yüksek performanslı FPV uçuşları için tasarlanmıştır. 85KV varyantı ve Industrial Black donanımı ile 12S güç sistemleriyle tam uyumludur. Orijinal üretici garantili.	https://pozitronmarket.com/products/t-motor-u8-ii-heavy-lift-85kv-46	https://pozitronmarket.com/assets/products/PZTR-MOT-0046.jpg	in_stock	12450.00 TRY	T-Motor	new	5433	no	TR:::Standart Kargo:0.00 TRY
PZTR-CAM-0002	DJI O3 Air Unit Digital HD (With CPL & ND Filter Set)	"Resmi DJI O3 Air Unit Digital HD, yüksek performanslı FPV uçuşları için tasarlanmıştır. With CPL & ND Filter Set varyantı ve ND8/16/32 Filters Inc. donanımı ile 1/1.7"" 4K Sensor güç sistemleriyle tam uyumludur. Orijinal üretici garantili."	https://pozitronmarket.com/products/dji-o3-air-unit-digital-hd-with-cpl-nd-filter-set-2	https://pozitronmarket.com/assets/products/PZTR-CAM-0002.jpg	in_stock	12450.00 TRY	DJI	new	5433	no	TR:::Standart Kargo:0.00 TRY
PZTR-CON-0039	Flywoo Dual BEC 5V/9V Module (Micro JST Pre-Wired)	Resmi Flywoo Dual BEC 5V/9V Module, yüksek performanslı FPV uçuşları için tasarlanmıştır. Micro JST Pre-Wired varyantı ve No Soldering Required donanımı ile 2-6S LiPo güç sistemleriyle tam uyumludur. Orijinal üretici garantili.	https://pozitronmarket.com/products/flywoo-dual-bec-5v-9v-module-micro-jst-pre-wired-39	https://pozitronmarket.com/assets/products/PZTR-CON-0039.jpg	in_stock	550.00 TRY	Flywoo	new	5433	no	TR:::Standart Kargo:99.00 TRY
PZTR-BAT-0002	Tattu R-Line V5.0 1400mAh (6S 1200mAh 150C (XT60))	Resmi Tattu R-Line V5.0 1400mAh, yüksek performanslı FPV uçuşları için tasarlanmıştır. 6S 1200mAh 150C (XT60) varyantı ve Ultralight Racing Spec donanımı ile 22.2V / XT60 güç sistemleriyle tam uyumludur. Orijinal üretici garantili.	https://pozitronmarket.com/products/tattu-r-line-v5-0-1400mah-6s-1200mah-150c-xt60-2	https://pozitronmarket.com/assets/products/PZTR-BAT-0002.jpg	in_stock	1825.00 TRY	Tattu	new	5433	no	TR:::Standart Kargo:0.00 TRY
PZTR-BAT-0026	ToolkitRC M6D Dual Smart Charger (Standard Black Edition)	Resmi ToolkitRC M6D Dual Smart Charger, yüksek performanslı FPV uçuşları için tasarlanmıştır. Standard Black Edition varyantı ve Dual Independent Output donanımı ile DC 7-28V / 500W Max güç sistemleriyle tam uyumludur. Orijinal üretici garantili.	https://pozitronmarket.com/products/toolkitrc-m6d-dual-smart-charger-standard-black-edition-26	https://pozitronmarket.com/assets/products/PZTR-BAT-0026.jpg	in_stock	2745.00 TRY	ToolkitRC	new	5433	no	TR:::Standart Kargo:0.00 TRY
PZTR-CAM-0020	Foxeer Predator 5 Nano (Five33 Team Edition)	Resmi Foxeer Predator 5 Nano, yüksek performanslı FPV uçuşları için tasarlanmıştır. Five33 Team Edition varyantı ve Special Firmware donanımı ile 4ms Latency güç sistemleriyle tam uyumludur. Orijinal üretici garantili.	https://pozitronmarket.com/products/foxeer-predator-5-nano-five33-team-edition-20	https://pozitronmarket.com/assets/products/PZTR-CAM-0020.jpg	in_stock	2503.99 TRY	Foxeer	new	5433	no	TR:::Standart Kargo:0.00 TRY
PZTR-PRO-0004	Gemfan Hurricane 51466 V2 (Midnight Black)	Resmi Gemfan Hurricane 51466 V2, yüksek performanslı FPV uçuşları için tasarlanmıştır. Midnight Black varyantı ve Polycarbonate donanımı ile 5mm Shaft güç sistemleriyle tam uyumludur. Orijinal üretici garantili.	https://pozitronmarket.com/products/gemfan-hurricane-51466-v2-midnight-black-4	https://pozitronmarket.com/assets/products/PZTR-PRO-0004.jpg	in_stock	199.50 TRY	Gemfan	new	5433	no	TR:::Standart Kargo:99.00 TRY
PZTR-TXR-0002	RadioMaster TX16S MKII MAX (4-in-1 Multi / Black Face)	Resmi RadioMaster TX16S MKII MAX, yüksek performanslı FPV uçuşları için tasarlanmıştır. 4-in-1 Multi / Black Face varyantı ve V4.0 Hall Gimbals donanımı ile EdgeTX / Touchscreen güç sistemleriyle tam uyumludur. Orijinal üretici garantili.	https://pozitronmarket.com/products/radiomaster-tx16s-mkii-max-4-in-1-multi-black-face-2	https://pozitronmarket.com/assets/products/PZTR-TXR-0002.jpg	in_stock	10999.50 TRY	RadioMaster	new	5433	no	TR:::Standart Kargo:0.00 TRY
PZTR-BAT-0012	Lumenier NAV 21700 8000mAh (6S1P 4000mAh XT60)	Resmi Lumenier NAV 21700 8000mAh, yüksek performanslı FPV uçuşları için tasarlanmıştır. 6S1P 4000mAh XT60 varyantı ve Compact Long Range donanımı ile 22.2V 35A Cont. güç sistemleriyle tam uyumludur. Orijinal üretici garantili.	https://pozitronmarket.com/products/lumenier-nav-21700-8000mah-6s1p-4000mah-xt60-12	https://pozitronmarket.com/assets/products/PZTR-BAT-0012.jpg	in_stock	3777.65 TRY	Lumenier	new	5433	no	TR:::Standart Kargo:0.00 TRY
PZTR-MOT-0005	T-Motor F60 PRO V (1950KV Pac)	Resmi T-Motor F60 PRO V, yüksek performanslı FPV uçuşları için tasarlanmıştır. 1950KV Pac varyantı ve Special Edition Gold donanımı ile 6S güç sistemleriyle tam uyumludur. Orijinal üretici garantili.	https://pozitronmarket.com/products/t-motor-f60-pro-v-1950kv-pac-5	https://pozitronmarket.com/assets/products/PZTR-MOT-0005.jpg	in_stock	1495.00 TRY	T-Motor	new	5433	no	TR:::Standart Kargo:99.00 TRY
PZTR-PRO-0005	Gemfan Hurricane 51466 V2 (Pack of 5 Sets (20 Props))	Resmi Gemfan Hurricane 51466 V2, yüksek performanslı FPV uçuşları için tasarlanmıştır. Pack of 5 Sets (20 Props) varyantı ve Assorted Colors donanımı ile 5mm Shaft güç sistemleriyle tam uyumludur. Orijinal üretici garantili.	https://pozitronmarket.com/products/gemfan-hurricane-51466-v2-pack-of-5-sets-20-props-5	https://pozitronmarket.com/assets/products/PZTR-PRO-0005.jpg	in_stock	899.50 TRY	Gemfan	new	5433	no	TR:::Standart Kargo:99.00 TRY
PZTR-ESC-0005	SpeedyBee F405 V4 55A 4in1 (55A Extended Leads)	Resmi SpeedyBee F405 V4 55A 4in1, yüksek performanslı FPV uçuşları için tasarlanmıştır. 55A Extended Leads varyantı ve Long Wire Edition donanımı ile 3-6S LiPo güç sistemleriyle tam uyumludur. Orijinal üretici garantili.	https://pozitronmarket.com/products/speedybee-f405-v4-55a-4in1-55a-extended-leads-5	https://pozitronmarket.com/assets/products/PZTR-ESC-0005.jpg	in_stock	2675.00 TRY	SpeedyBee	new	5433	no	TR:::Standart Kargo:0.00 TRY
PZTR-BAT-0032	Tattu FunFly 1300mAh 6S (Single 4S 1300mAh Pack)	Resmi Tattu FunFly 1300mAh 6S, yüksek performanslı FPV uçuşları için tasarlanmıştır. Single 4S 1300mAh Pack varyantı ve 4S Training Spec donanımı ile 14.8V / XT60 güç sistemleriyle tam uyumludur. Orijinal üretici garantili.	https://pozitronmarket.com/products/tattu-funfly-1300mah-6s-single-4s-1300mah-pack-32	https://pozitronmarket.com/assets/products/PZTR-BAT-0032.jpg	in_stock	995.00 TRY	Tattu	new	5433	no	TR:::Standart Kargo:99.00 TRY
PZTR-CON-0025	RadioMaster ERS-CU01 Current Sensor (Dual Pack Telemetry Module)	Resmi RadioMaster ERS-CU01 Current Sensor, yüksek performanslı FPV uçuşları için tasarlanmıştır. Dual Pack Telemetry Module varyantı ve Includes 2 Sensors donanımı ile 2-12S LiPo güç sistemleriyle tam uyumludur. Orijinal üretici garantili.	https://pozitronmarket.com/products/radiomaster-ers-cu01-current-sensor-dual-pack-telemetry-module-25	https://pozitronmarket.com/assets/products/PZTR-CON-0025.jpg	in_stock	1350.00 TRY	RadioMaster	new	5433	no	TR:::Standart Kargo:99.00 TRY
PZTR-FRA-0035	BetaFPV Pavo20 Pro Whoop (Indoor Safe Soft Bumper Kit)	Resmi BetaFPV Pavo20 Pro Whoop, yüksek performanslı FPV uçuşları için tasarlanmıştır. Indoor Safe Soft Bumper Kit varyantı ve Foam Guard Ring donanımı ile Ultra Soft Crash Safe güç sistemleriyle tam uyumludur. Orijinal üretici garantili.	https://pozitronmarket.com/products/betafpv-pavo20-pro-whoop-indoor-safe-soft-bumper-kit-35	https://pozitronmarket.com/assets/products/PZTR-FRA-0035.jpg	in_stock	1600.00 TRY	BetaFPV	new	5433	no	TR:::Standart Kargo:0.00 TRY
PZTR-BAT-0033	Tattu FunFly 1300mAh 6S (Pack of 2 Packs (6S))	Resmi Tattu FunFly 1300mAh 6S, yüksek performanslı FPV uçuşları için tasarlanmıştır. Pack of 2 Packs (6S) varyantı ve 2x FunFly 6S 1300mAh donanımı ile 22.2V / XT60 güç sistemleriyle tam uyumludur. Orijinal üretici garantili.	https://pozitronmarket.com/products/tattu-funfly-1300mah-6s-pack-of-2-packs-6s-33	https://pozitronmarket.com/assets/products/PZTR-BAT-0033.jpg	in_stock	2600.00 TRY	Tattu	new	5433	no	TR:::Standart Kargo:0.00 TRY
PZTR-BAT-0042	ToolkitRC M4AC Pocket Charger (With XT30 Adapter Cable)	Resmi ToolkitRC M4AC Pocket Charger, yüksek performanslı FPV uçuşları için tasarlanmıştır. With XT30 Adapter Cable varyantı ve XT60 to XT30 Converter donanımı ile 1-4S LiPo / XT30 güç sistemleriyle tam uyumludur. Orijinal üretici garantili.	https://pozitronmarket.com/products/toolkitrc-m4ac-pocket-charger-with-xt30-adapter-cable-42	https://pozitronmarket.com/assets/products/PZTR-BAT-0042.jpg	in_stock	1325.00 TRY	ToolkitRC	new	5433	no	TR:::Standart Kargo:99.00 TRY
PZTR-GPS-0024	Flywoo GOKU GM10 Nano GPS (Twin Pack GM10 Nano)	Resmi Flywoo GOKU GM10 Nano GPS, yüksek performanslı FPV uçuşları için tasarlanmıştır. Twin Pack GM10 Nano varyantı ve Includes 2 Modules donanımı ile Ultralight Fleet güç sistemleriyle tam uyumludur. Orijinal üretici garantili.	https://pozitronmarket.com/products/flywoo-goku-gm10-nano-gps-twin-pack-gm10-nano-24	https://pozitronmarket.com/assets/products/PZTR-GPS-0024.jpg	in_stock	1850.00 TRY	Flywoo	new	5433	no	TR:::Standart Kargo:0.00 TRY
PZTR-CON-0037	Flywoo Dual BEC 5V/9V Module (5V/12V HD Spec)	Resmi Flywoo Dual BEC 5V/9V Module, yüksek performanslı FPV uçuşları için tasarlanmıştır. 5V/12V HD Spec varyantı ve Digital VTX Ready donanımı ile 3-6S LiPo güç sistemleriyle tam uyumludur. Orijinal üretici garantili.	https://pozitronmarket.com/products/flywoo-dual-bec-5v-9v-module-5v-12v-hd-spec-37	https://pozitronmarket.com/assets/products/PZTR-CON-0037.jpg	in_stock	525.00 TRY	Flywoo	new	5433	no	TR:::Standart Kargo:99.00 TRY
PZTR-TXR-0028	BetaFPV SuperD ELRS 2.4G (With Dual T-Antennas)	Resmi BetaFPV SuperD ELRS 2.4G, yüksek performanslı FPV uçuşları için tasarlanmıştır. With Dual T-Antennas varyantı ve Optimized Cross Polar donanımı ile ExpressLRS 3.0 güç sistemleriyle tam uyumludur. Orijinal üretici garantili.	https://pozitronmarket.com/products/betafpv-superd-elrs-2-4g-with-dual-t-antennas-28	https://pozitronmarket.com/assets/products/PZTR-TXR-0028.jpg	in_stock	1250.00 TRY	BetaFPV	new	5433	no	TR:::Standart Kargo:99.00 TRY
PZTR-FRA-0044	iFlight Chimera7 Pro V2 (Heavy Payload 8-Inch Arms Kit)	Resmi iFlight Chimera7 Pro V2, yüksek performanslı FPV uçuşları için tasarlanmıştır. Heavy Payload 8-Inch Arms Kit varyantı ve Converts to 8-Inch Props donanımı ile Heavy Lift Cruiser güç sistemleriyle tam uyumludur. Orijinal üretici garantili.	https://pozitronmarket.com/products/iflight-chimera7-pro-v2-heavy-payload-8-inch-arms-kit-44	https://pozitronmarket.com/assets/products/PZTR-FRA-0044.jpg	in_stock	5700.00 TRY	iFlight	new	5433	no	TR:::Standart Kargo:0.00 TRY
PZTR-FRA-0025	BetaFPV Pavo25 V2 Cinewhoop (Replacement Duct Shell Only)	Resmi BetaFPV Pavo25 V2 Cinewhoop, yüksek performanslı FPV uçuşları için tasarlanmıştır. Replacement Duct Shell Only varyantı ve Spare Outer Ring donanımı ile PA12 Polymer güç sistemleriyle tam uyumludur. Orijinal üretici garantili.	https://pozitronmarket.com/products/betafpv-pavo25-v2-cinewhoop-replacement-duct-shell-only-25	https://pozitronmarket.com/assets/products/PZTR-FRA-0025.jpg	in_stock	725.00 TRY	BetaFPV	new	5433	no	TR:::Standart Kargo:99.00 TRY
PZTR-BAT-0020	ISDT K4 Smart Dual Charger (Pro Bench Charging Set)	Resmi ISDT K4 Smart Dual Charger, yüksek performanslı FPV uçuşları için tasarlanmıştır. Pro Bench Charging Set varyantı ve Includes Discharger Resistor donanımı ile Cycle Mode Ready güç sistemleriyle tam uyumludur. Orijinal üretici garantili.	https://pozitronmarket.com/products/isdt-k4-smart-dual-charger-pro-bench-charging-set-20	https://pozitronmarket.com/assets/products/PZTR-BAT-0020.jpg	in_stock	8950.00 TRY	ISDT	new	5433	no	TR:::Standart Kargo:0.00 TRY
PZTR-BAT-0025	ISDT 608AC Pocket Charger (Field Charging Travel Bag)	Resmi ISDT 608AC Pocket Charger, yüksek performanslı FPV uçuşları için tasarlanmıştır. Field Charging Travel Bag varyantı ve Hard Shell Zipper Case donanımı ile All-In-One güç sistemleriyle tam uyumludur. Orijinal üretici garantili.	https://pozitronmarket.com/products/isdt-608ac-pocket-charger-field-charging-travel-bag-25	https://pozitronmarket.com/assets/products/PZTR-BAT-0025.jpg	in_stock	3400.00 TRY	ISDT	new	5433	no	TR:::Standart Kargo:0.00 TRY
PZTR-MOT-0001	T-Motor F60 PRO V (1750KV)	Resmi T-Motor F60 PRO V, yüksek performanslı FPV uçuşları için tasarlanmıştır. 1750KV varyantı ve Grey donanımı ile 6S güç sistemleriyle tam uyumludur. Orijinal üretici garantili.	https://pozitronmarket.com/products/t-motor-f60-pro-v-1750kv-1	https://pozitronmarket.com/assets/products/PZTR-MOT-0001.jpg	in_stock	1395.00 TRY	T-Motor	new	5433	no	TR:::Standart Kargo:99.00 TRY
PZTR-ANT-0004	Foxeer Lollipop 4 Plus (MMCX Angle (2-Pack))	Resmi Foxeer Lollipop 4 Plus, yüksek performanslı FPV uçuşları için tasarlanmıştır. MMCX Angle (2-Pack) varyantı ve 90-Degree Right Angle donanımı ile 5.8GHz Omnidirectional güç sistemleriyle tam uyumludur. Orijinal üretici garantili.	https://pozitronmarket.com/products/foxeer-lollipop-4-plus-mmcx-angle-2-pack-4	https://pozitronmarket.com/assets/products/PZTR-ANT-0004.jpg	in_stock	995.00 TRY	Foxeer	new	5433	no	TR:::Standart Kargo:99.00 TRY
PZTR-TOO-0020	Kester 60/40 Rosin Core Solder Wire (With Flux Paste Pen 10ml)	Resmi Kester 60/40 Rosin Core Solder Wire, yüksek performanslı FPV uçuşları için tasarlanmıştır. With Flux Paste Pen 10ml varyantı ve No-Clean RMA Rosin Flux donanımı ile Perfect Flow Kit güç sistemleriyle tam uyumludur. Orijinal üretici garantili.	https://pozitronmarket.com/products/kester-60-40-rosin-core-solder-wire-with-flux-paste-pen-10ml-20	https://pozitronmarket.com/assets/products/PZTR-TOO-0020.jpg	in_stock	900.00 TRY	Kester	new	5433	no	TR:::Standart Kargo:99.00 TRY
PZTR-MOT-0019	iFlight XING-E Pro 2207 (1800KV 4-Pack)	Resmi iFlight XING-E Pro 2207, yüksek performanslı FPV uçuşları için tasarlanmıştır. 1800KV 4-Pack varyantı ve Black/Red (Set of 4) donanımı ile 6S güç sistemleriyle tam uyumludur. Orijinal üretici garantili.	https://pozitronmarket.com/products/iflight-xing-e-pro-2207-1800kv-4-pack-19	https://pozitronmarket.com/assets/products/PZTR-MOT-0019.jpg	in_stock	3249.50 TRY	iFlight	new	5433	no	TR:::Standart Kargo:0.00 TRY
PZTR-BAT-0019	ISDT K4 Smart Dual Charger (EU Power Cord Bundle)	Resmi ISDT K4 Smart Dual Charger, yüksek performanslı FPV uçuşları için tasarlanmıştır. EU Power Cord Bundle varyantı ve CE Certified Power Lead donanımı ile AC 100-240V güç sistemleriyle tam uyumludur. Orijinal üretici garantili.	https://pozitronmarket.com/products/isdt-k4-smart-dual-charger-eu-power-cord-bundle-19	https://pozitronmarket.com/assets/products/PZTR-BAT-0019.jpg	in_stock	7600.00 TRY	ISDT	new	5433	no	TR:::Standart Kargo:0.00 TRY
PZTR-CAM-0032	Caddx Ant Nano 1200TVL (Black 1.8mm Lens)	Resmi Caddx Ant Nano 1200TVL, yüksek performanslı FPV uçuşları için tasarlanmıştır. Black 1.8mm Lens varyantı ve 16:9 Widescreen donanımı ile 2 Grams Ultralight güç sistemleriyle tam uyumludur. Orijinal üretici garantili.	https://pozitronmarket.com/products/caddx-ant-nano-1200tvl-black-1-8mm-lens-32	https://pozitronmarket.com/assets/products/PZTR-CAM-0032.jpg	in_stock	925.00 TRY	Caddx	new	5433	no	TR:::Standart Kargo:99.00 TRY
PZTR-CON-0016	Matek Systems Buck-Boost 12V 2A (12V 2A Constant)	Resmi Matek Systems Buck-Boost 12V 2A, yüksek performanslı FPV uçuşları için tasarlanmıştır. 12V 2A Constant varyantı ve Wide 4V-30V Input donanımı ile Clean 12V Out güç sistemleriyle tam uyumludur. Orijinal üretici garantili.	https://pozitronmarket.com/products/matek-systems-buck-boost-12v-2a-12v-2a-constant-16	https://pozitronmarket.com/assets/products/PZTR-CON-0016.jpg	in_stock	550.00 TRY	Matek Systems	new	5433	no	TR:::Standart Kargo:99.00 TRY
PZTR-MOT-0047	T-Motor U8 II Heavy Lift (100KV)	Resmi T-Motor U8 II Heavy Lift, yüksek performanslı FPV uçuşları için tasarlanmıştır. 100KV varyantı ve Industrial Black donanımı ile 12S güç sistemleriyle tam uyumludur. Orijinal üretici garantili.	https://pozitronmarket.com/products/t-motor-u8-ii-heavy-lift-100kv-47	https://pozitronmarket.com/assets/products/PZTR-MOT-0047.jpg	in_stock	12450.00 TRY	T-Motor	new	5433	no	TR:::Standart Kargo:0.00 TRY
PZTR-CAM-0015	Caddx Ratel 2 Micro (Waterproof Silicone Dipped)	Resmi Caddx Ratel 2 Micro, yüksek performanslı FPV uçuşları için tasarlanmıştır. Waterproof Silicone Dipped varyantı ve Conformal Coated donanımı ile Day/Night Auto güç sistemleriyle tam uyumludur. Orijinal üretici garantili.	https://pozitronmarket.com/products/caddx-ratel-2-micro-waterproof-silicone-dipped-15	https://pozitronmarket.com/assets/products/PZTR-CAM-0015.jpg	in_stock	1695.00 TRY	Caddx	new	5433	no	TR:::Standart Kargo:0.00 TRY
PZTR-MOT-0040	Flywoo ROBO RB 1202.5 (11500KV 4-Pack)	Resmi Flywoo ROBO RB 1202.5, yüksek performanslı FPV uçuşları için tasarlanmıştır. 11500KV 4-Pack varyantı ve Gold/Purple (Set of 4) donanımı ile 1S/2S güç sistemleriyle tam uyumludur. Orijinal üretici garantili.	https://pozitronmarket.com/products/flywoo-robo-rb-1202-5-11500kv-4-pack-40	https://pozitronmarket.com/assets/products/PZTR-MOT-0040.jpg	in_stock	2450.00 TRY	Flywoo	new	5433	no	TR:::Standart Kargo:0.00 TRY
PZTR-PRO-0038	Gemfan Micro 31mm 4-Blade (Clear Red (Set of 8))	Resmi Gemfan Micro 31mm 4-Blade, yüksek performanslı FPV uçuşları için tasarlanmıştır. Clear Red (Set of 8) varyantı ve Polycarbonate donanımı ile 1.0mm Shaft güç sistemleriyle tam uyumludur. Orijinal üretici garantili.	https://pozitronmarket.com/products/gemfan-micro-31mm-4-blade-clear-red-set-of-8-38	https://pozitronmarket.com/assets/products/PZTR-PRO-0038.jpg	in_stock	222.48 TRY	Gemfan	new	5433	no	TR:::Standart Kargo:99.00 TRY
PZTR-TXR-0003	RadioMaster TX16S MKII MAX (ELRS 2.4GHz / Silver Red)	Resmi RadioMaster TX16S MKII MAX, yüksek performanslı FPV uçuşları için tasarlanmıştır. ELRS 2.4GHz / Silver Red varyantı ve AG01 CNC Hall Gimbals donanımı ile EdgeTX / Touchscreen güç sistemleriyle tam uyumludur. Orijinal üretici garantili.	https://pozitronmarket.com/products/radiomaster-tx16s-mkii-max-elrs-2-4ghz-silver-red-3	https://pozitronmarket.com/assets/products/PZTR-TXR-0003.jpg	in_stock	12499.50 TRY	RadioMaster	new	5433	no	TR:::Standart Kargo:0.00 TRY
PZTR-FLI-0016	Holybro Pixhawk 6C Autopilot (Standard Plastic Case)	Resmi Holybro Pixhawk 6C Autopilot, yüksek performanslı FPV uçuşları için tasarlanmıştır. Standard Plastic Case varyantı ve Triple Redundant IMU donanımı ile PX4 / ArduPilot güç sistemleriyle tam uyumludur. Orijinal üretici garantili.	https://pozitronmarket.com/products/holybro-pixhawk-6c-autopilot-standard-plastic-case-16	https://pozitronmarket.com/assets/products/PZTR-FLI-0016.jpg	in_stock	9450.00 TRY	Holybro	new	5433	no	TR:::Standart Kargo:0.00 TRY
PZTR-CAM-0030	RunCam Thumb Pro 4K V2 (USB-C Power Cable Pack)	Resmi RunCam Thumb Pro 4K V2, yüksek performanslı FPV uçuşları için tasarlanmıştır. USB-C Power Cable Pack varyantı ve 5V Balance Plug Adapter donanımı ile Gyroflow Logging güç sistemleriyle tam uyumludur. Orijinal üretici garantili.	https://pozitronmarket.com/products/runcam-thumb-pro-4k-v2-usb-c-power-cable-pack-30	https://pozitronmarket.com/assets/products/PZTR-CAM-0030.jpg	in_stock	4625.00 TRY	RunCam	new	5433	no	TR:::Standart Kargo:0.00 TRY
PZTR-VTX-0014	RushFPV Rush Tank II Ultimate 1W (With MMCX to SMA Cable)	Resmi RushFPV Rush Tank II Ultimate 1W, yüksek performanslı FPV uçuşları için tasarlanmıştır. With MMCX to SMA Cable varyantı ve Gold Plated Pigtail donanımı ile SmartAudio / Tramp güç sistemleriyle tam uyumludur. Orijinal üretici garantili.	https://pozitronmarket.com/products/rushfpv-rush-tank-ii-ultimate-1w-with-mmcx-to-sma-cable-14	https://pozitronmarket.com/assets/products/PZTR-VTX-0014.jpg	in_stock	2400.00 TRY	RushFPV	new	5433	no	TR:::Standart Kargo:0.00 TRY
PZTR-ANT-0010	TBS (Team BlackSheep) Triumph Pro 5.8G (Extra Long 125mm Stem)	Resmi TBS (Team BlackSheep) Triumph Pro 5.8G, yüksek performanslı FPV uçuşları için tasarlanmıştır. Extra Long 125mm Stem varyantı ve High Altitude Carbon Clearance donanımı ile 5.8GHz Video güç sistemleriyle tam uyumludur. Orijinal üretici garantili.	https://pozitronmarket.com/products/tbs-team-blacksheep-triumph-pro-5-8g-extra-long-125mm-stem-10	https://pozitronmarket.com/assets/products/PZTR-ANT-0010.jpg	in_stock	1125.00 TRY	TBS (Team BlackSheep)	new	5433	no	TR:::Standart Kargo:99.00 TRY
PZTR-GPS-0030	iFlight M8Q-5883 V2.0 GPS (Twin Pack iFlight GPS)	Resmi iFlight M8Q-5883 V2.0 GPS, yüksek performanslı FPV uçuşları için tasarlanmıştır. Twin Pack iFlight GPS varyantı ve Includes 2 Units donanımı ile Workshop Spare Kit güç sistemleriyle tam uyumludur. Orijinal üretici garantili.	https://pozitronmarket.com/products/iflight-m8q-5883-v2-0-gps-twin-pack-iflight-gps-30	https://pozitronmarket.com/assets/products/PZTR-GPS-0030.jpg	in_stock	2300.00 TRY	iFlight	new	5433	no	TR:::Standart Kargo:0.00 TRY
PZTR-ANT-0018	MenaceRC Matchstick Carbon (RHCP MMCX 80mm)	Resmi MenaceRC Matchstick Carbon, yüksek performanslı FPV uçuşları için tasarlanmıştır. RHCP MMCX 80mm varyantı ve Compact Freestyle Tail donanımı ile 5.8GHz Freestyle güç sistemleriyle tam uyumludur. Orijinal üretici garantili.	https://pozitronmarket.com/products/menacerc-matchstick-carbon-rhcp-mmcx-80mm-18	https://pozitronmarket.com/assets/products/PZTR-ANT-0018.jpg	in_stock	825.00 TRY	MenaceRC	new	5433	no	TR:::Standart Kargo:99.00 TRY
PZTR-FRA-0020	AxisFlying Manta 5-Inch HD (Squashed X Freestyle)	Resmi AxisFlying Manta 5-Inch HD, yüksek performanslı FPV uçuşları için tasarlanmıştır. Squashed X Freestyle varyantı ve Low CG Battery Deck donanımı ile T700 Carbon Fiber güç sistemleriyle tam uyumludur. Orijinal üretici garantili.	https://pozitronmarket.com/products/axisflying-manta-5-inch-hd-squashed-x-freestyle-20	https://pozitronmarket.com/assets/products/PZTR-FRA-0020.jpg	in_stock	3600.00 TRY	AxisFlying	new	5433	no	TR:::Standart Kargo:0.00 TRY
PZTR-FRA-0022	BetaFPV Pavo25 V2 Cinewhoop (Transparent Blue Ducts)	Resmi BetaFPV Pavo25 V2 Cinewhoop, yüksek performanslı FPV uçuşları için tasarlanmıştır. Transparent Blue Ducts varyantı ve Injection Molded PA12 Ducts donanımı ile Pusher Configuration güç sistemleriyle tam uyumludur. Orijinal üretici garantili.	https://pozitronmarket.com/products/betafpv-pavo25-v2-cinewhoop-transparent-blue-ducts-22	https://pozitronmarket.com/assets/products/PZTR-FRA-0022.jpg	in_stock	2945.54 TRY	BetaFPV	new	5433	no	TR:::Standart Kargo:0.00 TRY
PZTR-GPS-0026	iFlight M8Q-5883 V2.0 GPS (Standard 20x20mm Module)	Resmi iFlight M8Q-5883 V2.0 GPS, yüksek performanslı FPV uçuşları için tasarlanmıştır. Standard 20x20mm Module varyantı ve Ceramic Patch & Compass donanımı ile Betaflight / INAV güç sistemleriyle tam uyumludur. Orijinal üretici garantili.	https://pozitronmarket.com/products/iflight-m8q-5883-v2-0-gps-standard-20x20mm-module-26	https://pozitronmarket.com/assets/products/PZTR-GPS-0026.jpg	in_stock	1249.50 TRY	iFlight	new	5433	no	TR:::Standart Kargo:99.00 TRY
PZTR-CAM-0028	RunCam Thumb Pro 4K V2 (With TPU Frame Mount 5-Inch)	Resmi RunCam Thumb Pro 4K V2, yüksek performanslı FPV uçuşları için tasarlanmıştır. With TPU Frame Mount 5-Inch varyantı ve 30-Degree Freestyle TPU donanımı ile Gyroflow Logging güç sistemleriyle tam uyumludur. Orijinal üretici garantili.	https://pozitronmarket.com/products/runcam-thumb-pro-4k-v2-with-tpu-frame-mount-5-inch-28	https://pozitronmarket.com/assets/products/PZTR-CAM-0028.jpg	in_stock	4700.00 TRY	RunCam	new	5433	no	TR:::Standart Kargo:0.00 TRY
PZTR-VTX-0035	AKK FX2 Ultimate 1200mW (Twin Pack Long Range)	Resmi AKK FX2 Ultimate 1200mW, yüksek performanslı FPV uçuşları için tasarlanmıştır. Twin Pack Long Range varyantı ve 2 Complete VTX Boards donanımı ile SmartAudio 2.0 güç sistemleriyle tam uyumludur. Orijinal üretici garantili.	https://pozitronmarket.com/products/akk-fx2-ultimate-1200mw-twin-pack-long-range-35	https://pozitronmarket.com/assets/products/PZTR-VTX-0035.jpg	in_stock	2600.00 TRY	AKK	new	5433	no	TR:::Standart Kargo:0.00 TRY
PZTR-GPS-0018	Holybro Micro M10 GPS (With Carbon Mast Mount Kit)	Resmi Holybro Micro M10 GPS, yüksek performanslı FPV uçuşları için tasarlanmıştır. With Carbon Mast Mount Kit varyantı ve Elevated Sensor Stand donanımı ile ArduPilot / PX4 güç sistemleriyle tam uyumludur. Orijinal üretici garantili.	https://pozitronmarket.com/products/holybro-micro-m10-gps-with-carbon-mast-mount-kit-18	https://pozitronmarket.com/assets/products/PZTR-GPS-0018.jpg	in_stock	2100.00 TRY	Holybro	new	5433	no	TR:::Standart Kargo:0.00 TRY
PZTR-ANT-0012	TrueRC Singularity 5.8G Patch (LHCP SMA 7.5dBic)	Resmi TrueRC Singularity 5.8G Patch, yüksek performanslı FPV uçuşları için tasarlanmıştır. LHCP SMA 7.5dBic varyantı ve Walksnail / DJI Goggles donanımı ile Goggle Receiver Mount güç sistemleriyle tam uyumludur. Orijinal üretici garantili.	https://pozitronmarket.com/products/truerc-singularity-5-8g-patch-lhcp-sma-7-5dbic-12	https://pozitronmarket.com/assets/products/PZTR-ANT-0012.jpg	in_stock	1625.00 TRY	TrueRC	new	5433	no	TR:::Standart Kargo:0.00 TRY
PZTR-FRA-0019	AxisFlying Manta 5-Inch HD (Replacement Arm Set (2 Pcs))	Resmi AxisFlying Manta 5-Inch HD, yüksek performanslı FPV uçuşları için tasarlanmıştır. Replacement Arm Set (2 Pcs) varyantı ve 6mm Beveled Carbon donanımı ile T700 Carbon Fiber güç sistemleriyle tam uyumludur. Orijinal üretici garantili.	https://pozitronmarket.com/products/axisflying-manta-5-inch-hd-replacement-arm-set-2-pcs-19	https://pozitronmarket.com/assets/products/PZTR-FRA-0019.jpg	in_stock	1050.00 TRY	AxisFlying	new	5433	no	TR:::Standart Kargo:99.00 TRY
PZTR-VTX-0007	Foxeer Reaper Extreme 2.5W (With Heavy Copper Shield)	Resmi Foxeer Reaper Extreme 2.5W, yüksek performanslı FPV uçuşları için tasarlanmıştır. With Heavy Copper Shield varyantı ve Extreme Heat Dissipation donanımı ile Pit/25/2500mW güç sistemleriyle tam uyumludur. Orijinal üretici garantili.	https://pozitronmarket.com/products/foxeer-reaper-extreme-2-5w-with-heavy-copper-shield-7	https://pozitronmarket.com/assets/products/PZTR-VTX-0007.jpg	in_stock	3450.00 TRY	Foxeer	new	5433	no	TR:::Standart Kargo:0.00 TRY
PZTR-CON-0011	iFlight LC Filter 3A 5-36V (3A Max Continuous)	Resmi iFlight LC Filter 3A 5-36V, yüksek performanslı FPV uçuşları için tasarlanmıştır. 3A Max Continuous varyantı ve Choke Inductor Shield donanımı ile 2-8S LiPo güç sistemleriyle tam uyumludur. Orijinal üretici garantili.	https://pozitronmarket.com/products/iflight-lc-filter-3a-5-36v-3a-max-continuous-11	https://pozitronmarket.com/assets/products/PZTR-CON-0011.jpg	in_stock	541.05 TRY	iFlight	new	5433	no	TR:::Standart Kargo:99.00 TRY
PZTR-ANT-0006	TBS (Team BlackSheep) Triumph Pro 5.8G (RHCP SMA Single)	Resmi TBS (Team BlackSheep) Triumph Pro 5.8G, yüksek performanslı FPV uçuşları için tasarlanmıştır. RHCP SMA Single varyantı ve Ultralight Heavy Duty Polycarbonate donanımı ile 5.8GHz Video güç sistemleriyle tam uyumludur. Orijinal üretici garantili.	https://pozitronmarket.com/products/tbs-team-blacksheep-triumph-pro-5-8g-rhcp-sma-single-6	https://pozitronmarket.com/assets/products/PZTR-ANT-0006.jpg	in_stock	997.50 TRY	TBS (Team BlackSheep)	new	5433	no	TR:::Standart Kargo:99.00 TRY
PZTR-FRA-0007	GEPRC Mark5 Wide X O3 (DeadCat DC Version)	Resmi GEPRC Mark5 Wide X O3, yüksek performanslı FPV uçuşları için tasarlanmıştır. DeadCat DC Version varyantı ve Clean Video Record donanımı ile 3K Carbon Fiber güç sistemleriyle tam uyumludur. Orijinal üretici garantili.	https://pozitronmarket.com/products/geprc-mark5-wide-x-o3-deadcat-dc-version-7	https://pozitronmarket.com/assets/products/PZTR-FRA-0007.jpg	in_stock	3725.00 TRY	GEPRC	new	5433	no	TR:::Standart Kargo:0.00 TRY
PZTR-TOO-0002	Miniware TS101 Soldering Iron (BC2 Bevel Tip (Grey Shell))	Resmi Miniware TS101 Soldering Iron, yüksek performanslı FPV uçuşları için tasarlanmıştır. BC2 Bevel Tip (Grey Shell) varyantı ve Ideal for XT60 & Motor Pads donanımı ile Fast 9s Heating güç sistemleriyle tam uyumludur. Orijinal üretici garantili.	https://pozitronmarket.com/products/miniware-ts101-soldering-iron-bc2-bevel-tip-grey-shell-2	https://pozitronmarket.com/assets/products/PZTR-TOO-0002.jpg	in_stock	2999.50 TRY	Miniware	new	5433	no	TR:::Standart Kargo:0.00 TRY
PZTR-GPS-0012	Matek Systems MicoAir MTF-01 Optical Flow (With Micro JST Wiring Harness)	Resmi Matek Systems MicoAir MTF-01 Optical Flow, yüksek performanslı FPV uçuşları için tasarlanmıştır. With Micro JST Wiring Harness varyantı ve Plug & Play to Matek FC donanımı ile Auto Protocol Detect güç sistemleriyle tam uyumludur. Orijinal üretici garantili.	https://pozitronmarket.com/products/matek-systems-micoair-mtf-01-optical-flow-with-micro-jst-wiring-harness-12	https://pozitronmarket.com/assets/products/PZTR-GPS-0012.jpg	in_stock	2050.00 TRY	Matek Systems	new	5433	no	TR:::Standart Kargo:0.00 TRY
PZTR-TOO-0040	Sequre SQ-001 Soldering Iron (Hard EVA Travel Case Bundle)	Resmi Sequre SQ-001 Soldering Iron, yüksek performanslı FPV uçuşları için tasarlanmıştır. Hard EVA Travel Case Bundle varyantı ve Carry Iron, Tips & Solder Wire donanımı ile Field Bag Kit güç sistemleriyle tam uyumludur. Orijinal üretici garantili.	https://pozitronmarket.com/products/sequre-sq-001-soldering-iron-hard-eva-travel-case-bundle-40	https://pozitronmarket.com/assets/products/PZTR-TOO-0040.jpg	in_stock	2900.00 TRY	Sequre	new	5433	no	TR:::Standart Kargo:0.00 TRY
PZTR-ESC-0008	Foxeer Reaper F4 128K 65A (65A CNC Heatsink)	Resmi Foxeer Reaper F4 128K 65A, yüksek performanslı FPV uçuşları için tasarlanmıştır. 65A CNC Heatsink varyantı ve Full Aluminum Case donanımı ile 3-8S LiPo güç sistemleriyle tam uyumludur. Orijinal üretici garantili.	https://pozitronmarket.com/products/foxeer-reaper-f4-128k-65a-65a-cnc-heatsink-8	https://pozitronmarket.com/assets/products/PZTR-ESC-0008.jpg	in_stock	4300.00 TRY	Foxeer	new	5433	no	TR:::Standart Kargo:0.00 TRY
PZTR-ESC-0032	Skystars KM45A AM32 Mini (55A AM32 30x30)	Resmi Skystars KM45A AM32 Mini, yüksek performanslı FPV uçuşları için tasarlanmıştır. 55A AM32 30x30 varyantı ve 30.5x30.5mm Standard donanımı ile 3-6S LiPo güç sistemleriyle tam uyumludur. Orijinal üretici garantili.	https://pozitronmarket.com/products/skystars-km45a-am32-mini-55a-am32-30x30-32	https://pozitronmarket.com/assets/products/PZTR-ESC-0032.jpg	in_stock	2600.00 TRY	Skystars	new	5433	no	TR:::Standart Kargo:0.00 TRY
PZTR-CON-0010	Matek Systems FCHUB 12S V2 PDB (Heavy Lift 8S/12S Pack)	Resmi Matek Systems FCHUB 12S V2 PDB, yüksek performanslı FPV uçuşları için tasarlanmıştır. Heavy Lift 8S/12S Pack varyantı ve Extra TVS Diode Included donanımı ile 3-12S LiPo güç sistemleriyle tam uyumludur. Orijinal üretici garantili.	https://pozitronmarket.com/products/matek-systems-fchub-12s-v2-pdb-heavy-lift-8s-12s-pack-10	https://pozitronmarket.com/assets/products/PZTR-CON-0010.jpg	in_stock	900.00 TRY	Matek Systems	new	5433	no	TR:::Standart Kargo:99.00 TRY
PZTR-MOT-0002	T-Motor F60 PRO V (1950KV)	Resmi T-Motor F60 PRO V, yüksek performanslı FPV uçuşları için tasarlanmıştır. 1950KV varyantı ve Grey donanımı ile 6S güç sistemleriyle tam uyumludur. Orijinal üretici garantili.	https://pozitronmarket.com/products/t-motor-f60-pro-v-1950kv-2	https://pozitronmarket.com/assets/products/PZTR-MOT-0002.jpg	in_stock	1395.00 TRY	T-Motor	new	5433	no	TR:::Standart Kargo:99.00 TRY
PZTR-ESC-0002	SpeedyBee F405 V4 55A 4in1 (55A with Capacitor Pack)	Resmi SpeedyBee F405 V4 55A 4in1, yüksek performanslı FPV uçuşları için tasarlanmıştır. 55A with Capacitor Pack varyantı ve XT60 Pre-Soldered donanımı ile 3-6S LiPo güç sistemleriyle tam uyumludur. Orijinal üretici garantili.	https://pozitronmarket.com/products/speedybee-f405-v4-55a-4in1-55a-with-capacitor-pack-2	https://pozitronmarket.com/assets/products/PZTR-ESC-0002.jpg	in_stock	2800.00 TRY	SpeedyBee	new	5433	no	TR:::Standart Kargo:0.00 TRY
PZTR-VTX-0001	TBS (Team BlackSheep) Unify Pro32 HV (MMCX Connector)	Resmi TBS (Team BlackSheep) Unify Pro32 HV, yüksek performanslı FPV uçuşları için tasarlanmıştır. MMCX Connector varyantı ve 25-1000mW Variable donanımı ile SmartAudio 2.1 güç sistemleriyle tam uyumludur. Orijinal üretici garantili.	https://pozitronmarket.com/products/tbs-team-blacksheep-unify-pro32-hv-mmcx-connector-1	https://pozitronmarket.com/assets/products/PZTR-VTX-0001.jpg	in_stock	2499.50 TRY	TBS (Team BlackSheep)	new	5433	no	TR:::Standart Kargo:0.00 TRY
PZTR-TOO-0006	Vifly ShortSaver 2 Smart Smoke Stopper (Dual XT60 & XT30 In/Out)	Resmi Vifly ShortSaver 2 Smart Smoke Stopper, yüksek performanslı FPV uçuşları için tasarlanmıştır. Dual XT60 & XT30 In/Out varyantı ve 0.5A / 1.0A Trip Threshold donanımı ile Ultra Fast 3ms Cutoff güç sistemleriyle tam uyumludur. Orijinal üretici garantili.	https://pozitronmarket.com/products/vifly-shortsaver-2-smart-smoke-stopper-dual-xt60-xt30-in-out-6	https://pozitronmarket.com/assets/products/PZTR-TOO-0006.jpg	in_stock	725.00 TRY	Vifly	new	5433	no	TR:::Standart Kargo:99.00 TRY
PZTR-FLI-0001	SpeedyBee F405 V4 Master FC (Standard 30.5x30.5mm)	Resmi SpeedyBee F405 V4 Master FC, yüksek performanslı FPV uçuşları için tasarlanmıştır. Standard 30.5x30.5mm varyantı ve Wireless App Tuning donanımı ile Betaflight / INAV güç sistemleriyle tam uyumludur. Orijinal üretici garantili.	https://pozitronmarket.com/products/speedybee-f405-v4-master-fc-standard-30-5x30-5mm-1	https://pozitronmarket.com/assets/products/PZTR-FLI-0001.jpg	in_stock	2100.00 TRY	SpeedyBee	new	5433	no	TR:::Standart Kargo:0.00 TRY
PZTR-PRO-0031	Master Airscrew 1045 Foldable Carbon (1 Pair (1CW + 1CCW))	Resmi Master Airscrew 1045 Foldable Carbon, yüksek performanslı FPV uçuşları için tasarlanmıştır. 1 Pair (1CW + 1CCW) varyantı ve Carbon Composite donanımı ile Direct Mount güç sistemleriyle tam uyumludur. Orijinal üretici garantili.	https://pozitronmarket.com/products/master-airscrew-1045-foldable-carbon-1-pair-1cw-1ccw-31	https://pozitronmarket.com/assets/products/PZTR-PRO-0031.jpg	in_stock	1032.57 TRY	Master Airscrew	new	5433	no	TR:::Standart Kargo:99.00 TRY
PZTR-FRA-0036	"GEPRC CineLog35 V2 HD (Standard 3.5"" Pusher Kit)"	"Resmi GEPRC CineLog35 V2 HD, yüksek performanslı FPV uçuşları için tasarlanmıştır. Standard 3.5"" Pusher Kit varyantı ve Carries Full Size GoPro donanımı ile Molded Prop Guards güç sistemleriyle tam uyumludur. Orijinal üretici garantili."	https://pozitronmarket.com/products/geprc-cinelog35-v2-hd-standard-3-5-pusher-kit-36	https://pozitronmarket.com/assets/products/PZTR-FRA-0036.jpg	in_stock	3100.00 TRY	GEPRC	new	5433	no	TR:::Standart Kargo:0.00 TRY
PZTR-TOO-0025	RDQ M2 & M3 Hardware Standoff Kit (Hardware Organizer Mega Kit (500 Pcs))	Resmi RDQ M2 & M3 Hardware Standoff Kit, yüksek performanslı FPV uçuşları için tasarlanmıştır. Hardware Organizer Mega Kit (500 Pcs) varyantı ve Includes M2/M2.5/M3 Screws donanımı ile Workshop Essential güç sistemleriyle tam uyumludur. Orijinal üretici garantili.	https://pozitronmarket.com/products/rdq-m2-m3-hardware-standoff-kit-hardware-organizer-mega-kit-500-pcs-25	https://pozitronmarket.com/assets/products/PZTR-TOO-0025.jpg	in_stock	1225.00 TRY	RDQ	new	5433	no	TR:::Standart Kargo:99.00 TRY
PZTR-ANT-0029	RushFPV Cherry 5.8GHz (MMCX Straight (2-Pack))	Resmi RushFPV Cherry 5.8GHz, yüksek performanslı FPV uçuşları için tasarlanmıştır. MMCX Straight (2-Pack) varyantı ve VTX Direct Solderless donanımı ile 5.8GHz Video güç sistemleriyle tam uyumludur. Orijinal üretici garantili.	https://pozitronmarket.com/products/rushfpv-cherry-5-8ghz-mmcx-straight-2-pack-29	https://pozitronmarket.com/assets/products/PZTR-ANT-0029.jpg	in_stock	925.00 TRY	RushFPV	new	5433	no	TR:::Standart Kargo:99.00 TRY
PZTR-MOT-0011	iFlight XING2 2207 (1855KV)	Resmi iFlight XING2 2207, yüksek performanslı FPV uçuşları için tasarlanmıştır. 1855KV varyantı ve Titanium Grey donanımı ile 6S güç sistemleriyle tam uyumludur. Orijinal üretici garantili.	https://pozitronmarket.com/products/iflight-xing2-2207-1855kv-11	https://pozitronmarket.com/assets/products/PZTR-MOT-0011.jpg	in_stock	1225.00 TRY	iFlight	new	5433	no	TR:::Standart Kargo:99.00 TRY
PZTR-VTX-0033	AKK FX2 Ultimate 1200mW (SMA Pigtail Heavy Duty)	Resmi AKK FX2 Ultimate 1200mW, yüksek performanslı FPV uçuşları için tasarlanmıştır. SMA Pigtail Heavy Duty varyantı ve Direct Shell Mount donanımı ile SmartAudio 2.0 güç sistemleriyle tam uyumludur. Orijinal üretici garantili.	https://pozitronmarket.com/products/akk-fx2-ultimate-1200mw-sma-pigtail-heavy-duty-33	https://pozitronmarket.com/assets/products/PZTR-VTX-0033.jpg	in_stock	1525.00 TRY	AKK	new	5433	no	TR:::Standart Kargo:0.00 TRY
PZTR-BAT-0014	Lumenier NAV 21700 8000mAh (6S2P with Balance Lead Armor)	Resmi Lumenier NAV 21700 8000mAh, yüksek performanslı FPV uçuşları için tasarlanmıştır. 6S2P with Balance Lead Armor varyantı ve Kevlar Wrapped Cells donanımı ile 22.2V 35A Cont. güç sistemleriyle tam uyumludur. Orijinal üretici garantili.	https://pozitronmarket.com/products/lumenier-nav-21700-8000mah-6s2p-with-balance-lead-armor-14	https://pozitronmarket.com/assets/products/PZTR-BAT-0014.jpg	in_stock	4200.00 TRY	Lumenier	new	5433	no	TR:::Standart Kargo:0.00 TRY
PZTR-PRO-0001	Gemfan Hurricane 51466 V2 (Clear Grey)	Resmi Gemfan Hurricane 51466 V2, yüksek performanslı FPV uçuşları için tasarlanmıştır. Clear Grey varyantı ve Polycarbonate donanımı ile 5mm Shaft güç sistemleriyle tam uyumludur. Orijinal üretici garantili.	https://pozitronmarket.com/products/gemfan-hurricane-51466-v2-clear-grey-1	https://pozitronmarket.com/assets/products/PZTR-PRO-0001.jpg	in_stock	199.50 TRY	Gemfan	new	5433	no	TR:::Standart Kargo:99.00 TRY
PZTR-VTX-0026	TBS (Team BlackSheep) Unify Pro32 Nano (U.FL / IPEX Standard)	Resmi TBS (Team BlackSheep) Unify Pro32 Nano, yüksek performanslı FPV uçuşları için tasarlanmıştır. U.FL / IPEX Standard varyantı ve 1g Ultra Featherweight donanımı ile 25-500mW Variable güç sistemleriyle tam uyumludur. Orijinal üretici garantili.	https://pozitronmarket.com/products/tbs-team-blacksheep-unify-pro32-nano-u-fl-ipex-standard-26	https://pozitronmarket.com/assets/products/PZTR-VTX-0026.jpg	in_stock	1745.00 TRY	TBS (Team BlackSheep)	new	5433	no	TR:::Standart Kargo:0.00 TRY
PZTR-FRA-0006	GEPRC Mark5 Wide X O3 (Wide X Geometry (O3 Compatible))	Resmi GEPRC Mark5 Wide X O3, yüksek performanslı FPV uçuşları için tasarlanmıştır. Wide X Geometry (O3 Compatible) varyantı ve Aluminum CNC Camera Cage donanımı ile 3K Carbon Fiber güç sistemleriyle tam uyumludur. Orijinal üretici garantili.	https://pozitronmarket.com/products/geprc-mark5-wide-x-o3-wide-x-geometry-o3-compatible-6	https://pozitronmarket.com/assets/products/PZTR-FRA-0006.jpg	in_stock	3725.00 TRY	GEPRC	new	5433	no	TR:::Standart Kargo:0.00 TRY
PZTR-TOO-0026	Vifly Finder 2 Autonomous Buzzer (Finder 2 Standard (105dB))	Resmi Vifly Finder 2 Autonomous Buzzer, yüksek performanslı FPV uçuşları için tasarlanmıştır. Finder 2 Standard (105dB) varyantı ve Beeps Up to 30h After Battery Eject donanımı ile Flashing Strobe LED güç sistemleriyle tam uyumludur. Orijinal üretici garantili.	https://pozitronmarket.com/products/vifly-finder-2-autonomous-buzzer-finder-2-standard-105db-26	https://pozitronmarket.com/assets/products/PZTR-TOO-0026.jpg	in_stock	699.50 TRY	Vifly	new	5433	no	TR:::Standart Kargo:99.00 TRY
PZTR-ANT-0025	VAS (Video Aerial Systems) Ion Pro 5.8GHz (Pair Bundle (2x Antennas))	Resmi VAS (Video Aerial Systems) Ion Pro 5.8GHz, yüksek performanslı FPV uçuşları için tasarlanmıştır. Pair Bundle (2x Antennas) varyantı ve Complete Dual Antenna Set donanımı ile 5.8GHz Video güç sistemleriyle tam uyumludur. Orijinal üretici garantili.	https://pozitronmarket.com/products/vas-video-aerial-systems-ion-pro-5-8ghz-pair-bundle-2x-antennas-25	https://pozitronmarket.com/assets/products/PZTR-ANT-0025.jpg	in_stock	1950.00 TRY	VAS (Video Aerial Systems)	new	5433	no	TR:::Standart Kargo:0.00 TRY
PZTR-FLI-0010	Foxeer F722 V4 Dual Gyro Pro (Gold Anodized Vibration Mount)	Resmi Foxeer F722 V4 Dual Gyro Pro, yüksek performanslı FPV uçuşları için tasarlanmıştır. Gold Anodized Vibration Mount varyantı ve TPU Dampeners Inc. donanımı ile Betaflight 4.5 güç sistemleriyle tam uyumludur. Orijinal üretici garantili.	https://pozitronmarket.com/products/foxeer-f722-v4-dual-gyro-pro-gold-anodized-vibration-mount-10	https://pozitronmarket.com/assets/products/PZTR-FLI-0010.jpg	in_stock	2995.00 TRY	Foxeer	new	5433	no	TR:::Standart Kargo:0.00 TRY
PZTR-GPS-0014	Matek Systems MicoAir MTF-01 Optical Flow (Outdoor Bright Sun Tuned)	Resmi Matek Systems MicoAir MTF-01 Optical Flow, yüksek performanslı FPV uçuşları için tasarlanmıştır. Outdoor Bright Sun Tuned varyantı ve High Ambient Ambient Rejection donanımı ile Optical Flow Spec güç sistemleriyle tam uyumludur. Orijinal üretici garantili.	https://pozitronmarket.com/products/matek-systems-micoair-mtf-01-optical-flow-outdoor-bright-sun-tuned-14	https://pozitronmarket.com/assets/products/PZTR-GPS-0014.jpg	in_stock	2125.00 TRY	Matek Systems	new	5433	no	TR:::Standart Kargo:0.00 TRY
PZTR-VTX-0021	Walksnail Avatar GT 2W Module (2000mW Dual Antenna)	Resmi Walksnail Avatar GT 2W Module, yüksek performanslı FPV uçuşları için tasarlanmıştır. 2000mW Dual Antenna varyantı ve Heatsink Encased donanımı ile 1080P/120fps Digital güç sistemleriyle tam uyumludur. Orijinal üretici garantili.	https://pozitronmarket.com/products/walksnail-avatar-gt-2w-module-2000mw-dual-antenna-21	https://pozitronmarket.com/assets/products/PZTR-VTX-0021.jpg	in_stock	5950.00 TRY	Walksnail	new	5433	no	TR:::Standart Kargo:0.00 TRY
PZTR-BAT-0045	ToolkitRC M4AC Pocket Charger (Includes Voltage Meter)	Resmi ToolkitRC M4AC Pocket Charger, yüksek performanslı FPV uçuşları için tasarlanmıştır. Includes Voltage Meter varyantı ve Battery Health Checker Inc. donanımı ile 1-4S LiPo güç sistemleriyle tam uyumludur. Orijinal üretici garantili.	https://pozitronmarket.com/products/toolkitrc-m4ac-pocket-charger-includes-voltage-meter-45	https://pozitronmarket.com/assets/products/PZTR-BAT-0045.jpg	in_stock	1400.00 TRY	ToolkitRC	new	5433	no	TR:::Standart Kargo:99.00 TRY
PZTR-PRO-0047	Gemfan Moonlight LED 51466 (Red LED (Set of 4))	Resmi Gemfan Moonlight LED 51466, yüksek performanslı FPV uçuşları için tasarlanmıştır. Red LED (Set of 4) varyantı ve Built-in Batteries donanımı ile 5mm Shaft güç sistemleriyle tam uyumludur. Orijinal üretici garantili.	https://pozitronmarket.com/products/gemfan-moonlight-led-51466-red-led-set-of-4-47	https://pozitronmarket.com/assets/products/PZTR-PRO-0047.jpg	in_stock	425.00 TRY	Gemfan	new	5433	no	TR:::Standart Kargo:99.00 TRY
PZTR-FRA-0032	BetaFPV Pavo20 Pro Whoop (Transparent White Frame)	Resmi BetaFPV Pavo20 Pro Whoop, yüksek performanslı FPV uçuşları için tasarlanmıştır. Transparent White Frame varyantı ve Glow Shell Edition donanımı ile DJI O3 / Walksnail Mini güç sistemleriyle tam uyumludur. Orijinal üretici garantili.	https://pozitronmarket.com/products/betafpv-pavo20-pro-whoop-transparent-white-frame-32	https://pozitronmarket.com/assets/products/PZTR-FRA-0032.jpg	in_stock	1449.50 TRY	BetaFPV	new	5433	no	TR:::Standart Kargo:99.00 TRY
PZTR-VTX-0029	TBS (Team BlackSheep) Unify Pro32 Nano (Twin Pack Feather VTX)	Resmi TBS (Team BlackSheep) Unify Pro32 Nano, yüksek performanslı FPV uçuşları için tasarlanmıştır. Twin Pack Feather VTX varyantı ve Includes 2 Nano VTXs donanımı ile 25-500mW Variable güç sistemleriyle tam uyumludur. Orijinal üretici garantili.	https://pozitronmarket.com/products/tbs-team-blacksheep-unify-pro32-nano-twin-pack-feather-vtx-29	https://pozitronmarket.com/assets/products/PZTR-VTX-0029.jpg	in_stock	3200.00 TRY	TBS (Team BlackSheep)	new	5433	no	TR:::Standart Kargo:0.00 TRY
PZTR-FRA-0011	TBS (Team BlackSheep) Source One V5 (Standard 5-Inch Frame Kit)	Resmi TBS (Team BlackSheep) Source One V5, yüksek performanslı FPV uçuşları için tasarlanmıştır. Standard 5-Inch Frame Kit varyantı ve Full 3K Carbon & Hardware donanımı ile Open Source Design güç sistemleriyle tam uyumludur. Orijinal üretici garantili.	https://pozitronmarket.com/products/tbs-team-blacksheep-source-one-v5-standard-5-inch-frame-kit-11	https://pozitronmarket.com/assets/products/PZTR-FRA-0011.jpg	in_stock	2452.06 TRY	TBS (Team BlackSheep)	new	5433	no	TR:::Standart Kargo:0.00 TRY
PZTR-VTX-0009	Foxeer Reaper Extreme 2.5W (Built-in Fan Edition)	Resmi Foxeer Reaper Extreme 2.5W, yüksek performanslı FPV uçuşları için tasarlanmıştır. Built-in Fan Edition varyantı ve Active Thermal Cooling donanımı ile Pit/25/2500mW güç sistemleriyle tam uyumludur. Orijinal üretici garantili.	https://pozitronmarket.com/products/foxeer-reaper-extreme-2-5w-built-in-fan-edition-9	https://pozitronmarket.com/assets/products/PZTR-VTX-0009.jpg	in_stock	3700.00 TRY	Foxeer	new	5433	no	TR:::Standart Kargo:0.00 TRY
PZTR-ESC-0043	Spedix IS45 Single Arm ESC (Extended Solder Pads)	Resmi Spedix IS45 Single Arm ESC, yüksek performanslı FPV uçuşları için tasarlanmıştır. Extended Solder Pads varyantı ve Heavy Copper Traces donanımı ile 3-6S LiPo güç sistemleriyle tam uyumludur. Orijinal üretici garantili.	https://pozitronmarket.com/products/spedix-is45-single-arm-esc-extended-solder-pads-43	https://pozitronmarket.com/assets/products/PZTR-ESC-0043.jpg	in_stock	875.00 TRY	Spedix	new	5433	no	TR:::Standart Kargo:99.00 TRY
PZTR-CAM-0007	Walksnail Avatar HD Pro Kit (With 32GB Onboard Storage)	Resmi Walksnail Avatar HD Pro Kit, yüksek performanslı FPV uçuşları için tasarlanmıştır. With 32GB Onboard Storage varyantı ve Direct 1080p Recording donanımı ile 1080P/120fps güç sistemleriyle tam uyumludur. Orijinal üretici garantili.	https://pozitronmarket.com/products/walksnail-avatar-hd-pro-kit-with-32gb-onboard-storage-7	https://pozitronmarket.com/assets/products/PZTR-CAM-0007.jpg	in_stock	8450.00 TRY	Walksnail	new	5433	no	TR:::Standart Kargo:0.00 TRY
PZTR-GPS-0011	Matek Systems MicoAir MTF-01 Optical Flow (Standard 2-in-1 Sensor)	Resmi Matek Systems MicoAir MTF-01 Optical Flow, yüksek performanslı FPV uçuşları için tasarlanmıştır. Standard 2-in-1 Sensor varyantı ve Indoor Position Hold without GPS donanımı ile MSP / MAVLink / UART güç sistemleriyle tam uyumludur. Orijinal üretici garantili.	https://pozitronmarket.com/products/matek-systems-micoair-mtf-01-optical-flow-standard-2-in-1-sensor-11	https://pozitronmarket.com/assets/products/PZTR-GPS-0011.jpg	in_stock	1925.00 TRY	Matek Systems	new	5433	no	TR:::Standart Kargo:0.00 TRY
PZTR-ANT-0031	Lumenier AXII 2 5.8GHz (Right-Angle MMCX RHCP)	Resmi Lumenier AXII 2 5.8GHz, yüksek performanslı FPV uçuşları için tasarlanmıştır. Right-Angle MMCX RHCP varyantı ve Super Durable Low Profile donanımı ile 5.8GHz Video güç sistemleriyle tam uyumludur. Orijinal üretici garantili.	https://pozitronmarket.com/products/lumenier-axii-2-5-8ghz-right-angle-mmcx-rhcp-31	https://pozitronmarket.com/assets/products/PZTR-ANT-0031.jpg	in_stock	1149.50 TRY	Lumenier	new	5433	no	TR:::Standart Kargo:99.00 TRY
PZTR-ANT-0005	Foxeer Lollipop 4 Plus (Long Stem 150mm (2-Pack))	Resmi Foxeer Lollipop 4 Plus, yüksek performanslı FPV uçuşları için tasarlanmıştır. Long Stem 150mm (2-Pack) varyantı ve Mountain Clearance donanımı ile 5.8GHz Omnidirectional güç sistemleriyle tam uyumludur. Orijinal üretici garantili.	https://pozitronmarket.com/products/foxeer-lollipop-4-plus-long-stem-150mm-2-pack-5	https://pozitronmarket.com/assets/products/PZTR-ANT-0005.jpg	in_stock	1691.66 TRY	Foxeer	new	5433	no	TR:::Standart Kargo:0.00 TRY
PZTR-TXR-0020	RadioMaster RP1 ExpressLRS RX (Pre-Soldered 4-Pin Lead)	Resmi RadioMaster RP1 ExpressLRS RX, yüksek performanslı FPV uçuşları için tasarlanmıştır. Pre-Soldered 4-Pin Lead varyantı ve Plug & Play Wire Harness donanımı ile ELRS 2.4GHz / SX1280 güç sistemleriyle tam uyumludur. Orijinal üretici garantili.	https://pozitronmarket.com/products/radiomaster-rp1-expresslrs-rx-pre-soldered-4-pin-lead-20	https://pozitronmarket.com/assets/products/PZTR-TXR-0020.jpg	in_stock	1499.15 TRY	RadioMaster	new	5433	no	TR:::Standart Kargo:99.00 TRY
PZTR-GPS-0002	Matek Systems M10-5883 High Precision (With Foldable Aluminum Stand)	Resmi Matek Systems M10-5883 High Precision, yüksek performanslı FPV uçuşları için tasarlanmıştır. With Foldable Aluminum Stand varyantı ve Anti-Interference Mast donanımı ile Quad Mountain Cruiser güç sistemleriyle tam uyumludur. Orijinal üretici garantili.	https://pozitronmarket.com/products/matek-systems-m10-5883-high-precision-with-foldable-aluminum-stand-2	https://pozitronmarket.com/assets/products/PZTR-GPS-0002.jpg	in_stock	1700.00 TRY	Matek Systems	new	5433	no	TR:::Standart Kargo:0.00 TRY
PZTR-ESC-0012	Holybro Tekko32 F4 4in1 50A (30.5x30.5mm 50A)	Resmi Holybro Tekko32 F4 4in1 50A, yüksek performanslı FPV uçuşları için tasarlanmıştır. 30.5x30.5mm 50A varyantı ve Standard 30x30 donanımı ile 3-6S LiPo güç sistemleriyle tam uyumludur. Orijinal üretici garantili.	https://pozitronmarket.com/products/holybro-tekko32-f4-4in1-50a-30-5x30-5mm-50a-12	https://pozitronmarket.com/assets/products/PZTR-ESC-0012.jpg	in_stock	3495.00 TRY	Holybro	new	5433	no	TR:::Standart Kargo:0.00 TRY
PZTR-PRO-0019	Gemfan Cinewhoop D90S (Bulk Pack (8 Pairs))	Resmi Gemfan Cinewhoop D90S, yüksek performanslı FPV uçuşları için tasarlanmıştır. Bulk Pack (8 Pairs) varyantı ve Clear Black donanımı ile 1.5mm/T-Mount güç sistemleriyle tam uyumludur. Orijinal üretici garantili.	https://pozitronmarket.com/products/gemfan-cinewhoop-d90s-bulk-pack-8-pairs-19	https://pozitronmarket.com/assets/products/PZTR-PRO-0019.jpg	in_stock	695.00 TRY	Gemfan	new	5433	no	TR:::Standart Kargo:99.00 TRY
PZTR-VTX-0005	TBS (Team BlackSheep) Unify Pro32 HV (Fleet Pack (2x VTX))	Resmi TBS (Team BlackSheep) Unify Pro32 HV, yüksek performanslı FPV uçuşları için tasarlanmıştır. Fleet Pack (2x VTX) varyantı ve 2x Complete Units donanımı ile SmartAudio 2.1 güç sistemleriyle tam uyumludur. Orijinal üretici garantili.	https://pozitronmarket.com/products/tbs-team-blacksheep-unify-pro32-hv-fleet-pack-2x-vtx-5	https://pozitronmarket.com/assets/products/PZTR-VTX-0005.jpg	in_stock	4700.00 TRY	TBS (Team BlackSheep)	new	5433	no	TR:::Standart Kargo:0.00 TRY
PZTR-BAT-0044	ToolkitRC M4AC Pocket Charger (Dual M4AC Travel Kit)	Resmi ToolkitRC M4AC Pocket Charger, yüksek performanslı FPV uçuşları için tasarlanmıştır. Dual M4AC Travel Kit varyantı ve 2 Complete Pocket Chargers donanımı ile AC 100-240V güç sistemleriyle tam uyumludur. Orijinal üretici garantili.	https://pozitronmarket.com/products/toolkitrc-m4ac-pocket-charger-dual-m4ac-travel-kit-44	https://pozitronmarket.com/assets/products/PZTR-BAT-0044.jpg	in_stock	2300.00 TRY	ToolkitRC	new	5433	no	TR:::Standart Kargo:0.00 TRY
PZTR-FLI-0030	Happymodel Crazybee G473 AIO (Spare Connector Kit)	Resmi Happymodel Crazybee G473 AIO, yüksek performanslı FPV uçuşları için tasarlanmıştır. Spare Connector Kit varyantı ve PH2.0 & BT2.0 Leads donanımı ile 1-2S LiPo güç sistemleriyle tam uyumludur. Orijinal üretici garantili.	https://pozitronmarket.com/products/happymodel-crazybee-g473-aio-spare-connector-kit-30	https://pozitronmarket.com/assets/products/PZTR-FLI-0030.jpg	in_stock	2600.00 TRY	Happymodel	new	5433	no	TR:::Standart Kargo:0.00 TRY
PZTR-ESC-0022	Flywoo GOKU G45M 45A AIO (45A AM32 Sine Wave)	Resmi Flywoo GOKU G45M 45A AIO, yüksek performanslı FPV uçuşları için tasarlanmıştır. 45A AM32 Sine Wave varyantı ve Smooth Startup donanımı ile 2-6S LiPo güç sistemleriyle tam uyumludur. Orijinal üretici garantili.	https://pozitronmarket.com/products/flywoo-goku-g45m-45a-aio-45a-am32-sine-wave-22	https://pozitronmarket.com/assets/products/PZTR-ESC-0022.jpg	in_stock	2400.00 TRY	Flywoo	new	5433	no	TR:::Standart Kargo:0.00 TRY
PZTR-CON-0004	Matek Systems Micro BEC 6-60V (Adjustable Jumper Edition)	Resmi Matek Systems Micro BEC 6-60V, yüksek performanslı FPV uçuşları için tasarlanmıştır. Adjustable Jumper Edition varyantı ve 5V/9V/12V Selectable donanımı ile 6V-60V In güç sistemleriyle tam uyumludur. Orijinal üretici garantili.	https://pozitronmarket.com/products/matek-systems-micro-bec-6-60v-adjustable-jumper-edition-4	https://pozitronmarket.com/assets/products/PZTR-CON-0004.jpg	in_stock	495.00 TRY	Matek Systems	new	5433	no	TR:::Standart Kargo:99.00 TRY
PZTR-VTX-0006	Foxeer Reaper Extreme 2.5W (2500mW CNC Heatsink)	Resmi Foxeer Reaper Extreme 2.5W, yüksek performanslı FPV uçuşları için tasarlanmıştır. 2500mW CNC Heatsink varyantı ve 4.9G-6.0GHz Wideband donanımı ile Pit/25/2500mW güç sistemleriyle tam uyumludur. Orijinal üretici garantili.	https://pozitronmarket.com/products/foxeer-reaper-extreme-2-5w-2500mw-cnc-heatsink-6	https://pozitronmarket.com/assets/products/PZTR-VTX-0006.jpg	in_stock	3245.00 TRY	Foxeer	new	5433	no	TR:::Standart Kargo:0.00 TRY
PZTR-BAT-0036	CNHL Pizza Series 1200mAh (6S 1200mAh 150C (XT60))	Resmi CNHL Pizza Series 1200mAh, yüksek performanslı FPV uçuşları için tasarlanmıştır. 6S 1200mAh 150C (XT60) varyantı ve Instant Throttle Burst donanımı ile 22.2V / XT60 güç sistemleriyle tam uyumludur. Orijinal üretici garantili.	https://pozitronmarket.com/products/cnhl-pizza-series-1200mah-6s-1200mah-150c-xt60-36	https://pozitronmarket.com/assets/products/PZTR-BAT-0036.jpg	in_stock	1649.50 TRY	CNHL	new	5433	no	TR:::Standart Kargo:0.00 TRY
PZTR-TOO-0013	Sequre Titanium Hex Screwdriver Set (With Nut Driver 8mm/10mm)	Resmi Sequre Titanium Hex Screwdriver Set, yüksek performanslı FPV uçuşları için tasarlanmıştır. With Nut Driver 8mm/10mm varyantı ve Includes Prop Nut Sockets donanımı ile Complete Drone Tool güç sistemleriyle tam uyumludur. Orijinal üretici garantili.	https://pozitronmarket.com/products/sequre-titanium-hex-screwdriver-set-with-nut-driver-8mm-10mm-13	https://pozitronmarket.com/assets/products/PZTR-TOO-0013.jpg	in_stock	1495.00 TRY	Sequre	new	5433	no	TR:::Standart Kargo:99.00 TRY
PZTR-TOO-0003	Miniware TS101 Soldering Iron (I Needle Tip (Micro Soldering))	Resmi Miniware TS101 Soldering Iron, yüksek performanslı FPV uçuşları için tasarlanmıştır. I Needle Tip (Micro Soldering) varyantı ve Ideal for FC & VTX Wire donanımı ile Precision 0.2mm güç sistemleriyle tam uyumludur. Orijinal üretici garantili.	https://pozitronmarket.com/products/miniware-ts101-soldering-iron-i-needle-tip-micro-soldering-3	https://pozitronmarket.com/assets/products/PZTR-TOO-0003.jpg	in_stock	2999.50 TRY	Miniware	new	5433	no	TR:::Standart Kargo:0.00 TRY
PZTR-ANT-0014	TrueRC Singularity 5.8G Patch (Pair of 2 Patches (LHCP))	Resmi TrueRC Singularity 5.8G Patch, yüksek performanslı FPV uçuşları için tasarlanmıştır. Pair of 2 Patches (LHCP) varyantı ve Dual Goggle Diversity Array donanımı ile Goggle Mount güç sistemleriyle tam uyumludur. Orijinal üretici garantili.	https://pozitronmarket.com/products/truerc-singularity-5-8g-patch-pair-of-2-patches-lhcp-14	https://pozitronmarket.com/assets/products/PZTR-ANT-0014.jpg	in_stock	2995.00 TRY	TrueRC	new	5433	no	TR:::Standart Kargo:0.00 TRY
PZTR-GPS-0033	CUAV NEO 3 Pro GNSS (With Aluminum Folding Stand)	Resmi CUAV NEO 3 Pro GNSS, yüksek performanslı FPV uçuşları için tasarlanmıştır. With Aluminum Folding Stand varyantı ve Heavy Quad Mast Mount donanımı ile Industrial Survey Spec güç sistemleriyle tam uyumludur. Orijinal üretici garantili.	https://pozitronmarket.com/products/cuav-neo-3-pro-gnss-with-aluminum-folding-stand-33	https://pozitronmarket.com/assets/products/PZTR-GPS-0033.jpg	in_stock	4950.00 TRY	CUAV	new	5433	no	TR:::Standart Kargo:0.00 TRY
PZTR-MOT-0038	Flywoo ROBO RB 1202.5 (14800KV)	Resmi Flywoo ROBO RB 1202.5, yüksek performanslı FPV uçuşları için tasarlanmıştır. 14800KV varyantı ve Gold/Purple donanımı ile 1S güç sistemleriyle tam uyumludur. Orijinal üretici garantili.	https://pozitronmarket.com/products/flywoo-robo-rb-1202-5-14800kv-38	https://pozitronmarket.com/assets/products/PZTR-MOT-0038.jpg	in_stock	2735.73 TRY	Flywoo	new	5433	no	TR:::Standart Kargo:0.00 TRY
PZTR-TOO-0030	Vifly Finder 2 Autonomous Buzzer (With TPU Arm Mounting Sleeve)	Resmi Vifly Finder 2 Autonomous Buzzer, yüksek performanslı FPV uçuşları için tasarlanmıştır. With TPU Arm Mounting Sleeve varyantı ve Protective Carbon Mount donanımı ile Crash Resilient güç sistemleriyle tam uyumludur. Orijinal üretici garantili.	https://pozitronmarket.com/products/vifly-finder-2-autonomous-buzzer-with-tpu-arm-mounting-sleeve-30	https://pozitronmarket.com/assets/products/PZTR-TOO-0030.jpg	in_stock	1349.43 TRY	Vifly	new	5433	no	TR:::Standart Kargo:99.00 TRY
PZTR-MOT-0035	GEPRC SPEEDX2 2107.5 (2450KV 4-Pack)	Resmi GEPRC SPEEDX2 2107.5, yüksek performanslı FPV uçuşları için tasarlanmıştır. 2450KV 4-Pack varyantı ve Space Grey (Set of 4) donanımı ile 4S güç sistemleriyle tam uyumludur. Orijinal üretici garantili.	https://pozitronmarket.com/products/geprc-speedx2-2107-5-2450kv-4-pack-35	https://pozitronmarket.com/assets/products/PZTR-MOT-0035.jpg	in_stock	4100.00 TRY	GEPRC	new	5433	no	TR:::Standart Kargo:0.00 TRY
PZTR-ANT-0034	Lumenier AXII 2 5.8GHz (Stubby Micro SMA RHCP)	Resmi Lumenier AXII 2 5.8GHz, yüksek performanslı FPV uçuşları için tasarlanmıştır. Stubby Micro SMA RHCP varyantı ve Ultra Tiny 15mm Height donanımı ile 5.8GHz Video güç sistemleriyle tam uyumludur. Orijinal üretici garantili.	https://pozitronmarket.com/products/lumenier-axii-2-5-8ghz-stubby-micro-sma-rhcp-34	https://pozitronmarket.com/assets/products/PZTR-ANT-0034.jpg	in_stock	999.50 TRY	Lumenier	new	5433	no	TR:::Standart Kargo:99.00 TRY
PZTR-BAT-0006	CNHL Black Series 1500mAh (4S 1500mAh 100C (XT60))	Resmi CNHL Black Series 1500mAh, yüksek performanslı FPV uçuşları için tasarlanmıştır. 4S 1500mAh 100C (XT60) varyantı ve Durable Freestyle Pack donanımı ile 14.8V / XT60 güç sistemleriyle tam uyumludur. Orijinal üretici garantili.	https://pozitronmarket.com/products/cnhl-black-series-1500mah-4s-1500mah-100c-xt60-6	https://pozitronmarket.com/assets/products/PZTR-BAT-0006.jpg	in_stock	1149.50 TRY	CNHL	new	5433	no	TR:::Standart Kargo:99.00 TRY
PZTR-TXR-0008	RadioMaster Boxer EdgeTX (Transparent Edition ELRS)	Resmi RadioMaster Boxer EdgeTX, yüksek performanslı FPV uçuşları için tasarlanmıştır. Transparent Edition ELRS varyantı ve Clear Shell with White LED donanımı ile EdgeTX Firmware güç sistemleriyle tam uyumludur. Orijinal üretici garantili.	https://pozitronmarket.com/products/radiomaster-boxer-edgetx-transparent-edition-elrs-8	https://pozitronmarket.com/assets/products/PZTR-TXR-0008.jpg	in_stock	7749.50 TRY	RadioMaster	new	5433	no	TR:::Standart Kargo:0.00 TRY
PZTR-TXR-0005	RadioMaster TX16S MKII MAX (With 5000mAh LiPo & Case)	Resmi RadioMaster TX16S MKII MAX, yüksek performanslı FPV uçuşları için tasarlanmıştır. With 5000mAh LiPo & Case varyantı ve Full Carry Kit donanımı ile EdgeTX / Touchscreen güç sistemleriyle tam uyumludur. Orijinal üretici garantili.	https://pozitronmarket.com/products/radiomaster-tx16s-mkii-max-with-5000mah-lipo-case-5	https://pozitronmarket.com/assets/products/PZTR-TXR-0005.jpg	in_stock	14450.00 TRY	RadioMaster	new	5433	no	TR:::Standart Kargo:0.00 TRY
PZTR-PRO-0022	Gemfan Flash 7040 Tri-Blade (Neon Green (Set of 4))	Resmi Gemfan Flash 7040 Tri-Blade, yüksek performanslı FPV uçuşları için tasarlanmıştır. Neon Green (Set of 4) varyantı ve Glass Fiber Reinforced donanımı ile 5mm Shaft güç sistemleriyle tam uyumludur. Orijinal üretici garantili.	https://pozitronmarket.com/products/gemfan-flash-7040-tri-blade-neon-green-set-of-4-22	https://pozitronmarket.com/assets/products/PZTR-PRO-0022.jpg	in_stock	275.00 TRY	Gemfan	new	5433	no	TR:::Standart Kargo:99.00 TRY
PZTR-FLI-0019	Holybro Pixhawk 6C Autopilot (Mini Baseboard Spec)	Resmi Holybro Pixhawk 6C Autopilot, yüksek performanslı FPV uçuşları için tasarlanmıştır. Mini Baseboard Spec varyantı ve Compact Drone Integration donanımı ile PX4 / ArduPilot güç sistemleriyle tam uyumludur. Orijinal üretici garantili.	https://pozitronmarket.com/products/holybro-pixhawk-6c-autopilot-mini-baseboard-spec-19	https://pozitronmarket.com/assets/products/PZTR-FLI-0019.jpg	in_stock	8950.00 TRY	Holybro	new	5433	no	TR:::Standart Kargo:0.00 TRY
PZTR-CON-0017	Matek Systems Buck-Boost 12V 2A (Adjustable Buck-Boost)	Resmi Matek Systems Buck-Boost 12V 2A, yüksek performanslı FPV uçuşları için tasarlanmıştır. Adjustable Buck-Boost varyantı ve 5V to 24V Output donanımı ile 4V-35V Input güç sistemleriyle tam uyumludur. Orijinal üretici garantili.	https://pozitronmarket.com/products/matek-systems-buck-boost-12v-2a-adjustable-buck-boost-17	https://pozitronmarket.com/assets/products/PZTR-CON-0017.jpg	in_stock	625.00 TRY	Matek Systems	new	5433	no	TR:::Standart Kargo:99.00 TRY
PZTR-FRA-0037	GEPRC CineLog35 V2 HD (With Aluminum Camera Mount)	Resmi GEPRC CineLog35 V2 HD, yüksek performanslı FPV uçuşları için tasarlanmıştır. With Aluminum Camera Mount varyantı ve Vibration Free CNC Mount donanımı ile Full Size GoPro Ready güç sistemleriyle tam uyumludur. Orijinal üretici garantili.	https://pozitronmarket.com/products/geprc-cinelog35-v2-hd-with-aluminum-camera-mount-37	https://pozitronmarket.com/assets/products/PZTR-FRA-0037.jpg	in_stock	3450.00 TRY	GEPRC	new	5433	no	TR:::Standart Kargo:0.00 TRY
PZTR-ESC-0020	T-Motor F55A PRO II 4in1 (55A Racing 128K)	Resmi T-Motor F55A PRO II 4in1, yüksek performanslı FPV uçuşları için tasarlanmıştır. 55A Racing 128K varyantı ve Pre-Configured DShot donanımı ile 3-6S LiPo güç sistemleriyle tam uyumludur. Orijinal üretici garantili.	https://pozitronmarket.com/products/t-motor-f55a-pro-ii-4in1-55a-racing-128k-20	https://pozitronmarket.com/assets/products/PZTR-ESC-0020.jpg	in_stock	4400.00 TRY	T-Motor	new	5433	no	TR:::Standart Kargo:0.00 TRY
PZTR-ESC-0031	Skystars KM45A AM32 Mini (45A AM32 20x20)	Resmi Skystars KM45A AM32 Mini, yüksek performanslı FPV uçuşları için tasarlanmıştır. 45A AM32 20x20 varyantı ve 20x20mm Mini donanımı ile 3-6S LiPo güç sistemleriyle tam uyumludur. Orijinal üretici garantili.	https://pozitronmarket.com/products/skystars-km45a-am32-mini-45a-am32-20x20-31	https://pozitronmarket.com/assets/products/PZTR-ESC-0031.jpg	in_stock	2245.00 TRY	Skystars	new	5433	no	TR:::Standart Kargo:0.00 TRY
PZTR-PRO-0015	HQProp Ethix P3 Peanut Butter (Cinematic Pack)	Resmi HQProp Ethix P3 Peanut Butter, yüksek performanslı FPV uçuşları için tasarlanmıştır. Cinematic Pack varyantı ve With Prop Bag donanımı ile 5mm Shaft güç sistemleriyle tam uyumludur. Orijinal üretici garantili.	https://pozitronmarket.com/products/hqprop-ethix-p3-peanut-butter-cinematic-pack-15	https://pozitronmarket.com/assets/products/PZTR-PRO-0015.jpg	in_stock	275.00 TRY	HQProp	new	5433	no	TR:::Standart Kargo:99.00 TRY
PZTR-ESC-0026	Hobbywing XRotor Micro 60A (60A Standard)	Resmi Hobbywing XRotor Micro 60A, yüksek performanslı FPV uçuşları için tasarlanmıştır. 60A Standard varyantı ve 30.5x30.5mm donanımı ile 3-6S LiPo güç sistemleriyle tam uyumludur. Orijinal üretici garantili.	https://pozitronmarket.com/products/hobbywing-xrotor-micro-60a-60a-standard-26	https://pozitronmarket.com/assets/products/PZTR-ESC-0026.jpg	in_stock	3749.50 TRY	Hobbywing	new	5433	no	TR:::Standart Kargo:0.00 TRY
PZTR-TOO-0005	Miniware TS101 Soldering Iron (With Heat Resistant Silicone Stand)	Resmi Miniware TS101 Soldering Iron, yüksek performanslı FPV uçuşları için tasarlanmıştır. With Heat Resistant Silicone Stand varyantı ve Pocket Stand & Solder Wire donanımı ile Travel Field Kit güç sistemleriyle tam uyumludur. Orijinal üretici garantili.	https://pozitronmarket.com/products/miniware-ts101-soldering-iron-with-heat-resistant-silicone-stand-5	https://pozitronmarket.com/assets/products/PZTR-TOO-0005.jpg	in_stock	3300.00 TRY	Miniware	new	5433	no	TR:::Standart Kargo:0.00 TRY
PZTR-ESC-0001	SpeedyBee F405 V4 55A 4in1 (Standard 55A)	Resmi SpeedyBee F405 V4 55A 4in1, yüksek performanslı FPV uçuşları için tasarlanmıştır. Standard 55A varyantı ve Heatsink Edition donanımı ile 3-6S LiPo güç sistemleriyle tam uyumludur. Orijinal üretici garantili.	https://pozitronmarket.com/products/speedybee-f405-v4-55a-4in1-standard-55a-1	https://pozitronmarket.com/assets/products/PZTR-ESC-0001.jpg	in_stock	2600.00 TRY	SpeedyBee	new	5433	no	TR:::Standart Kargo:0.00 TRY
PZTR-CAM-0006	Walksnail Avatar HD Pro Kit (Standard Kit (Dual Antennas))	Resmi Walksnail Avatar HD Pro Kit, yüksek performanslı FPV uçuşları için tasarlanmıştır. Standard Kit (Dual Antennas) varyantı ve Sony Starvis II Sensor donanımı ile 1080P/120fps güç sistemleriyle tam uyumludur. Orijinal üretici garantili.	https://pozitronmarket.com/products/walksnail-avatar-hd-pro-kit-standard-kit-dual-antennas-6	https://pozitronmarket.com/assets/products/PZTR-CAM-0006.jpg	in_stock	11923.83 TRY	Walksnail	new	5433	no	TR:::Standart Kargo:0.00 TRY
PZTR-CON-0018	Matek Systems Buck-Boost 12V 2A (With Aluminum Heatsink)	Resmi Matek Systems Buck-Boost 12V 2A, yüksek performanslı FPV uçuşları için tasarlanmıştır. With Aluminum Heatsink varyantı ve Passive Thermal Shield donanımı ile 4V-30V Input güç sistemleriyle tam uyumludur. Orijinal üretici garantili.	https://pozitronmarket.com/products/matek-systems-buck-boost-12v-2a-with-aluminum-heatsink-18	https://pozitronmarket.com/assets/products/PZTR-CON-0018.jpg	in_stock	650.00 TRY	Matek Systems	new	5433	no	TR:::Standart Kargo:99.00 TRY
PZTR-CAM-0031	Caddx Ant Nano 1200TVL (Silver 1.8mm Lens)	Resmi Caddx Ant Nano 1200TVL, yüksek performanslı FPV uçuşları için tasarlanmıştır. Silver 1.8mm Lens varyantı ve 4:3 Global WDR donanımı ile 2 Grams Ultralight güç sistemleriyle tam uyumludur. Orijinal üretici garantili.	https://pozitronmarket.com/products/caddx-ant-nano-1200tvl-silver-1-8mm-lens-31	https://pozitronmarket.com/assets/products/PZTR-CAM-0031.jpg	in_stock	925.00 TRY	Caddx	new	5433	no	TR:::Standart Kargo:99.00 TRY
PZTR-TXR-0011	RadioMaster Pocket EdgeTX (ELRS 2.4GHz / Charcoal)	Resmi RadioMaster Pocket EdgeTX, yüksek performanslı FPV uçuşları için tasarlanmıştır. ELRS 2.4GHz / Charcoal varyantı ve Removable Stick Ends donanımı ile EdgeTX Portable güç sistemleriyle tam uyumludur. Orijinal üretici garantili.	https://pozitronmarket.com/products/radiomaster-pocket-edgetx-elrs-2-4ghz-charcoal-11	https://pozitronmarket.com/assets/products/PZTR-TXR-0011.jpg	in_stock	3249.50 TRY	RadioMaster	new	5433	no	TR:::Standart Kargo:0.00 TRY
PZTR-PRO-0036	Gemfan Micro 31mm 4-Blade (Clear Blue (Set of 8))	Resmi Gemfan Micro 31mm 4-Blade, yüksek performanslı FPV uçuşları için tasarlanmıştır. Clear Blue (Set of 8) varyantı ve Polycarbonate donanımı ile 0.8mm Shaft güç sistemleriyle tam uyumludur. Orijinal üretici garantili.	https://pozitronmarket.com/products/gemfan-micro-31mm-4-blade-clear-blue-set-of-8-36	https://pozitronmarket.com/assets/products/PZTR-PRO-0036.jpg	in_stock	145.00 TRY	Gemfan	new	5433	no	TR:::Standart Kargo:99.00 TRY
PZTR-ANT-0002	Foxeer Lollipop 4 Plus (LHCP SMA (2-Pack))	Resmi Foxeer Lollipop 4 Plus, yüksek performanslı FPV uçuşları için tasarlanmıştır. LHCP SMA (2-Pack) varyantı ve DJI Digital Compatible donanımı ile 5.8GHz Omnidirectional güç sistemleriyle tam uyumludur. Orijinal üretici garantili.	https://pozitronmarket.com/products/foxeer-lollipop-4-plus-lhcp-sma-2-pack-2	https://pozitronmarket.com/assets/products/PZTR-ANT-0002.jpg	in_stock	995.00 TRY	Foxeer	new	5433	no	TR:::Standart Kargo:99.00 TRY
PZTR-TOO-0004	Miniware TS101 Soldering Iron (With 65W GaN Power Supply)	Resmi Miniware TS101 Soldering Iron, yüksek performanslı FPV uçuşları için tasarlanmıştır. With 65W GaN Power Supply varyantı ve Includes 100W PD Cable donanımı ile Complete Ready-To-Solder güç sistemleriyle tam uyumludur. Orijinal üretici garantili.	https://pozitronmarket.com/products/miniware-ts101-soldering-iron-with-65w-gan-power-supply-4	https://pozitronmarket.com/assets/products/PZTR-TOO-0004.jpg	in_stock	3999.50 TRY	Miniware	new	5433	no	TR:::Standart Kargo:0.00 TRY
PZTR-PRO-0017	Gemfan Cinewhoop D90S (Transparent Blue (Set of 4))	Resmi Gemfan Cinewhoop D90S, yüksek performanslı FPV uçuşları için tasarlanmıştır. Transparent Blue (Set of 4) varyantı ve High Impact PC donanımı ile 1.5mm/T-Mount güç sistemleriyle tam uyumludur. Orijinal üretici garantili.	https://pozitronmarket.com/products/gemfan-cinewhoop-d90s-transparent-blue-set-of-4-17	https://pozitronmarket.com/assets/products/PZTR-PRO-0017.jpg	in_stock	190.00 TRY	Gemfan	new	5433	no	TR:::Standart Kargo:99.00 TRY
PZTR-TXR-0022	TBS (Team BlackSheep) Crossfire Nano RX Pro (With Extended Immortal-T)	Resmi TBS (Team BlackSheep) Crossfire Nano RX Pro, yüksek performanslı FPV uçuşları için tasarlanmıştır. With Extended Immortal-T varyantı ve Long Range Mountain Spec donanımı ile Crossfire 868/915MHz güç sistemleriyle tam uyumludur. Orijinal üretici garantili.	https://pozitronmarket.com/products/tbs-team-blacksheep-crossfire-nano-rx-pro-with-extended-immortal-t-22	https://pozitronmarket.com/assets/products/PZTR-TXR-0022.jpg	in_stock	2125.00 TRY	TBS (Team BlackSheep)	new	5433	no	TR:::Standart Kargo:0.00 TRY
PZTR-ESC-0030	Hobbywing XRotor Micro 60A (60A XT60 Direct)	Resmi Hobbywing XRotor Micro 60A, yüksek performanslı FPV uçuşları için tasarlanmıştır. 60A XT60 Direct varyantı ve Direct Solder Pads donanımı ile 3-6S LiPo güç sistemleriyle tam uyumludur. Orijinal üretici garantili.	https://pozitronmarket.com/products/hobbywing-xrotor-micro-60a-60a-xt60-direct-30	https://pozitronmarket.com/assets/products/PZTR-ESC-0030.jpg	in_stock	3800.00 TRY	Hobbywing	new	5433	no	TR:::Standart Kargo:0.00 TRY
PZTR-PRO-0044	HQProp 5x4.3x3 V1S (10 Sets Bulk Pack)	Resmi HQProp 5x4.3x3 V1S, yüksek performanslı FPV uçuşları için tasarlanmıştır. 10 Sets Bulk Pack varyantı ve Light Blue donanımı ile 5mm Shaft güç sistemleriyle tam uyumludur. Orijinal üretici garantili.	https://pozitronmarket.com/products/hqprop-5x4-3x3-v1s-10-sets-bulk-pack-44	https://pozitronmarket.com/assets/products/PZTR-PRO-0044.jpg	in_stock	825.00 TRY	HQProp	new	5433	no	TR:::Standart Kargo:99.00 TRY
PZTR-TXR-0014	RadioMaster Pocket EdgeTX (With 2x 18650 Battery Pack)	Resmi RadioMaster Pocket EdgeTX, yüksek performanslı FPV uçuşları için tasarlanmıştır. With 2x 18650 Battery Pack varyantı ve Includes High Drain Cells donanımı ile EdgeTX Portable güç sistemleriyle tam uyumludur. Orijinal üretici garantili.	https://pozitronmarket.com/products/radiomaster-pocket-edgetx-with-2x-18650-battery-pack-14	https://pozitronmarket.com/assets/products/PZTR-TXR-0014.jpg	in_stock	3749.50 TRY	RadioMaster	new	5433	no	TR:::Standart Kargo:0.00 TRY
PZTR-CAM-0011	Caddx Ratel 2 Micro (Black 2.1mm Lens)	"Resmi Caddx Ratel 2 Micro, yüksek performanslı FPV uçuşları için tasarlanmıştır. Black 2.1mm Lens varyantı ve 1/1.8"" Starlight HDR donanımı ile Day/Night Auto güç sistemleriyle tam uyumludur. Orijinal üretici garantili."	https://pozitronmarket.com/products/caddx-ratel-2-micro-black-2-1mm-lens-11	https://pozitronmarket.com/assets/products/PZTR-CAM-0011.jpg	in_stock	2073.88 TRY	Caddx	new	5433	no	TR:::Standart Kargo:0.00 TRY
PZTR-BAT-0007	CNHL Black Series 1500mAh (6S 1500mAh 100C (XT60))	Resmi CNHL Black Series 1500mAh, yüksek performanslı FPV uçuşları için tasarlanmıştır. 6S 1500mAh 100C (XT60) varyantı ve High Capacity 6S Power donanımı ile 22.2V / XT60 güç sistemleriyle tam uyumludur. Orijinal üretici garantili.	https://pozitronmarket.com/products/cnhl-black-series-1500mah-6s-1500mah-100c-xt60-7	https://pozitronmarket.com/assets/products/PZTR-BAT-0007.jpg	in_stock	1599.50 TRY	CNHL	new	5433	no	TR:::Standart Kargo:0.00 TRY
PZTR-BAT-0016	ISDT K4 Smart Dual Charger (Standard AC/DC Version)	Resmi ISDT K4 Smart Dual Charger, yüksek performanslı FPV uçuşları için tasarlanmıştır. Standard AC/DC Version varyantı ve Color IPS Display donanımı ile AC 400W / DC 600Wx2 güç sistemleriyle tam uyumludur. Orijinal üretici garantili.	https://pozitronmarket.com/products/isdt-k4-smart-dual-charger-standard-ac-dc-version-16	https://pozitronmarket.com/assets/products/PZTR-BAT-0016.jpg	in_stock	7450.00 TRY	ISDT	new	5433	no	TR:::Standart Kargo:0.00 TRY
PZTR-VTX-0027	TBS (Team BlackSheep) Unify Pro32 Nano (With Linear Whip Antenna)	Resmi TBS (Team BlackSheep) Unify Pro32 Nano, yüksek performanslı FPV uçuşları için tasarlanmıştır. With Linear Whip Antenna varyantı ve Micro Whoop Pre-Installed donanımı ile 25-500mW Variable güç sistemleriyle tam uyumludur. Orijinal üretici garantili.	https://pozitronmarket.com/products/tbs-team-blacksheep-unify-pro32-nano-with-linear-whip-antenna-27	https://pozitronmarket.com/assets/products/PZTR-VTX-0027.jpg	in_stock	1825.00 TRY	TBS (Team BlackSheep)	new	5433	no	TR:::Standart Kargo:0.00 TRY
PZTR-TOO-0031	Ethix Prop Tool Wrench (Standard 8mm Nut Wrench)	Resmi Ethix Prop Tool Wrench, yüksek performanslı FPV uçuşları için tasarlanmıştır. Standard 8mm Nut Wrench varyantı ve Quick Swap Propeller Ratchet donanımı ile Green & Black Grip güç sistemleriyle tam uyumludur. Orijinal üretici garantili.	https://pozitronmarket.com/products/ethix-prop-tool-wrench-standard-8mm-nut-wrench-31	https://pozitronmarket.com/assets/products/PZTR-TOO-0031.jpg	in_stock	495.00 TRY	Ethix	new	5433	no	TR:::Standart Kargo:99.00 TRY
PZTR-PRO-0049	Gemfan Moonlight LED 51466 (Green LED (Set of 4))	Resmi Gemfan Moonlight LED 51466, yüksek performanslı FPV uçuşları için tasarlanmıştır. Green LED (Set of 4) varyantı ve Built-in Batteries donanımı ile 5mm Shaft güç sistemleriyle tam uyumludur. Orijinal üretici garantili.	https://pozitronmarket.com/products/gemfan-moonlight-led-51466-green-led-set-of-4-49	https://pozitronmarket.com/assets/products/PZTR-PRO-0049.jpg	in_stock	693.80 TRY	Gemfan	new	5433	no	TR:::Standart Kargo:99.00 TRY
PZTR-TOO-0021	RDQ M2 & M3 Hardware Standoff Kit (300-Piece Assorted Box)	Resmi RDQ M2 & M3 Hardware Standoff Kit, yüksek performanslı FPV uçuşları için tasarlanmıştır. 300-Piece Assorted Box varyantı ve Black Nylon & Grade 12.9 Steel donanımı ile M2 & M3 Various Lengths güç sistemleriyle tam uyumludur. Orijinal üretici garantili.	https://pozitronmarket.com/products/rdq-m2-m3-hardware-standoff-kit-300-piece-assorted-box-21	https://pozitronmarket.com/assets/products/PZTR-TOO-0021.jpg	in_stock	799.50 TRY	RDQ	new	5433	no	TR:::Standart Kargo:99.00 TRY
PZTR-ANT-0035	Lumenier AXII 2 5.8GHz (Pair of 2 AXII 2 Antennas)	Resmi Lumenier AXII 2 5.8GHz, yüksek performanslı FPV uçuşları için tasarlanmıştır. Pair of 2 AXII 2 Antennas varyantı ve Dual Diversity Combo donanımı ile 5.8GHz Video güç sistemleriyle tam uyumludur. Orijinal üretici garantili.	https://pozitronmarket.com/products/lumenier-axii-2-5-8ghz-pair-of-2-axii-2-antennas-35	https://pozitronmarket.com/assets/products/PZTR-ANT-0035.jpg	in_stock	2100.00 TRY	Lumenier	new	5433	no	TR:::Standart Kargo:0.00 TRY
PZTR-FLI-0027	Happymodel Crazybee G473 AIO (With UART ELRS 2.4G)	Resmi Happymodel Crazybee G473 AIO, yüksek performanslı FPV uçuşları için tasarlanmıştır. With UART ELRS 2.4G varyantı ve Full Range ExpressLRS donanımı ile 1-2S LiPo güç sistemleriyle tam uyumludur. Orijinal üretici garantili.	https://pozitronmarket.com/products/happymodel-crazybee-g473-aio-with-uart-elrs-2-4g-27	https://pozitronmarket.com/assets/products/PZTR-FLI-0027.jpg	in_stock	2700.00 TRY	Happymodel	new	5433	no	TR:::Standart Kargo:0.00 TRY
PZTR-MOT-0033	GEPRC SPEEDX2 2107.5 (1960KV Gold)	Resmi GEPRC SPEEDX2 2107.5, yüksek performanslı FPV uçuşları için tasarlanmıştır. 1960KV Gold varyantı ve Gold Accent donanımı ile 6S güç sistemleriyle tam uyumludur. Orijinal üretici garantili.	https://pozitronmarket.com/products/geprc-speedx2-2107-5-1960kv-gold-33	https://pozitronmarket.com/assets/products/PZTR-MOT-0033.jpg	in_stock	1125.00 TRY	GEPRC	new	5433	no	TR:::Standart Kargo:99.00 TRY
PZTR-FRA-0045	iFlight Chimera7 Pro V2 (Expedition All-Weather Kit)	Resmi iFlight Chimera7 Pro V2, yüksek performanslı FPV uçuşları için tasarlanmıştır. Expedition All-Weather Kit varyantı ve Includes Dust Side Plates donanımı ile Silicone Protected güç sistemleriyle tam uyumludur. Orijinal üretici garantili.	https://pozitronmarket.com/products/iflight-chimera7-pro-v2-expedition-all-weather-kit-45	https://pozitronmarket.com/assets/products/PZTR-FRA-0045.jpg	in_stock	5600.00 TRY	iFlight	new	5433	no	TR:::Standart Kargo:0.00 TRY
PZTR-ESC-0004	SpeedyBee F405 V4 55A 4in1 (55A Dual Pack)	Resmi SpeedyBee F405 V4 55A 4in1, yüksek performanslı FPV uçuşları için tasarlanmıştır. 55A Dual Pack varyantı ve Spare Combo (2-Pack) donanımı ile 3-6S LiPo güç sistemleriyle tam uyumludur. Orijinal üretici garantili.	https://pozitronmarket.com/products/speedybee-f405-v4-55a-4in1-55a-dual-pack-4	https://pozitronmarket.com/assets/products/PZTR-ESC-0004.jpg	in_stock	8277.01 TRY	SpeedyBee	new	5433	no	TR:::Standart Kargo:0.00 TRY
PZTR-FLI-0007	Foxeer F722 V4 Dual Gyro Pro (Mini 20x20mm Version)	Resmi Foxeer F722 V4 Dual Gyro Pro, yüksek performanslı FPV uçuşları için tasarlanmıştır. Mini 20x20mm Version varyantı ve Compact Racing Stack donanımı ile Betaflight 4.5 güç sistemleriyle tam uyumludur. Orijinal üretici garantili.	https://pozitronmarket.com/products/foxeer-f722-v4-dual-gyro-pro-mini-20x20mm-version-7	https://pozitronmarket.com/assets/products/PZTR-FLI-0007.jpg	in_stock	2700.00 TRY	Foxeer	new	5433	no	TR:::Standart Kargo:0.00 TRY
PZTR-FLI-0036	GEPRC GEP-F722-HD FC (30.5x30.5mm Standard)	Resmi GEPRC GEP-F722-HD FC, yüksek performanslı FPV uçuşları için tasarlanmıştır. 30.5x30.5mm Standard varyantı ve Direct DJI & Walksnail Ports donanımı ile Betaflight 4.5 güç sistemleriyle tam uyumludur. Orijinal üretici garantili.	https://pozitronmarket.com/products/geprc-gep-f722-hd-fc-30-5x30-5mm-standard-36	https://pozitronmarket.com/assets/products/PZTR-FLI-0036.jpg	in_stock	2995.00 TRY	GEPRC	new	5433	no	TR:::Standart Kargo:0.00 TRY
PZTR-CAM-0016	Foxeer Predator 5 Nano (Black 1.7mm Lens)	Resmi Foxeer Predator 5 Nano, yüksek performanslı FPV uçuşları için tasarlanmıştır. Black 1.7mm Lens varyantı ve 14x14mm Nano Size donanımı ile 4ms Ultra Low Latency güç sistemleriyle tam uyumludur. Orijinal üretici garantili.	https://pozitronmarket.com/products/foxeer-predator-5-nano-black-1-7mm-lens-16	https://pozitronmarket.com/assets/products/PZTR-CAM-0016.jpg	in_stock	1625.00 TRY	Foxeer	new	5433	no	TR:::Standart Kargo:0.00 TRY
PZTR-ESC-0040	TBS (Team BlackSheep) PowerCube 60A (60A Telemetry Pro)	Resmi TBS (Team BlackSheep) PowerCube 60A, yüksek performanslı FPV uçuşları için tasarlanmıştır. 60A Telemetry Pro varyantı ve Real-Time Blackbox Feedback donanımı ile 3-6S LiPo güç sistemleriyle tam uyumludur. Orijinal üretici garantili.	https://pozitronmarket.com/products/tbs-team-blacksheep-powercube-60a-60a-telemetry-pro-40	https://pozitronmarket.com/assets/products/PZTR-ESC-0040.jpg	in_stock	4700.00 TRY	TBS (Team BlackSheep)	new	5433	no	TR:::Standart Kargo:0.00 TRY
PZTR-TOO-0038	Sequre SQ-001 Soldering Iron (With XT60 4S/6S LiPo Cable)	Resmi Sequre SQ-001 Soldering Iron, yüksek performanslı FPV uçuşları için tasarlanmıştır. With XT60 4S/6S LiPo Cable varyantı ve Field Solder from Drone Battery donanımı ile Plug & Solder güç sistemleriyle tam uyumludur. Orijinal üretici garantili.	https://pozitronmarket.com/products/sequre-sq-001-soldering-iron-with-xt60-4s-6s-lipo-cable-38	https://pozitronmarket.com/assets/products/PZTR-TOO-0038.jpg	in_stock	2725.00 TRY	Sequre	new	5433	no	TR:::Standart Kargo:0.00 TRY
PZTR-CAM-0024	HDZero Nano 90 V2 Camera (Low Light Enhanced Sensor)	Resmi HDZero Nano 90 V2 Camera, yüksek performanslı FPV uçuşları için tasarlanmıştır. Low Light Enhanced Sensor varyantı ve Wide Aperture Lens donanımı ile Zero Latency Digital güç sistemleriyle tam uyumludur. Orijinal üretici garantili.	https://pozitronmarket.com/products/hdzero-nano-90-v2-camera-low-light-enhanced-sensor-24	https://pozitronmarket.com/assets/products/PZTR-CAM-0024.jpg	in_stock	3750.00 TRY	HDZero	new	5433	no	TR:::Standart Kargo:0.00 TRY
PZTR-FLI-0025	BetaFPV F722 AIO 40A Toothpick (Carbon Mount Protective Tray)	Resmi BetaFPV F722 AIO 40A Toothpick, yüksek performanslı FPV uçuşları için tasarlanmıştır. Carbon Mount Protective Tray varyantı ve TPU Soft Grommets donanımı ile 2-6S LiPo güç sistemleriyle tam uyumludur. Orijinal üretici garantili.	https://pozitronmarket.com/products/betafpv-f722-aio-40a-toothpick-carbon-mount-protective-tray-25	https://pozitronmarket.com/assets/products/PZTR-FLI-0025.jpg	in_stock	4225.00 TRY	BetaFPV	new	5433	no	TR:::Standart Kargo:0.00 TRY
PZTR-FLI-0005	SpeedyBee F405 V4 Master FC (Fleet Pack (2x FC))	Resmi SpeedyBee F405 V4 Master FC, yüksek performanslı FPV uçuşları için tasarlanmıştır. Fleet Pack (2x FC) varyantı ve 2 Complete Boards donanımı ile Betaflight / INAV güç sistemleriyle tam uyumludur. Orijinal üretici garantili.	https://pozitronmarket.com/products/speedybee-f405-v4-master-fc-fleet-pack-2x-fc-5	https://pozitronmarket.com/assets/products/PZTR-FLI-0005.jpg	in_stock	3950.00 TRY	SpeedyBee	new	5433	no	TR:::Standart Kargo:0.00 TRY
PZTR-CAM-0029	RunCam Thumb Pro 4K V2 (Spare Lens Module Kit)	Resmi RunCam Thumb Pro 4K V2, yüksek performanslı FPV uçuşları için tasarlanmıştır. Spare Lens Module Kit varyantı ve Quick Replace Glass donanımı ile Gyroflow Logging güç sistemleriyle tam uyumludur. Orijinal üretici garantili.	https://pozitronmarket.com/products/runcam-thumb-pro-4k-v2-spare-lens-module-kit-29	https://pozitronmarket.com/assets/products/PZTR-CAM-0029.jpg	in_stock	4800.00 TRY	RunCam	new	5433	no	TR:::Standart Kargo:0.00 TRY
PZTR-VTX-0003	TBS (Team BlackSheep) Unify Pro32 HV (Heatsink Mounted Spec)	Resmi TBS (Team BlackSheep) Unify Pro32 HV, yüksek performanslı FPV uçuşları için tasarlanmıştır. Heatsink Mounted Spec varyantı ve Aluminum Passive Cooler donanımı ile SmartAudio 2.1 güç sistemleriyle tam uyumludur. Orijinal üretici garantili.	https://pozitronmarket.com/products/tbs-team-blacksheep-unify-pro32-hv-heatsink-mounted-spec-3	https://pozitronmarket.com/assets/products/PZTR-VTX-0003.jpg	in_stock	2750.00 TRY	TBS (Team BlackSheep)	new	5433	no	TR:::Standart Kargo:0.00 TRY
PZTR-FLI-0009	Foxeer F722 V4 Dual Gyro Pro (Special Blackbox Edition)	Resmi Foxeer F722 V4 Dual Gyro Pro, yüksek performanslı FPV uçuşları için tasarlanmıştır. Special Blackbox Edition varyantı ve 128MB Onboard Flash donanımı ile Betaflight 4.5 güç sistemleriyle tam uyumludur. Orijinal üretici garantili.	https://pozitronmarket.com/products/foxeer-f722-v4-dual-gyro-pro-special-blackbox-edition-9	https://pozitronmarket.com/assets/products/PZTR-FLI-0009.jpg	in_stock	4348.82 TRY	Foxeer	new	5433	no	TR:::Standart Kargo:0.00 TRY
PZTR-CON-0020	Matek Systems Buck-Boost 12V 2A (Heavy Duty 4A Edition)	Resmi Matek Systems Buck-Boost 12V 2A, yüksek performanslı FPV uçuşları için tasarlanmıştır. Heavy Duty 4A Edition varyantı ve High Current Rail donanımı ile 6V-30V Input güç sistemleriyle tam uyumludur. Orijinal üretici garantili.	https://pozitronmarket.com/products/matek-systems-buck-boost-12v-2a-heavy-duty-4a-edition-20	https://pozitronmarket.com/assets/products/PZTR-CON-0020.jpg	in_stock	775.00 TRY	Matek Systems	new	5433	no	TR:::Standart Kargo:99.00 TRY
PZTR-TXR-0004	RadioMaster TX16S MKII MAX (JB Joshua Bardwell Edition)	Resmi RadioMaster TX16S MKII MAX, yüksek performanslı FPV uçuşları için tasarlanmıştır. JB Joshua Bardwell Edition varyantı ve Pre-Configured Soundpacks donanımı ile EdgeTX / Touchscreen güç sistemleriyle tam uyumludur. Orijinal üretici garantili.	https://pozitronmarket.com/products/radiomaster-tx16s-mkii-max-jb-joshua-bardwell-edition-4	https://pozitronmarket.com/assets/products/PZTR-TXR-0004.jpg	in_stock	12999.50 TRY	RadioMaster	new	5433	no	TR:::Standart Kargo:0.00 TRY
PZTR-BAT-0031	Tattu FunFly 1300mAh 6S (Single 6S 1300mAh Pack)	Resmi Tattu FunFly 1300mAh 6S, yüksek performanslı FPV uçuşları için tasarlanmıştır. Single 6S 1300mAh Pack varyantı ve High Value Freestyle donanımı ile 22.2V / XT60 güç sistemleriyle tam uyumludur. Orijinal üretici garantili.	https://pozitronmarket.com/products/tattu-funfly-1300mah-6s-single-6s-1300mah-pack-31	https://pozitronmarket.com/assets/products/PZTR-BAT-0031.jpg	in_stock	1375.00 TRY	Tattu	new	5433	no	TR:::Standart Kargo:99.00 TRY
PZTR-BAT-0017	ISDT K4 Smart Dual Charger (With Parallel Charging Board)	Resmi ISDT K4 Smart Dual Charger, yüksek performanslı FPV uçuşları için tasarlanmıştır. With Parallel Charging Board varyantı ve Charge 4 Packs at Once donanımı ile Multi-Port XT60 güç sistemleriyle tam uyumludur. Orijinal üretici garantili.	https://pozitronmarket.com/products/isdt-k4-smart-dual-charger-with-parallel-charging-board-17	https://pozitronmarket.com/assets/products/PZTR-BAT-0017.jpg	in_stock	13856.41 TRY	ISDT	new	5433	no	TR:::Standart Kargo:0.00 TRY
PZTR-GPS-0035	CUAV NEO 3 Pro GNSS (Complete Avionics Cable Kit)	Resmi CUAV NEO 3 Pro GNSS, yüksek performanslı FPV uçuşları için tasarlanmıştır. Complete Avionics Cable Kit varyantı ve Includes CAN & UART Harness donanımı ile Direct Pixhawk Plug güç sistemleriyle tam uyumludur. Orijinal üretici garantili.	https://pozitronmarket.com/products/cuav-neo-3-pro-gnss-complete-avionics-cable-kit-35	https://pozitronmarket.com/assets/products/PZTR-GPS-0035.jpg	in_stock	4700.00 TRY	CUAV	new	5433	no	TR:::Standart Kargo:0.00 TRY
PZTR-FLI-0004	SpeedyBee F405 V4 Master FC (Pre-Flashed INAV 7)	Resmi SpeedyBee F405 V4 Master FC, yüksek performanslı FPV uçuşları için tasarlanmıştır. Pre-Flashed INAV 7 varyantı ve Fixed Wing & Return Home donanımı ile INAV Navigation güç sistemleriyle tam uyumludur. Orijinal üretici garantili.	https://pozitronmarket.com/products/speedybee-f405-v4-master-fc-pre-flashed-inav-7-4	https://pozitronmarket.com/assets/products/PZTR-FLI-0004.jpg	in_stock	2175.00 TRY	SpeedyBee	new	5433	no	TR:::Standart Kargo:0.00 TRY
PZTR-FLI-0028	Happymodel Crazybee G473 AIO (Ultra Lightweight 4.8g)	Resmi Happymodel Crazybee G473 AIO, yüksek performanslı FPV uçuşları için tasarlanmıştır. Ultra Lightweight 4.8g varyantı ve Competition Whoop Spec donanımı ile 1S Only güç sistemleriyle tam uyumludur. Orijinal üretici garantili.	https://pozitronmarket.com/products/happymodel-crazybee-g473-aio-ultra-lightweight-4-8g-28	https://pozitronmarket.com/assets/products/PZTR-FLI-0028.jpg	in_stock	2350.00 TRY	Happymodel	new	5433	no	TR:::Standart Kargo:0.00 TRY
PZTR-PRO-0032	Master Airscrew 1045 Foldable Carbon (2 Pairs (Quad Set))	Resmi Master Airscrew 1045 Foldable Carbon, yüksek performanslı FPV uçuşları için tasarlanmıştır. 2 Pairs (Quad Set) varyantı ve Carbon Composite donanımı ile Direct Mount güç sistemleriyle tam uyumludur. Orijinal üretici garantili.	https://pozitronmarket.com/products/master-airscrew-1045-foldable-carbon-2-pairs-quad-set-32	https://pozitronmarket.com/assets/products/PZTR-PRO-0032.jpg	in_stock	1805.36 TRY	Master Airscrew	new	5433	no	TR:::Standart Kargo:0.00 TRY
PZTR-TXR-0036	TBS (Team BlackSheep) Tracer Nano RX (Standard 250Hz Racing)	Resmi TBS (Team BlackSheep) Tracer Nano RX, yüksek performanslı FPV uçuşları için tasarlanmıştır. Standard 250Hz Racing varyantı ve Dual 2.4GHz Dipole Antennas donanımı ile TBS Tracer Protocol güç sistemleriyle tam uyumludur. Orijinal üretici garantili.	https://pozitronmarket.com/products/tbs-team-blacksheep-tracer-nano-rx-standard-250hz-racing-36	https://pozitronmarket.com/assets/products/PZTR-TXR-0036.jpg	in_stock	1725.00 TRY	TBS (Team BlackSheep)	new	5433	no	TR:::Standart Kargo:0.00 TRY
PZTR-ANT-0015	TrueRC Singularity 5.8G Patch (Custom White Finish)	Resmi TrueRC Singularity 5.8G Patch, yüksek performanslı FPV uçuşları için tasarlanmıştır. Custom White Finish varyantı ve Heat Reflective Shell donanımı ile Goggle Mount güç sistemleriyle tam uyumludur. Orijinal üretici garantili.	https://pozitronmarket.com/products/truerc-singularity-5-8g-patch-custom-white-finish-15	https://pozitronmarket.com/assets/products/PZTR-ANT-0015.jpg	in_stock	2703.95 TRY	TrueRC	new	5433	no	TR:::Standart Kargo:0.00 TRY
PZTR-FLI-0012	Matek Systems H743-WING V3 (With CAN Bus Cable Kit)	Resmi Matek Systems H743-WING V3, yüksek performanslı FPV uçuşları için tasarlanmıştır. With CAN Bus Cable Kit varyantı ve CAN & Dual I2C Ready donanımı ile ArduPilot / INAV güç sistemleriyle tam uyumludur. Orijinal üretici garantili.	https://pozitronmarket.com/products/matek-systems-h743-wing-v3-with-can-bus-cable-kit-12	https://pozitronmarket.com/assets/products/PZTR-FLI-0012.jpg	in_stock	5200.00 TRY	Matek Systems	new	5433	no	TR:::Standart Kargo:0.00 TRY
PZTR-GPS-0015	Matek Systems MicoAir MTF-01 Optical Flow (Dual Sensor Flight Test Kit)	Resmi Matek Systems MicoAir MTF-01 Optical Flow, yüksek performanslı FPV uçuşları için tasarlanmıştır. Dual Sensor Flight Test Kit varyantı ve Includes 2 Units donanımı ile Developer Fleet Pack güç sistemleriyle tam uyumludur. Orijinal üretici garantili.	https://pozitronmarket.com/products/matek-systems-micoair-mtf-01-optical-flow-dual-sensor-flight-test-kit-15	https://pozitronmarket.com/assets/products/PZTR-GPS-0015.jpg	in_stock	3600.00 TRY	Matek Systems	new	5433	no	TR:::Standart Kargo:0.00 TRY
PZTR-MOT-0042	AxisFlying C2807 Long Range (1500KV)	Resmi AxisFlying C2807 Long Range, yüksek performanslı FPV uçuşları için tasarlanmıştır. 1500KV varyantı ve Black donanımı ile 6S güç sistemleriyle tam uyumludur. Orijinal üretici garantili.	https://pozitronmarket.com/products/axisflying-c2807-long-range-1500kv-42	https://pozitronmarket.com/assets/products/PZTR-MOT-0042.jpg	in_stock	1595.00 TRY	AxisFlying	new	5433	no	TR:::Standart Kargo:0.00 TRY
PZTR-CON-0031	Holybro PM02 V3 Power Module (Standard 12S XT60)	Resmi Holybro PM02 V3 Power Module, yüksek performanslı FPV uçuşları için tasarlanmıştır. Standard 12S XT60 varyantı ve 5.2V 3A Low Noise Out donanımı ile 2-12S LiPo güç sistemleriyle tam uyumludur. Orijinal üretici garantili.	https://pozitronmarket.com/products/holybro-pm02-v3-power-module-standard-12s-xt60-31	https://pozitronmarket.com/assets/products/PZTR-CON-0031.jpg	in_stock	1225.00 TRY	Holybro	new	5433	no	TR:::Standart Kargo:99.00 TRY
PZTR-FRA-0031	BetaFPV Pavo20 Pro Whoop (Standard Black Carbon & Ducts)	Resmi BetaFPV Pavo20 Pro Whoop, yüksek performanslı FPV uçuşları için tasarlanmıştır. Standard Black Carbon & Ducts varyantı ve 2-Inch Ultra Compact donanımı ile DJI O3 / Walksnail Mini güç sistemleriyle tam uyumludur. Orijinal üretici garantili.	https://pozitronmarket.com/products/betafpv-pavo20-pro-whoop-standard-black-carbon-ducts-31	https://pozitronmarket.com/assets/products/PZTR-FRA-0031.jpg	in_stock	1951.29 TRY	BetaFPV	new	5433	no	TR:::Standart Kargo:0.00 TRY
PZTR-ESC-0045	Spedix IS45 Single Arm ESC (Pre-Flashed BLHeli_32)	Resmi Spedix IS45 Single Arm ESC, yüksek performanslı FPV uçuşları için tasarlanmıştır. Pre-Flashed BLHeli_32 varyantı ve High Frequency 48kHz donanımı ile 3-6S LiPo güç sistemleriyle tam uyumludur. Orijinal üretici garantili.	https://pozitronmarket.com/products/spedix-is45-single-arm-esc-pre-flashed-blheli-32-45	https://pozitronmarket.com/assets/products/PZTR-ESC-0045.jpg	in_stock	900.00 TRY	Spedix	new	5433	no	TR:::Standart Kargo:99.00 TRY
PZTR-PRO-0013	HQProp Ethix P3 Peanut Butter (Bulk Pack of 20)	Resmi HQProp Ethix P3 Peanut Butter, yüksek performanslı FPV uçuşları için tasarlanmıştır. Bulk Pack of 20 varyantı ve Peanut Butter Brown donanımı ile 5mm Shaft güç sistemleriyle tam uyumludur. Orijinal üretici garantili.	https://pozitronmarket.com/products/hqprop-ethix-p3-peanut-butter-bulk-pack-of-20-13	https://pozitronmarket.com/assets/products/PZTR-PRO-0013.jpg	in_stock	945.00 TRY	HQProp	new	5433	no	TR:::Standart Kargo:99.00 TRY
PZTR-TXR-0017	RadioMaster RP1 ExpressLRS RX (Long Range 150mm Antenna)	Resmi RadioMaster RP1 ExpressLRS RX, yüksek performanslı FPV uçuşları için tasarlanmıştır. Long Range 150mm Antenna varyantı ve Carbon Frame Clearance donanımı ile ELRS 2.4GHz / SX1280 güç sistemleriyle tam uyumludur. Orijinal üretici garantili.	https://pozitronmarket.com/products/radiomaster-rp1-expresslrs-rx-long-range-150mm-antenna-17	https://pozitronmarket.com/assets/products/PZTR-TXR-0017.jpg	in_stock	1440.26 TRY	RadioMaster	new	5433	no	TR:::Standart Kargo:99.00 TRY
PZTR-GPS-0020	Holybro Micro M10 GPS (Enterprise Redundant Pair)	Resmi Holybro Micro M10 GPS, yüksek performanslı FPV uçuşları için tasarlanmıştır. Enterprise Redundant Pair varyantı ve Dual GPS Setup (2 Units) donanımı ile Failover Protection güç sistemleriyle tam uyumludur. Orijinal üretici garantili.	https://pozitronmarket.com/products/holybro-micro-m10-gps-enterprise-redundant-pair-20	https://pozitronmarket.com/assets/products/PZTR-GPS-0020.jpg	in_stock	3200.00 TRY	Holybro	new	5433	no	TR:::Standart Kargo:0.00 TRY
PZTR-ANT-0032	Lumenier AXII 2 5.8GHz (Straight SMA RHCP)	Resmi Lumenier AXII 2 5.8GHz, yüksek performanslı FPV uçuşları için tasarlanmıştır. Straight SMA RHCP varyantı ve Standard Goggle / VTX donanımı ile 5.8GHz Video güç sistemleriyle tam uyumludur. Orijinal üretici garantili.	https://pozitronmarket.com/products/lumenier-axii-2-5-8ghz-straight-sma-rhcp-32	https://pozitronmarket.com/assets/products/PZTR-ANT-0032.jpg	in_stock	1149.50 TRY	Lumenier	new	5433	no	TR:::Standart Kargo:99.00 TRY
PZTR-MOT-0024	EMAX ECO II 2207 (1700KV 4-Pack)	Resmi EMAX ECO II 2207, yüksek performanslı FPV uçuşları için tasarlanmıştır. 1700KV 4-Pack varyantı ve Anodized Black (Set of 4) donanımı ile 6S güç sistemleriyle tam uyumludur. Orijinal üretici garantili.	https://pozitronmarket.com/products/emax-eco-ii-2207-1700kv-4-pack-24	https://pozitronmarket.com/assets/products/PZTR-MOT-0024.jpg	in_stock	2995.00 TRY	EMAX	new	5433	no	TR:::Standart Kargo:0.00 TRY
PZTR-ESC-0039	TBS (Team BlackSheep) PowerCube 60A (60A Long Range Kit)	Resmi TBS (Team BlackSheep) PowerCube 60A, yüksek performanslı FPV uçuşları için tasarlanmıştır. 60A Long Range Kit varyantı ve Extended XT60 Leads donanımı ile 3-6S LiPo güç sistemleriyle tam uyumludur. Orijinal üretici garantili.	https://pozitronmarket.com/products/tbs-team-blacksheep-powercube-60a-60a-long-range-kit-39	https://pozitronmarket.com/assets/products/PZTR-ESC-0039.jpg	in_stock	4550.00 TRY	TBS (Team BlackSheep)	new	5433	no	TR:::Standart Kargo:0.00 TRY
PZTR-PRO-0007	HQProp Ethix S3 Watermelon (Set of 8 (2 Quads))	Resmi HQProp Ethix S3 Watermelon, yüksek performanslı FPV uçuşları için tasarlanmıştır. Set of 8 (2 Quads) varyantı ve Watermelon Pink/Green donanımı ile 5mm Shaft güç sistemleriyle tam uyumludur. Orijinal üretici garantili.	https://pozitronmarket.com/products/hqprop-ethix-s3-watermelon-set-of-8-2-quads-7	https://pozitronmarket.com/assets/products/PZTR-PRO-0007.jpg	in_stock	395.00 TRY	HQProp	new	5433	no	TR:::Standart Kargo:99.00 TRY
PZTR-CAM-0013	Caddx Ratel 2 Micro (Black 1.66mm Wide Lens)	Resmi Caddx Ratel 2 Micro, yüksek performanslı FPV uçuşları için tasarlanmıştır. Black 1.66mm Wide Lens varyantı ve Super Wide 165° FOV donanımı ile Day/Night Auto güç sistemleriyle tam uyumludur. Orijinal üretici garantili.	https://pozitronmarket.com/products/caddx-ratel-2-micro-black-1-66mm-wide-lens-13	https://pozitronmarket.com/assets/products/PZTR-CAM-0013.jpg	in_stock	1575.00 TRY	Caddx	new	5433	no	TR:::Standart Kargo:0.00 TRY
PZTR-CON-0014	iFlight LC Filter 3A 5-36V (Dual Filter Pack (2 Pcs))	Resmi iFlight LC Filter 3A 5-36V, yüksek performanslı FPV uçuşları için tasarlanmıştır. Dual Filter Pack (2 Pcs) varyantı ve FPV Cam & VTX Kit donanımı ile 2-8S LiPo güç sistemleriyle tam uyumludur. Orijinal üretici garantili.	https://pozitronmarket.com/products/iflight-lc-filter-3a-5-36v-dual-filter-pack-2-pcs-14	https://pozitronmarket.com/assets/products/PZTR-CON-0014.jpg	in_stock	595.00 TRY	iFlight	new	5433	no	TR:::Standart Kargo:99.00 TRY
PZTR-ESC-0015	Holybro Tekko32 F4 4in1 50A (50A Racing Edition)	Resmi Holybro Tekko32 F4 4in1 50A, yüksek performanslı FPV uçuşları için tasarlanmıştır. 50A Racing Edition varyantı ve Low Latency DShot1200 donanımı ile 3-6S LiPo güç sistemleriyle tam uyumludur. Orijinal üretici garantili.	https://pozitronmarket.com/products/holybro-tekko32-f4-4in1-50a-50a-racing-edition-15	https://pozitronmarket.com/assets/products/PZTR-ESC-0015.jpg	in_stock	3600.00 TRY	Holybro	new	5433	no	TR:::Standart Kargo:0.00 TRY
PZTR-CON-0009	Matek Systems FCHUB 12S V2 PDB (High Temp Silicone Leads)	Resmi Matek Systems FCHUB 12S V2 PDB, yüksek performanslı FPV uçuşları için tasarlanmıştır. High Temp Silicone Leads varyantı ve 10AWG Leads Pre-Installed donanımı ile 3-12S LiPo güç sistemleriyle tam uyumludur. Orijinal üretici garantili.	https://pozitronmarket.com/products/matek-systems-fchub-12s-v2-pdb-high-temp-silicone-leads-9	https://pozitronmarket.com/assets/products/PZTR-CON-0009.jpg	in_stock	1140.43 TRY	Matek Systems	new	5433	no	TR:::Standart Kargo:99.00 TRY
PZTR-CON-0012	iFlight LC Filter 3A 5-36V (5A Extreme Noise Filter)	Resmi iFlight LC Filter 3A 5-36V, yüksek performanslı FPV uçuşları için tasarlanmıştır. 5A Extreme Noise Filter varyantı ve Heavy Inductor donanımı ile 2-8S LiPo güç sistemleriyle tam uyumludur. Orijinal üretici garantili.	https://pozitronmarket.com/products/iflight-lc-filter-3a-5-36v-5a-extreme-noise-filter-12	https://pozitronmarket.com/assets/products/PZTR-CON-0012.jpg	in_stock	375.00 TRY	iFlight	new	5433	no	TR:::Standart Kargo:99.00 TRY
PZTR-TOO-0029	Vifly Finder 2 Autonomous Buzzer (Twin Pack Fleet Bundle)	Resmi Vifly Finder 2 Autonomous Buzzer, yüksek performanslı FPV uçuşları için tasarlanmıştır. Twin Pack Fleet Bundle varyantı ve Includes 2 Autonomous Buzzers donanımı ile Never Lose a Drone güç sistemleriyle tam uyumludur. Orijinal üretici garantili.	https://pozitronmarket.com/products/vifly-finder-2-autonomous-buzzer-twin-pack-fleet-bundle-29	https://pozitronmarket.com/assets/products/PZTR-TOO-0029.jpg	in_stock	1275.00 TRY	Vifly	new	5433	no	TR:::Standart Kargo:99.00 TRY
PZTR-FLI-0013	Matek Systems H743-WING V3 (Pre-Configured ArduPlane)	Resmi Matek Systems H743-WING V3, yüksek performanslı FPV uçuşları için tasarlanmıştır. Pre-Configured ArduPlane varyantı ve Waypoint Autopilot Ready donanımı ile ArduPilot 4.5 güç sistemleriyle tam uyumludur. Orijinal üretici garantili.	https://pozitronmarket.com/products/matek-systems-h743-wing-v3-pre-configured-arduplane-13	https://pozitronmarket.com/assets/products/PZTR-FLI-0013.jpg	in_stock	5100.00 TRY	Matek Systems	new	5433	no	TR:::Standart Kargo:0.00 TRY
PZTR-ESC-0038	TBS (Team BlackSheep) PowerCube 60A (60A Low Ripple)	Resmi TBS (Team BlackSheep) PowerCube 60A, yüksek performanslı FPV uçuşları için tasarlanmıştır. 60A Low Ripple varyantı ve Direct Integrated Filter donanımı ile 3-6S LiPo güç sistemleriyle tam uyumludur. Orijinal üretici garantili.	https://pozitronmarket.com/products/tbs-team-blacksheep-powercube-60a-60a-low-ripple-38	https://pozitronmarket.com/assets/products/PZTR-ESC-0038.jpg	in_stock	4600.00 TRY	TBS (Team BlackSheep)	new	5433	no	TR:::Standart Kargo:0.00 TRY
PZTR-BAT-0039	CNHL Pizza Series 1200mAh (Pack of 4 Race Packs)	Resmi CNHL Pizza Series 1200mAh, yüksek performanslı FPV uçuşları için tasarlanmıştır. Pack of 4 Race Packs varyantı ve Race Day Pod Pack donanımı ile 22.2V / XT60 güç sistemleriyle tam uyumludur. Orijinal üretici garantili.	https://pozitronmarket.com/products/cnhl-pizza-series-1200mah-pack-of-4-race-packs-39	https://pozitronmarket.com/assets/products/PZTR-BAT-0039.jpg	in_stock	10398.55 TRY	CNHL	new	5433	no	TR:::Standart Kargo:0.00 TRY
PZTR-CAM-0019	Foxeer Predator 5 Nano (Full WDR Competition Spec)	Resmi Foxeer Predator 5 Nano, yüksek performanslı FPV uçuşları için tasarlanmıştır. Full WDR Competition Spec varyantı ve Pre-Tuned High Contrast donanımı ile 4ms Latency güç sistemleriyle tam uyumludur. Orijinal üretici garantili.	https://pozitronmarket.com/products/foxeer-predator-5-nano-full-wdr-competition-spec-19	https://pozitronmarket.com/assets/products/PZTR-CAM-0019.jpg	in_stock	2368.48 TRY	Foxeer	new	5433	no	TR:::Standart Kargo:0.00 TRY
PZTR-GPS-0009	Beitian Micro M8N GPS (Pre-Configured for Betaflight)	Resmi Beitian Micro M8N GPS, yüksek performanslı FPV uçuşları için tasarlanmıştır. Pre-Configured for Betaflight varyantı ve Rescue Mode Ready donanımı ile Baud 57600 güç sistemleriyle tam uyumludur. Orijinal üretici garantili.	https://pozitronmarket.com/products/beitian-micro-m8n-gps-pre-configured-for-betaflight-9	https://pozitronmarket.com/assets/products/PZTR-GPS-0009.jpg	in_stock	875.00 TRY	Beitian	new	5433	no	TR:::Standart Kargo:99.00 TRY
PZTR-MOT-0004	T-Motor F60 PRO V (2550KV)	Resmi T-Motor F60 PRO V, yüksek performanslı FPV uçuşları için tasarlanmıştır. 2550KV varyantı ve Grey donanımı ile 4S güç sistemleriyle tam uyumludur. Orijinal üretici garantili.	https://pozitronmarket.com/products/t-motor-f60-pro-v-2550kv-4	https://pozitronmarket.com/assets/products/PZTR-MOT-0004.jpg	in_stock	1395.00 TRY	T-Motor	new	5433	no	TR:::Standart Kargo:99.00 TRY
PZTR-ESC-0033	Skystars KM45A AM32 Mini (45A with CNC Case)	Resmi Skystars KM45A AM32 Mini, yüksek performanslı FPV uçuşları için tasarlanmıştır. 45A with CNC Case varyantı ve Anodized Protective Shell donanımı ile 3-6S LiPo güç sistemleriyle tam uyumludur. Orijinal üretici garantili.	https://pozitronmarket.com/products/skystars-km45a-am32-mini-45a-with-cnc-case-33	https://pozitronmarket.com/assets/products/PZTR-ESC-0033.jpg	in_stock	2450.00 TRY	Skystars	new	5433	no	TR:::Standart Kargo:0.00 TRY
PZTR-TOO-0009	Vifly ShortSaver 2 Smart Smoke Stopper (With Battery Check Lead)	Resmi Vifly ShortSaver 2 Smart Smoke Stopper, yüksek performanslı FPV uçuşları için tasarlanmıştır. With Battery Check Lead varyantı ve Balance Port Adapter Lead donanımı ile Multi-Testing güç sistemleriyle tam uyumludur. Orijinal üretici garantili.	https://pozitronmarket.com/products/vifly-shortsaver-2-smart-smoke-stopper-with-battery-check-lead-9	https://pozitronmarket.com/assets/products/PZTR-TOO-0009.jpg	in_stock	800.00 TRY	Vifly	new	5433	no	TR:::Standart Kargo:99.00 TRY
PZTR-ESC-0017	T-Motor F55A PRO II 4in1 (55A with Heatsink)	Resmi T-Motor F55A PRO II 4in1, yüksek performanslı FPV uçuşları için tasarlanmıştır. 55A with Heatsink varyantı ve Full Aluminum Heat Plate donanımı ile 3-6S LiPo güç sistemleriyle tam uyumludur. Orijinal üretici garantili.	https://pozitronmarket.com/products/t-motor-f55a-pro-ii-4in1-55a-with-heatsink-17	https://pozitronmarket.com/assets/products/PZTR-ESC-0017.jpg	in_stock	4450.00 TRY	T-Motor	new	5433	no	TR:::Standart Kargo:0.00 TRY
PZTR-VTX-0015	RushFPV Rush Tank II Ultimate 1W (Freestyle Basher Edition)	Resmi RushFPV Rush Tank II Ultimate 1W, yüksek performanslı FPV uçuşları için tasarlanmıştır. Freestyle Basher Edition varyantı ve Ultra Durable Casing donanımı ile SmartAudio / Tramp güç sistemleriyle tam uyumludur. Orijinal üretici garantili.	https://pozitronmarket.com/products/rushfpv-rush-tank-ii-ultimate-1w-freestyle-basher-edition-15	https://pozitronmarket.com/assets/products/PZTR-VTX-0015.jpg	in_stock	2345.00 TRY	RushFPV	new	5433	no	TR:::Standart Kargo:0.00 TRY
PZTR-ANT-0027	RushFPV Cherry 5.8GHz (LHCP SMA (2-Pack))	Resmi RushFPV Cherry 5.8GHz, yüksek performanslı FPV uçuşları için tasarlanmıştır. LHCP SMA (2-Pack) varyantı ve Digital Goggle Spec donanımı ile 5.8GHz Video güç sistemleriyle tam uyumludur. Orijinal üretici garantili.	https://pozitronmarket.com/products/rushfpv-cherry-5-8ghz-lhcp-sma-2-pack-27	https://pozitronmarket.com/assets/products/PZTR-ANT-0027.jpg	in_stock	1380.71 TRY	RushFPV	new	5433	no	TR:::Standart Kargo:99.00 TRY
PZTR-PRO-0041	HQProp 5x4.3x3 V1S (Light Blue (Set of 4))	Resmi HQProp 5x4.3x3 V1S, yüksek performanslı FPV uçuşları için tasarlanmıştır. Light Blue (Set of 4) varyantı ve Polycarbonate donanımı ile 5mm Shaft güç sistemleriyle tam uyumludur. Orijinal üretici garantili.	https://pozitronmarket.com/products/hqprop-5x4-3x3-v1s-light-blue-set-of-4-41	https://pozitronmarket.com/assets/products/PZTR-PRO-0041.jpg	in_stock	187.50 TRY	HQProp	new	5433	no	TR:::Standart Kargo:99.00 TRY
PZTR-PRO-0024	Gemfan Flash 7040 Tri-Blade (Mountain Cruiser Pack (8 Props))	Resmi Gemfan Flash 7040 Tri-Blade, yüksek performanslı FPV uçuşları için tasarlanmıştır. Mountain Cruiser Pack (8 Props) varyantı ve Clear Black donanımı ile 5mm Shaft güç sistemleriyle tam uyumludur. Orijinal üretici garantili.	https://pozitronmarket.com/products/gemfan-flash-7040-tri-blade-mountain-cruiser-pack-8-props-24	https://pozitronmarket.com/assets/products/PZTR-PRO-0024.jpg	in_stock	495.00 TRY	Gemfan	new	5433	no	TR:::Standart Kargo:99.00 TRY
PZTR-CAM-0004	DJI O3 Air Unit Digital HD (Long Coaxial Cable Edition)	"Resmi DJI O3 Air Unit Digital HD, yüksek performanslı FPV uçuşları için tasarlanmıştır. Long Coaxial Cable Edition varyantı ve 200mm Long Cable donanımı ile 1/1.7"" 4K Sensor güç sistemleriyle tam uyumludur. Orijinal üretici garantili."	https://pozitronmarket.com/products/dji-o3-air-unit-digital-hd-long-coaxial-cable-edition-4	https://pozitronmarket.com/assets/products/PZTR-CAM-0004.jpg	in_stock	11750.00 TRY	DJI	new	5433	no	TR:::Standart Kargo:0.00 TRY
PZTR-FRA-0024	BetaFPV Pavo25 V2 Cinewhoop (With COB LED Light Strip)	Resmi BetaFPV Pavo25 V2 Cinewhoop, yüksek performanslı FPV uçuşları için tasarlanmıştır. With COB LED Light Strip varyantı ve Integrated Glow Strip donanımı ile Pusher Configuration güç sistemleriyle tam uyumludur. Orijinal üretici garantili.	https://pozitronmarket.com/products/betafpv-pavo25-v2-cinewhoop-with-cob-led-light-strip-24	https://pozitronmarket.com/assets/products/PZTR-FRA-0024.jpg	in_stock	2249.50 TRY	BetaFPV	new	5433	no	TR:::Standart Kargo:0.00 TRY
PZTR-TXR-0006	RadioMaster Boxer EdgeTX (ELRS 2.4GHz / 1000mW)	Resmi RadioMaster Boxer EdgeTX, yüksek performanslı FPV uçuşları için tasarlanmıştır. ELRS 2.4GHz / 1000mW varyantı ve Full Size V4 Hall Gimbals donanımı ile EdgeTX Firmware güç sistemleriyle tam uyumludur. Orijinal üretici garantili.	https://pozitronmarket.com/products/radiomaster-boxer-edgetx-elrs-2-4ghz-1000mw-6	https://pozitronmarket.com/assets/products/PZTR-TXR-0006.jpg	in_stock	10050.90 TRY	RadioMaster	new	5433	no	TR:::Standart Kargo:0.00 TRY
PZTR-MOT-0048	T-Motor U8 II Heavy Lift (85KV Pair)	Resmi T-Motor U8 II Heavy Lift, yüksek performanslı FPV uçuşları için tasarlanmıştır. 85KV Pair varyantı ve Industrial Black (Pair) donanımı ile 12S güç sistemleriyle tam uyumludur. Orijinal üretici garantili.	https://pozitronmarket.com/products/t-motor-u8-ii-heavy-lift-85kv-pair-48	https://pozitronmarket.com/assets/products/PZTR-MOT-0048.jpg	in_stock	24000.00 TRY	T-Motor	new	5433	no	TR:::Standart Kargo:0.00 TRY
PZTR-TXR-0029	BetaFPV SuperD ELRS 2.4G (Twin Pack SuperD Fleet)	Resmi BetaFPV SuperD ELRS 2.4G, yüksek performanslı FPV uçuşları için tasarlanmıştır. Twin Pack SuperD Fleet varyantı ve Includes 2 Receivers donanımı ile ExpressLRS 3.0 güç sistemleriyle tam uyumludur. Orijinal üretici garantili.	https://pozitronmarket.com/products/betafpv-superd-elrs-2-4g-twin-pack-superd-fleet-29	https://pozitronmarket.com/assets/products/PZTR-TXR-0029.jpg	in_stock	2245.00 TRY	BetaFPV	new	5433	no	TR:::Standart Kargo:0.00 TRY
PZTR-FRA-0009	GEPRC Mark5 Wide X O3 (Spare Arms Kit (2 Arms))	Resmi GEPRC Mark5 Wide X O3, yüksek performanslı FPV uçuşları için tasarlanmıştır. Spare Arms Kit (2 Arms) varyantı ve 5mm Chamfered Arms donanımı ile 3K Carbon Fiber güç sistemleriyle tam uyumludur. Orijinal üretici garantili.	https://pozitronmarket.com/products/geprc-mark5-wide-x-o3-spare-arms-kit-2-arms-9	https://pozitronmarket.com/assets/products/PZTR-FRA-0009.jpg	in_stock	975.00 TRY	GEPRC	new	5433	no	TR:::Standart Kargo:99.00 TRY
PZTR-VTX-0016	SpeedyBee TX800 800mW Mini (20x20mm MMCX)	Resmi SpeedyBee TX800 800mW Mini, yüksek performanslı FPV uçuşları için tasarlanmıştır. 20x20mm MMCX varyantı ve 25/200/400/800mW donanımı ile IRC Tramp Protocol güç sistemleriyle tam uyumludur. Orijinal üretici garantili.	https://pozitronmarket.com/products/speedybee-tx800-800mw-mini-20x20mm-mmcx-16	https://pozitronmarket.com/assets/products/PZTR-VTX-0016.jpg	in_stock	1095.00 TRY	SpeedyBee	new	5433	no	TR:::Standart Kargo:99.00 TRY
PZTR-TXR-0023	TBS (Team BlackSheep) Crossfire Nano RX Pro (Micro Ceramic Antenna Spec)	Resmi TBS (Team BlackSheep) Crossfire Nano RX Pro, yüksek performanslı FPV uçuşları için tasarlanmıştır. Micro Ceramic Antenna Spec varyantı ve Ultra Compact Build donanımı ile Crossfire 868/915MHz güç sistemleriyle tam uyumludur. Orijinal üretici garantili.	https://pozitronmarket.com/products/tbs-team-blacksheep-crossfire-nano-rx-pro-micro-ceramic-antenna-spec-23	https://pozitronmarket.com/assets/products/PZTR-TXR-0023.jpg	in_stock	2050.00 TRY	TBS (Team BlackSheep)	new	5433	no	TR:::Standart Kargo:0.00 TRY
PZTR-FLI-0006	Foxeer F722 V4 Dual Gyro Pro (Standard 30.5x30.5mm)	Resmi Foxeer F722 V4 Dual Gyro Pro, yüksek performanslı FPV uçuşları için tasarlanmıştır. Standard 30.5x30.5mm varyantı ve Dual Gyro Hardware Filter donanımı ile Betaflight 4.5 güç sistemleriyle tam uyumludur. Orijinal üretici garantili.	https://pozitronmarket.com/products/foxeer-f722-v4-dual-gyro-pro-standard-30-5x30-5mm-6	https://pozitronmarket.com/assets/products/PZTR-FLI-0006.jpg	in_stock	2900.00 TRY	Foxeer	new	5433	no	TR:::Standart Kargo:0.00 TRY
PZTR-PRO-0037	Gemfan Micro 31mm 4-Blade (Clear Purple (Set of 8))	Resmi Gemfan Micro 31mm 4-Blade, yüksek performanslı FPV uçuşları için tasarlanmıştır. Clear Purple (Set of 8) varyantı ve Polycarbonate donanımı ile 1.0mm Shaft güç sistemleriyle tam uyumludur. Orijinal üretici garantili.	https://pozitronmarket.com/products/gemfan-micro-31mm-4-blade-clear-purple-set-of-8-37	https://pozitronmarket.com/assets/products/PZTR-PRO-0037.jpg	in_stock	145.00 TRY	Gemfan	new	5433	no	TR:::Standart Kargo:99.00 TRY
PZTR-GPS-0016	Holybro Micro M10 GPS (Standard Pixhawk Molex Plug)	Resmi Holybro Micro M10 GPS, yüksek performanslı FPV uçuşları için tasarlanmıştır. Standard Pixhawk Molex Plug varyantı ve u-blox M10050 Chipset donanımı ile Multi-Constellation güç sistemleriyle tam uyumludur. Orijinal üretici garantili.	https://pozitronmarket.com/products/holybro-micro-m10-gps-standard-pixhawk-molex-plug-16	https://pozitronmarket.com/assets/products/PZTR-GPS-0016.jpg	in_stock	1700.00 TRY	Holybro	new	5433	no	TR:::Standart Kargo:0.00 TRY
PZTR-CON-0027	Matek Systems FCHUB Power Hub (With 5V/9V Dual BEC)	Resmi Matek Systems FCHUB Power Hub, yüksek performanslı FPV uçuşları için tasarlanmıştır. With 5V/9V Dual BEC varyantı ve Dual High Output BEC donanımı ile 3-8S LiPo güç sistemleriyle tam uyumludur. Orijinal üretici garantili.	https://pozitronmarket.com/products/matek-systems-fchub-power-hub-with-5v-9v-dual-bec-27	https://pozitronmarket.com/assets/products/PZTR-CON-0027.jpg	in_stock	925.00 TRY	Matek Systems	new	5433	no	TR:::Standart Kargo:99.00 TRY
PZTR-GPS-0025	Flywoo GOKU GM10 Nano GPS (Pre-Flashed Betaflight Rescue)	Resmi Flywoo GOKU GM10 Nano GPS, yüksek performanslı FPV uçuşları için tasarlanmıştır. Pre-Flashed Betaflight Rescue varyantı ve Configured 10Hz Refresh donanımı ile Safe Return Home güç sistemleriyle tam uyumludur. Orijinal üretici garantili.	https://pozitronmarket.com/products/flywoo-goku-gm10-nano-gps-pre-flashed-betaflight-rescue-25	https://pozitronmarket.com/assets/products/PZTR-GPS-0025.jpg	in_stock	1075.00 TRY	Flywoo	new	5433	no	TR:::Standart Kargo:99.00 TRY
PZTR-CAM-0009	Walksnail Avatar HD Pro Kit (Night Vision Starlight Spec)	Resmi Walksnail Avatar HD Pro Kit, yüksek performanslı FPV uçuşları için tasarlanmıştır. Night Vision Starlight Spec varyantı ve Ultra Low Lux F/1.6 donanımı ile 1080P/120fps güç sistemleriyle tam uyumludur. Orijinal üretici garantili.	https://pozitronmarket.com/products/walksnail-avatar-hd-pro-kit-night-vision-starlight-spec-9	https://pozitronmarket.com/assets/products/PZTR-CAM-0009.jpg	in_stock	8200.00 TRY	Walksnail	new	5433	no	TR:::Standart Kargo:0.00 TRY
PZTR-BAT-0022	ISDT 608AC Pocket Charger (DC Pocket Unit Only)	Resmi ISDT 608AC Pocket Charger, yüksek performanslı FPV uçuşları için tasarlanmıştır. DC Pocket Unit Only varyantı ve Ultralight Field Charger donanımı ile DC 200W 8A güç sistemleriyle tam uyumludur. Orijinal üretici garantili.	https://pozitronmarket.com/products/isdt-608ac-pocket-charger-dc-pocket-unit-only-22	https://pozitronmarket.com/assets/products/PZTR-BAT-0022.jpg	in_stock	1975.00 TRY	ISDT	new	5433	no	TR:::Standart Kargo:0.00 TRY
PZTR-TXR-0033	RadioMaster RP2 SMD Antenna RX (Whoop Plug & Play Header)	Resmi RadioMaster RP2 SMD Antenna RX, yüksek performanslı FPV uçuşları için tasarlanmıştır. Whoop Plug & Play Header varyantı ve Direct 1.25mm Pinout donanımı ile ELRS 2.4GHz güç sistemleriyle tam uyumludur. Orijinal üretici garantili.	https://pozitronmarket.com/products/radiomaster-rp2-smd-antenna-rx-whoop-plug-play-header-33	https://pozitronmarket.com/assets/products/PZTR-TXR-0033.jpg	in_stock	875.00 TRY	RadioMaster	new	5433	no	TR:::Standart Kargo:99.00 TRY
PZTR-TOO-0011	Sequre Titanium Hex Screwdriver Set (Standard 4-Piece Set (1.5-3.0mm))	Resmi Sequre Titanium Hex Screwdriver Set, yüksek performanslı FPV uçuşları için tasarlanmıştır. Standard 4-Piece Set (1.5-3.0mm) varyantı ve CNC Anodized Aluminum Handle donanımı ile Hardened Titanium Tips güç sistemleriyle tam uyumludur. Orijinal üretici garantili.	https://pozitronmarket.com/products/sequre-titanium-hex-screwdriver-set-standard-4-piece-set-1-5-3-0mm-11	https://pozitronmarket.com/assets/products/PZTR-TOO-0011.jpg	in_stock	1686.43 TRY	Sequre	new	5433	no	TR:::Standart Kargo:0.00 TRY
PZTR-PRO-0043	HQProp 5x4.3x3 V1S (Black (Set of 4))	Resmi HQProp 5x4.3x3 V1S, yüksek performanslı FPV uçuşları için tasarlanmıştır. Black (Set of 4) varyantı ve Polycarbonate donanımı ile 5mm Shaft güç sistemleriyle tam uyumludur. Orijinal üretici garantili.	https://pozitronmarket.com/products/hqprop-5x4-3x3-v1s-black-set-of-4-43	https://pozitronmarket.com/assets/products/PZTR-PRO-0043.jpg	in_stock	187.50 TRY	HQProp	new	5433	no	TR:::Standart Kargo:99.00 TRY
PZTR-BAT-0040	CNHL Pizza Series 1200mAh (Includes Fireproof Lipo Bag)	Resmi CNHL Pizza Series 1200mAh, yüksek performanslı FPV uçuşları için tasarlanmıştır. Includes Fireproof Lipo Bag varyantı ve Safety Charging Kit donanımı ile 22.2V / XT60 güç sistemleriyle tam uyumludur. Orijinal üretici garantili.	https://pozitronmarket.com/products/cnhl-pizza-series-1200mah-includes-fireproof-lipo-bag-40	https://pozitronmarket.com/assets/products/PZTR-BAT-0040.jpg	in_stock	1850.00 TRY	CNHL	new	5433	no	TR:::Standart Kargo:0.00 TRY
PZTR-GPS-0006	Beitian Micro M8N GPS (Standard 18x18mm Patch)	Resmi Beitian Micro M8N GPS, yüksek performanslı FPV uçuşları için tasarlanmıştır. Standard 18x18mm Patch varyantı ve High Sensitivity Dual Band donanımı ile Baud 9600-115200 güç sistemleriyle tam uyumludur. Orijinal üretici garantili.	https://pozitronmarket.com/products/beitian-micro-m8n-gps-standard-18x18mm-patch-6	https://pozitronmarket.com/assets/products/PZTR-GPS-0006.jpg	in_stock	1362.36 TRY	Beitian	new	5433	no	TR:::Standart Kargo:99.00 TRY
PZTR-MOT-0018	iFlight XING-E Pro 2207 (2750KV)	Resmi iFlight XING-E Pro 2207, yüksek performanslı FPV uçuşları için tasarlanmıştır. 2750KV varyantı ve Black/Red donanımı ile 4S güç sistemleriyle tam uyumludur. Orijinal üretici garantili.	https://pozitronmarket.com/products/iflight-xing-e-pro-2207-2750kv-18	https://pozitronmarket.com/assets/products/PZTR-MOT-0018.jpg	in_stock	849.50 TRY	iFlight	new	5433	no	TR:::Standart Kargo:99.00 TRY
PZTR-PRO-0033	Master Airscrew 1045 Foldable Carbon (Heavy Lift Adapter Kit)	Resmi Master Airscrew 1045 Foldable Carbon, yüksek performanslı FPV uçuşları için tasarlanmıştır. Heavy Lift Adapter Kit varyantı ve Includes CNC Hub donanımı ile Direct Mount güç sistemleriyle tam uyumludur. Orijinal üretici garantili.	https://pozitronmarket.com/products/master-airscrew-1045-foldable-carbon-heavy-lift-adapter-kit-33	https://pozitronmarket.com/assets/products/PZTR-PRO-0033.jpg	in_stock	925.00 TRY	Master Airscrew	new	5433	no	TR:::Standart Kargo:99.00 TRY
PZTR-GPS-0028	iFlight M8Q-5883 V2.0 GPS (Long Shielded Cable 150mm)	Resmi iFlight M8Q-5883 V2.0 GPS, yüksek performanslı FPV uçuşları için tasarlanmıştır. Long Shielded Cable 150mm varyantı ve Low Noise Silicone Leads donanımı ile Long Range Mountain güç sistemleriyle tam uyumludur. Orijinal üretici garantili.	https://pozitronmarket.com/products/iflight-m8q-5883-v2-0-gps-long-shielded-cable-150mm-28	https://pozitronmarket.com/assets/products/PZTR-GPS-0028.jpg	in_stock	2106.97 TRY	iFlight	new	5433	no	TR:::Standart Kargo:0.00 TRY
PZTR-FRA-0012	TBS (Team BlackSheep) Source One V5 (7-Inch Long Range Arm Conversion)	Resmi TBS (Team BlackSheep) Source One V5, yüksek performanslı FPV uçuşları için tasarlanmıştır. 7-Inch Long Range Arm Conversion varyantı ve 7-Inch Arms Included donanımı ile Long Range Cruiser güç sistemleriyle tam uyumludur. Orijinal üretici garantili.	https://pozitronmarket.com/products/tbs-team-blacksheep-source-one-v5-7-inch-long-range-arm-conversion-12	https://pozitronmarket.com/assets/products/PZTR-FRA-0012.jpg	in_stock	1995.00 TRY	TBS (Team BlackSheep)	new	5433	no	TR:::Standart Kargo:0.00 TRY
PZTR-FLI-0017	Holybro Pixhawk 6C Autopilot (Aluminum CNC Case)	Resmi Holybro Pixhawk 6C Autopilot, yüksek performanslı FPV uçuşları için tasarlanmıştır. Aluminum CNC Case varyantı ve Ruggedized Heavy Vibration donanımı ile PX4 / ArduPilot güç sistemleriyle tam uyumludur. Orijinal üretici garantili.	https://pozitronmarket.com/products/holybro-pixhawk-6c-autopilot-aluminum-cnc-case-17	https://pozitronmarket.com/assets/products/PZTR-FLI-0017.jpg	in_stock	10950.00 TRY	Holybro	new	5433	no	TR:::Standart Kargo:0.00 TRY
PZTR-TXR-0021	TBS (Team BlackSheep) Crossfire Nano RX Pro (Standard 500mW Pro)	Resmi TBS (Team BlackSheep) Crossfire Nano RX Pro, yüksek performanslı FPV uçuşları için tasarlanmıştır. Standard 500mW Pro varyantı ve Includes Immortal-T V2 donanımı ile Crossfire 868/915MHz güç sistemleriyle tam uyumludur. Orijinal üretici garantili.	https://pozitronmarket.com/products/tbs-team-blacksheep-crossfire-nano-rx-pro-standard-500mw-pro-21	https://pozitronmarket.com/assets/products/PZTR-TXR-0021.jpg	in_stock	3150.67 TRY	TBS (Team BlackSheep)	new	5433	no	TR:::Standart Kargo:0.00 TRY
PZTR-BAT-0028	ToolkitRC M6D Dual Smart Charger (With 2x Parallel Boards)	Resmi ToolkitRC M6D Dual Smart Charger, yüksek performanslı FPV uçuşları için tasarlanmıştır. With 2x Parallel Boards varyantı ve High Capacity Charging donanımı ile Dual XT60 Out güç sistemleriyle tam uyumludur. Orijinal üretici garantili.	https://pozitronmarket.com/products/toolkitrc-m6d-dual-smart-charger-with-2x-parallel-boards-28	https://pozitronmarket.com/assets/products/PZTR-BAT-0028.jpg	in_stock	3700.00 TRY	ToolkitRC	new	5433	no	TR:::Standart Kargo:0.00 TRY
PZTR-FRA-0027	Flywoo Explorer LR 4 V2 (With TPU GPS & Antenna Mount)	Resmi Flywoo Explorer LR 4 V2, yüksek performanslı FPV uçuşları için tasarlanmıştır. With TPU GPS & Antenna Mount varyantı ve M10 Nano TPU Mount Inc. donanımı ile 3K Carbon Fiber güç sistemleriyle tam uyumludur. Orijinal üretici garantili.	https://pozitronmarket.com/products/flywoo-explorer-lr-4-v2-with-tpu-gps-antenna-mount-27	https://pozitronmarket.com/assets/products/PZTR-FRA-0027.jpg	in_stock	2450.00 TRY	Flywoo	new	5433	no	TR:::Standart Kargo:0.00 TRY
PZTR-PRO-0029	Gemfan Flash 5152 (Race Day 10-Pack)	Resmi Gemfan Flash 5152, yüksek performanslı FPV uçuşları için tasarlanmıştır. Race Day 10-Pack varyantı ve Crystal Red donanımı ile 5mm Shaft güç sistemleriyle tam uyumludur. Orijinal üretici garantili.	https://pozitronmarket.com/products/gemfan-flash-5152-race-day-10-pack-29	https://pozitronmarket.com/assets/products/PZTR-PRO-0029.jpg	in_stock	845.00 TRY	Gemfan	new	5433	no	TR:::Standart Kargo:99.00 TRY
PZTR-BAT-0037	CNHL Pizza Series 1200mAh (6S 1400mAh 150C (XT60))	Resmi CNHL Pizza Series 1200mAh, yüksek performanslı FPV uçuşları için tasarlanmıştır. 6S 1400mAh 150C (XT60) varyantı ve Extended Lap Time donanımı ile 22.2V / XT60 güç sistemleriyle tam uyumludur. Orijinal üretici garantili.	https://pozitronmarket.com/products/cnhl-pizza-series-1200mah-6s-1400mah-150c-xt60-37	https://pozitronmarket.com/assets/products/PZTR-BAT-0037.jpg	in_stock	1749.50 TRY	CNHL	new	5433	no	TR:::Standart Kargo:0.00 TRY
PZTR-ANT-0011	TrueRC Singularity 5.8G Patch (RHCP SMA 7.5dBic)	Resmi TrueRC Singularity 5.8G Patch, yüksek performanslı FPV uçuşları için tasarlanmıştır. RHCP SMA 7.5dBic varyantı ve High Axial Ratio Beam donanımı ile Goggle Receiver Mount güç sistemleriyle tam uyumludur. Orijinal üretici garantili.	https://pozitronmarket.com/products/truerc-singularity-5-8g-patch-rhcp-sma-7-5dbic-11	https://pozitronmarket.com/assets/products/PZTR-ANT-0011.jpg	in_stock	1625.00 TRY	TrueRC	new	5433	no	TR:::Standart Kargo:0.00 TRY
PZTR-CON-0035	Holybro PM02 V3 Power Module (Dual Redundant Power Kit)	Resmi Holybro PM02 V3 Power Module, yüksek performanslı FPV uçuşları için tasarlanmıştır. Dual Redundant Power Kit varyantı ve Twin Power Input donanımı ile 2-12S LiPo güç sistemleriyle tam uyumludur. Orijinal üretici garantili.	https://pozitronmarket.com/products/holybro-pm02-v3-power-module-dual-redundant-power-kit-35	https://pozitronmarket.com/assets/products/PZTR-CON-0035.jpg	in_stock	2200.00 TRY	Holybro	new	5433	no	TR:::Standart Kargo:0.00 TRY
PZTR-GPS-0019	Holybro Micro M10 GPS (Pre-Configured ArduCopter)	Resmi Holybro Micro M10 GPS, yüksek performanslı FPV uçuşları için tasarlanmıştır. Pre-Configured ArduCopter varyantı ve Plug & Fly Calibration donanımı ile Baud 115200 güç sistemleriyle tam uyumludur. Orijinal üretici garantili.	https://pozitronmarket.com/products/holybro-micro-m10-gps-pre-configured-arducopter-19	https://pozitronmarket.com/assets/products/PZTR-GPS-0019.jpg	in_stock	1825.00 TRY	Holybro	new	5433	no	TR:::Standart Kargo:0.00 TRY
PZTR-MOT-0003	T-Motor F60 PRO V (2020KV)	Resmi T-Motor F60 PRO V, yüksek performanslı FPV uçuşları için tasarlanmıştır. 2020KV varyantı ve Teal Blue donanımı ile 6S güç sistemleriyle tam uyumludur. Orijinal üretici garantili.	https://pozitronmarket.com/products/t-motor-f60-pro-v-2020kv-3	https://pozitronmarket.com/assets/products/PZTR-MOT-0003.jpg	in_stock	1425.00 TRY	T-Motor	new	5433	no	TR:::Standart Kargo:99.00 TRY
PZTR-PRO-0025	Gemfan Flash 7040 Tri-Blade (High Efficiency Stiff)	Resmi Gemfan Flash 7040 Tri-Blade, yüksek performanslı FPV uçuşları için tasarlanmıştır. High Efficiency Stiff varyantı ve Rigid Long Range donanımı ile 5mm Shaft güç sistemleriyle tam uyumludur. Orijinal üretici garantili.	https://pozitronmarket.com/products/gemfan-flash-7040-tri-blade-high-efficiency-stiff-25	https://pozitronmarket.com/assets/products/PZTR-PRO-0025.jpg	in_stock	295.00 TRY	Gemfan	new	5433	no	TR:::Standart Kargo:99.00 TRY
PZTR-BAT-0023	ISDT 608AC Pocket Charger (With XT60 Input Pigtail)	Resmi ISDT 608AC Pocket Charger, yüksek performanslı FPV uçuşları için tasarlanmıştır. With XT60 Input Pigtail varyantı ve Field Power from 6S Pack donanımı ile DC 200W 8A güç sistemleriyle tam uyumludur. Orijinal üretici garantili.	https://pozitronmarket.com/products/isdt-608ac-pocket-charger-with-xt60-input-pigtail-23	https://pozitronmarket.com/assets/products/PZTR-BAT-0023.jpg	in_stock	3200.00 TRY	ISDT	new	5433	no	TR:::Standart Kargo:0.00 TRY
PZTR-TXR-0038	TBS (Team BlackSheep) Tracer Nano RX (Micro Ceramic Monopole)	Resmi TBS (Team BlackSheep) Tracer Nano RX, yüksek performanslı FPV uçuşları için tasarlanmıştır. Micro Ceramic Monopole varyantı ve Zero Drag Racer Spec donanımı ile TBS Tracer Protocol güç sistemleriyle tam uyumludur. Orijinal üretici garantili.	https://pozitronmarket.com/products/tbs-team-blacksheep-tracer-nano-rx-micro-ceramic-monopole-38	https://pozitronmarket.com/assets/products/PZTR-TXR-0038.jpg	in_stock	1775.00 TRY	TBS (Team BlackSheep)	new	5433	no	TR:::Standart Kargo:0.00 TRY
PZTR-TOO-0024	RDQ M2 & M3 Hardware Standoff Kit (Vibration Dampening Rubber Rings)	Resmi RDQ M2 & M3 Hardware Standoff Kit, yüksek performanslı FPV uçuşları için tasarlanmıştır. Vibration Dampening Rubber Rings varyantı ve Stack O-Rings & Grommets (50 Pcs) donanımı ile Zero FC Vibration güç sistemleriyle tam uyumludur. Orijinal üretici garantili.	https://pozitronmarket.com/products/rdq-m2-m3-hardware-standoff-kit-vibration-dampening-rubber-rings-24	https://pozitronmarket.com/assets/products/PZTR-TOO-0024.jpg	in_stock	425.00 TRY	RDQ	new	5433	no	TR:::Standart Kargo:99.00 TRY
PZTR-BAT-0009	CNHL Black Series 1500mAh (Pack of 2 Packs (4S))	Resmi CNHL Black Series 1500mAh, yüksek performanslı FPV uçuşları için tasarlanmıştır. Pack of 2 Packs (4S) varyantı ve Dual 4S 1500mAh Set donanımı ile 14.8V / XT60 güç sistemleriyle tam uyumludur. Orijinal üretici garantili.	https://pozitronmarket.com/products/cnhl-black-series-1500mah-pack-of-2-packs-4s-9	https://pozitronmarket.com/assets/products/PZTR-BAT-0009.jpg	in_stock	2100.00 TRY	CNHL	new	5433	no	TR:::Standart Kargo:0.00 TRY
PZTR-GPS-0007	Beitian Micro M8N GPS (With Backup Flash Memory)	Resmi Beitian Micro M8N GPS, yüksek performanslı FPV uçuşları için tasarlanmıştır. With Backup Flash Memory varyantı ve Saved Ephemeris Hot Fix donanımı ile 3s Lock Time güç sistemleriyle tam uyumludur. Orijinal üretici garantili.	https://pozitronmarket.com/products/beitian-micro-m8n-gps-with-backup-flash-memory-7	https://pozitronmarket.com/assets/products/PZTR-GPS-0007.jpg	in_stock	925.00 TRY	Beitian	new	5433	no	TR:::Standart Kargo:99.00 TRY
PZTR-ANT-0024	VAS (Video Aerial Systems) Ion Pro 5.8GHz (Long Stem Mountain Spec 160mm)	Resmi VAS (Video Aerial Systems) Ion Pro 5.8GHz, yüksek performanslı FPV uçuşları için tasarlanmıştır. Long Stem Mountain Spec 160mm varyantı ve Elevated Tail Clearance donanımı ile 5.8GHz Video güç sistemleriyle tam uyumludur. Orijinal üretici garantili.	https://pozitronmarket.com/products/vas-video-aerial-systems-ion-pro-5-8ghz-long-stem-mountain-spec-160mm-24	https://pozitronmarket.com/assets/products/PZTR-ANT-0024.jpg	in_stock	1175.00 TRY	VAS (Video Aerial Systems)	new	5433	no	TR:::Standart Kargo:99.00 TRY
PZTR-CAM-0035	Caddx Ant Nano 1200TVL (Silicon Coated All-Weather)	Resmi Caddx Ant Nano 1200TVL, yüksek performanslı FPV uçuşları için tasarlanmıştır. Silicon Coated All-Weather varyantı ve Water Resistant donanımı ile 2 Grams Ultralight güç sistemleriyle tam uyumludur. Orijinal üretici garantili.	https://pozitronmarket.com/products/caddx-ant-nano-1200tvl-silicon-coated-all-weather-35	https://pozitronmarket.com/assets/products/PZTR-CAM-0035.jpg	in_stock	1050.00 TRY	Caddx	new	5433	no	TR:::Standart Kargo:99.00 TRY
PZTR-CAM-0010	Walksnail Avatar HD Pro Kit (Long Range SMA Antenna Kit)	Resmi Walksnail Avatar HD Pro Kit, yüksek performanslı FPV uçuşları için tasarlanmıştır. Long Range SMA Antenna Kit varyantı ve RHCP SMA Upgraded donanımı ile 1080P/120fps güç sistemleriyle tam uyumludur. Orijinal üretici garantili.	https://pozitronmarket.com/products/walksnail-avatar-hd-pro-kit-long-range-sma-antenna-kit-10	https://pozitronmarket.com/assets/products/PZTR-CAM-0010.jpg	in_stock	8600.00 TRY	Walksnail	new	5433	no	TR:::Standart Kargo:0.00 TRY
PZTR-FRA-0017	AxisFlying Manta 5-Inch HD (True-X Racing Geometry)	Resmi AxisFlying Manta 5-Inch HD, yüksek performanslı FPV uçuşları için tasarlanmıştır. True-X Racing Geometry varyantı ve Ultra Agile Response donanımı ile T700 Carbon Fiber güç sistemleriyle tam uyumludur. Orijinal üretici garantili.	https://pozitronmarket.com/products/axisflying-manta-5-inch-hd-true-x-racing-geometry-17	https://pozitronmarket.com/assets/products/PZTR-FRA-0017.jpg	in_stock	3495.00 TRY	AxisFlying	new	5433	no	TR:::Standart Kargo:0.00 TRY
PZTR-CON-0036	Flywoo Dual BEC 5V/9V Module (5V/9V Switchable)	Resmi Flywoo Dual BEC 5V/9V Module, yüksek performanslı FPV uçuşları için tasarlanmıştır. 5V/9V Switchable varyantı ve 2A Output Rail donanımı ile 2-6S LiPo güç sistemleriyle tam uyumludur. Orijinal üretici garantili.	https://pozitronmarket.com/products/flywoo-dual-bec-5v-9v-module-5v-9v-switchable-36	https://pozitronmarket.com/assets/products/PZTR-CON-0036.jpg	in_stock	495.00 TRY	Flywoo	new	5433	no	TR:::Standart Kargo:99.00 TRY
PZTR-FLI-0008	Foxeer F722 V4 Dual Gyro Pro (With Barometer DPS310)	Resmi Foxeer F722 V4 Dual Gyro Pro, yüksek performanslı FPV uçuşları için tasarlanmıştır. With Barometer DPS310 varyantı ve Altitude Hold Enabled donanımı ile Betaflight / INAV güç sistemleriyle tam uyumludur. Orijinal üretici garantili.	https://pozitronmarket.com/products/foxeer-f722-v4-dual-gyro-pro-with-barometer-dps310-8	https://pozitronmarket.com/assets/products/PZTR-FLI-0008.jpg	in_stock	3100.00 TRY	Foxeer	new	5433	no	TR:::Standart Kargo:0.00 TRY
PZTR-ESC-0016	T-Motor F55A PRO II 4in1 (55A Standard)	Resmi T-Motor F55A PRO II 4in1, yüksek performanslı FPV uçuşları için tasarlanmıştır. 55A Standard varyantı ve 30.5x30.5mm donanımı ile 3-6S LiPo güç sistemleriyle tam uyumludur. Orijinal üretici garantili.	https://pozitronmarket.com/products/t-motor-f55a-pro-ii-4in1-55a-standard-16	https://pozitronmarket.com/assets/products/PZTR-ESC-0016.jpg	in_stock	4200.00 TRY	T-Motor	new	5433	no	TR:::Standart Kargo:0.00 TRY
PZTR-MOT-0010	T-Motor Velox V3 (1950KV 4-Pack)	Resmi T-Motor Velox V3, yüksek performanslı FPV uçuşları için tasarlanmıştır. 1950KV 4-Pack varyantı ve Blue (Set of 4) donanımı ile 6S güç sistemleriyle tam uyumludur. Orijinal üretici garantili.	https://pozitronmarket.com/products/t-motor-velox-v3-1950kv-4-pack-10	https://pozitronmarket.com/assets/products/PZTR-MOT-0010.jpg	in_stock	12571.83 TRY	T-Motor	new	5433	no	TR:::Standart Kargo:0.00 TRY
PZTR-FRA-0041	iFlight Chimera7 Pro V2 (Standard 7.5-Inch DeadCat)	Resmi iFlight Chimera7 Pro V2, yüksek performanslı FPV uçuşları için tasarlanmıştır. Standard 7.5-Inch DeadCat varyantı ve 6mm High Modulus Carbon donanımı ile Mountain Long Range güç sistemleriyle tam uyumludur. Orijinal üretici garantili.	https://pozitronmarket.com/products/iflight-chimera7-pro-v2-standard-7-5-inch-deadcat-41	https://pozitronmarket.com/assets/products/PZTR-FRA-0041.jpg	in_stock	4950.00 TRY	iFlight	new	5433	no	TR:::Standart Kargo:0.00 TRY
PZTR-TXR-0034	RadioMaster RP2 SMD Antenna RX (Triple Pack Tiny RX Kit)	Resmi RadioMaster RP2 SMD Antenna RX, yüksek performanslı FPV uçuşları için tasarlanmıştır. Triple Pack Tiny RX Kit varyantı ve 3x RP2 Units donanımı ile ELRS 2.4GHz güç sistemleriyle tam uyumludur. Orijinal üretici garantili.	https://pozitronmarket.com/products/radiomaster-rp2-smd-antenna-rx-triple-pack-tiny-rx-kit-34	https://pozitronmarket.com/assets/products/PZTR-TXR-0034.jpg	in_stock	2200.00 TRY	RadioMaster	new	5433	no	TR:::Standart Kargo:0.00 TRY
PZTR-VTX-0017	SpeedyBee TX800 800mW Mini (With IPEX Antenna Pigtail)	Resmi SpeedyBee TX800 800mW Mini, yüksek performanslı FPV uçuşları için tasarlanmıştır. With IPEX Antenna Pigtail varyantı ve Ultralight Whoop / Micro donanımı ile IRC Tramp Protocol güç sistemleriyle tam uyumludur. Orijinal üretici garantili.	https://pozitronmarket.com/products/speedybee-tx800-800mw-mini-with-ipex-antenna-pigtail-17	https://pozitronmarket.com/assets/products/PZTR-VTX-0017.jpg	in_stock	1125.00 TRY	SpeedyBee	new	5433	no	TR:::Standart Kargo:99.00 TRY
PZTR-TOO-0027	Vifly Finder 2 Autonomous Buzzer (Finder Mini (4.5 Grams))	Resmi Vifly Finder 2 Autonomous Buzzer, yüksek performanslı FPV uçuşları için tasarlanmıştır. Finder Mini (4.5 Grams) varyantı ve Ultra Featherweight Whoop Spec donanımı ile 100dB Acoustic Alarm güç sistemleriyle tam uyumludur. Orijinal üretici garantili.	https://pozitronmarket.com/products/vifly-finder-2-autonomous-buzzer-finder-mini-4-5-grams-27	https://pozitronmarket.com/assets/products/PZTR-TOO-0027.jpg	in_stock	649.50 TRY	Vifly	new	5433	no	TR:::Standart Kargo:99.00 TRY
PZTR-ANT-0030	RushFPV Cherry 5.8GHz (Extended 140mm Tail (2-Pack))	Resmi RushFPV Cherry 5.8GHz, yüksek performanslı FPV uçuşları için tasarlanmıştır. Extended 140mm Tail (2-Pack) varyantı ve Clean Signal Clearance donanımı ile 5.8GHz Video güç sistemleriyle tam uyumludur. Orijinal üretici garantili.	https://pozitronmarket.com/products/rushfpv-cherry-5-8ghz-extended-140mm-tail-2-pack-30	https://pozitronmarket.com/assets/products/PZTR-ANT-0030.jpg	in_stock	1050.00 TRY	RushFPV	new	5433	no	TR:::Standart Kargo:99.00 TRY
PZTR-MOT-0008	T-Motor Velox V3 (2050KV)	Resmi T-Motor Velox V3, yüksek performanslı FPV uçuşları için tasarlanmıştır. 2050KV varyantı ve Blue donanımı ile 6S güç sistemleriyle tam uyumludur. Orijinal üretici garantili.	https://pozitronmarket.com/products/t-motor-velox-v3-2050kv-8	https://pozitronmarket.com/assets/products/PZTR-MOT-0008.jpg	in_stock	895.00 TRY	T-Motor	new	5433	no	TR:::Standart Kargo:99.00 TRY
PZTR-FRA-0005	iFlight Nazgul Evoque F5X V2 (Raw Carbon Matte Edition)	Resmi iFlight Nazgul Evoque F5X V2, yüksek performanslı FPV uçuşları için tasarlanmıştır. Raw Carbon Matte Edition varyantı ve Non-Conductive Chamfered donanımı ile 3K Carbon Fiber güç sistemleriyle tam uyumludur. Orijinal üretici garantili.	https://pozitronmarket.com/products/iflight-nazgul-evoque-f5x-v2-raw-carbon-matte-edition-5	https://pozitronmarket.com/assets/products/PZTR-FRA-0005.jpg	in_stock	4125.00 TRY	iFlight	new	5433	no	TR:::Standart Kargo:0.00 TRY
PZTR-TXR-0010	RadioMaster Boxer EdgeTX (With 6200mAh 2S LiPo Pack)	Resmi RadioMaster Boxer EdgeTX, yüksek performanslı FPV uçuşları için tasarlanmıştır. With 6200mAh 2S LiPo Pack varyantı ve Extended Battery Life donanımı ile EdgeTX Firmware güç sistemleriyle tam uyumludur. Orijinal üretici garantili.	https://pozitronmarket.com/products/radiomaster-boxer-edgetx-with-6200mah-2s-lipo-pack-10	https://pozitronmarket.com/assets/products/PZTR-TXR-0010.jpg	in_stock	8200.00 TRY	RadioMaster	new	5433	no	TR:::Standart Kargo:0.00 TRY
PZTR-MOT-0009	T-Motor Velox V3 (2550KV)	Resmi T-Motor Velox V3, yüksek performanslı FPV uçuşları için tasarlanmıştır. 2550KV varyantı ve Orange donanımı ile 4S güç sistemleriyle tam uyumludur. Orijinal üretici garantili.	https://pozitronmarket.com/products/t-motor-velox-v3-2550kv-9	https://pozitronmarket.com/assets/products/PZTR-MOT-0009.jpg	in_stock	2037.13 TRY	T-Motor	new	5433	no	TR:::Standart Kargo:0.00 TRY
PZTR-TOO-0001	Miniware TS101 Soldering Iron (B2 Conical Tip (Grey Shell))	Resmi Miniware TS101 Soldering Iron, yüksek performanslı FPV uçuşları için tasarlanmıştır. B2 Conical Tip (Grey Shell) varyantı ve USB-C PD & DC5525 Dual Input donanımı ile Fast 9s Heating güç sistemleriyle tam uyumludur. Orijinal üretici garantili.	https://pozitronmarket.com/products/miniware-ts101-soldering-iron-b2-conical-tip-grey-shell-1	https://pozitronmarket.com/assets/products/PZTR-TOO-0001.jpg	in_stock	2999.50 TRY	Miniware	new	5433	no	TR:::Standart Kargo:0.00 TRY
PZTR-ESC-0007	Foxeer Reaper F4 128K 65A (20x20mm 65A Mini)	Resmi Foxeer Reaper F4 128K 65A, yüksek performanslı FPV uçuşları için tasarlanmıştır. 20x20mm 65A Mini varyantı ve Compact 20x20 donanımı ile 3-8S LiPo güç sistemleriyle tam uyumludur. Orijinal üretici garantili.	https://pozitronmarket.com/products/foxeer-reaper-f4-128k-65a-20x20mm-65a-mini-7	https://pozitronmarket.com/assets/products/PZTR-ESC-0007.jpg	in_stock	3999.50 TRY	Foxeer	new	5433	no	TR:::Standart Kargo:0.00 TRY
PZTR-MOT-0013	iFlight XING2 2207 (1855KV Gold)	Resmi iFlight XING2 2207, yüksek performanslı FPV uçuşları için tasarlanmıştır. 1855KV Gold varyantı ve Cyberpunk Gold donanımı ile 6S güç sistemleriyle tam uyumludur. Orijinal üretici garantili.	https://pozitronmarket.com/products/iflight-xing2-2207-1855kv-gold-13	https://pozitronmarket.com/assets/products/PZTR-MOT-0013.jpg	in_stock	1275.00 TRY	iFlight	new	5433	no	TR:::Standart Kargo:99.00 TRY
PZTR-ESC-0003	SpeedyBee F405 V4 55A 4in1 (55A BLS/Bluejay)	Resmi SpeedyBee F405 V4 55A 4in1, yüksek performanslı FPV uçuşları için tasarlanmıştır. 55A BLS/Bluejay varyantı ve Flashed Bluejay 48kHz donanımı ile 3-6S LiPo güç sistemleriyle tam uyumludur. Orijinal üretici garantili.	https://pozitronmarket.com/products/speedybee-f405-v4-55a-4in1-55a-bls-bluejay-3	https://pozitronmarket.com/assets/products/PZTR-ESC-0003.jpg	in_stock	2700.00 TRY	SpeedyBee	new	5433	no	TR:::Standart Kargo:0.00 TRY
PZTR-TOO-0017	Kester 60/40 Rosin Core Solder Wire (100g Spool (0.8mm Diameter))	Resmi Kester 60/40 Rosin Core Solder Wire, yüksek performanslı FPV uçuşları için tasarlanmıştır. 100g Spool (0.8mm Diameter) varyantı ve Sn60/Pb40 Rosin Core Flux donanımı ile Workshop Volume güç sistemleriyle tam uyumludur. Orijinal üretici garantili.	https://pozitronmarket.com/products/kester-60-40-rosin-core-solder-wire-100g-spool-0-8mm-diameter-17	https://pozitronmarket.com/assets/products/PZTR-TOO-0017.jpg	in_stock	995.00 TRY	Kester	new	5433	no	TR:::Standart Kargo:99.00 TRY
PZTR-VTX-0020	SpeedyBee TX800 800mW Mini (Pre-Soldered 4-Pin Lead)	Resmi SpeedyBee TX800 800mW Mini, yüksek performanslı FPV uçuşları için tasarlanmıştır. Pre-Soldered 4-Pin Lead varyantı ve Quick Connect Plug donanımı ile IRC Tramp Protocol güç sistemleriyle tam uyumludur. Orijinal üretici garantili.	https://pozitronmarket.com/products/speedybee-tx800-800mw-mini-pre-soldered-4-pin-lead-20	https://pozitronmarket.com/assets/products/PZTR-VTX-0020.jpg	in_stock	1175.00 TRY	SpeedyBee	new	5433	no	TR:::Standart Kargo:99.00 TRY
PZTR-MOT-0049	T-Motor U8 II Heavy Lift (100KV Pair)	Resmi T-Motor U8 II Heavy Lift, yüksek performanslı FPV uçuşları için tasarlanmıştır. 100KV Pair varyantı ve Industrial Black (Pair) donanımı ile 12S güç sistemleriyle tam uyumludur. Orijinal üretici garantili.	https://pozitronmarket.com/products/t-motor-u8-ii-heavy-lift-100kv-pair-49	https://pozitronmarket.com/assets/products/PZTR-MOT-0049.jpg	in_stock	24000.00 TRY	T-Motor	new	5433	no	TR:::Standart Kargo:0.00 TRY
PZTR-MOT-0006	T-Motor Velox V3 (1750KV)	Resmi T-Motor Velox V3, yüksek performanslı FPV uçuşları için tasarlanmıştır. 1750KV varyantı ve Blue donanımı ile 6S güç sistemleriyle tam uyumludur. Orijinal üretici garantili.	https://pozitronmarket.com/products/t-motor-velox-v3-1750kv-6	https://pozitronmarket.com/assets/products/PZTR-MOT-0006.jpg	in_stock	875.00 TRY	T-Motor	new	5433	no	TR:::Standart Kargo:99.00 TRY
PZTR-ESC-0019	T-Motor F55A PRO II 4in1 (55A Long Lead)	Resmi T-Motor F55A PRO II 4in1, yüksek performanslı FPV uçuşları için tasarlanmıştır. 55A Long Lead varyantı ve 12AWG Silicone XT60 donanımı ile 3-6S LiPo güç sistemleriyle tam uyumludur. Orijinal üretici garantili.	https://pozitronmarket.com/products/t-motor-f55a-pro-ii-4in1-55a-long-lead-19	https://pozitronmarket.com/assets/products/PZTR-ESC-0019.jpg	in_stock	4375.00 TRY	T-Motor	new	5433	no	TR:::Standart Kargo:0.00 TRY
PZTR-PRO-0050	Gemfan Moonlight LED 51466 (Night Flight Pro Kit)	Resmi Gemfan Moonlight LED 51466, yüksek performanslı FPV uçuşları için tasarlanmıştır. Night Flight Pro Kit varyantı ve Includes Spare Cells donanımı ile 5mm Shaft güç sistemleriyle tam uyumludur. Orijinal üretici garantili.	https://pozitronmarket.com/products/gemfan-moonlight-led-51466-night-flight-pro-kit-50	https://pozitronmarket.com/assets/products/PZTR-PRO-0050.jpg	in_stock	575.00 TRY	Gemfan	new	5433	no	TR:::Standart Kargo:99.00 TRY
PZTR-FRA-0038	GEPRC CineLog35 V2 HD (Spare Prop Guard Set)	Resmi GEPRC CineLog35 V2 HD, yüksek performanslı FPV uçuşları için tasarlanmıştır. Spare Prop Guard Set varyantı ve Injection Molded Rings donanımı ile Crash Replacement güç sistemleriyle tam uyumludur. Orijinal üretici garantili.	https://pozitronmarket.com/products/geprc-cinelog35-v2-hd-spare-prop-guard-set-38	https://pozitronmarket.com/assets/products/PZTR-FRA-0038.jpg	in_stock	925.00 TRY	GEPRC	new	5433	no	TR:::Standart Kargo:99.00 TRY
PZTR-FLI-0034	iFlight Blitz F7 Pro FC (Extended MicroSD Blackbox)	Resmi iFlight Blitz F7 Pro FC, yüksek performanslı FPV uçuşları için tasarlanmıştır. Extended MicroSD Blackbox varyantı ve Includes 32GB Card donanımı ile Betaflight 4.5 güç sistemleriyle tam uyumludur. Orijinal üretici garantili.	https://pozitronmarket.com/products/iflight-blitz-f7-pro-fc-extended-microsd-blackbox-34	https://pozitronmarket.com/assets/products/PZTR-FLI-0034.jpg	in_stock	3495.00 TRY	iFlight	new	5433	no	TR:::Standart Kargo:0.00 TRY
PZTR-ESC-0023	Flywoo GOKU G45M 45A AIO (40A Toothpick AIO)	Resmi Flywoo GOKU G45M 45A AIO, yüksek performanslı FPV uçuşları için tasarlanmıştır. 40A Toothpick AIO varyantı ve 25.5x25.5mm Whoop donanımı ile 2-6S LiPo güç sistemleriyle tam uyumludur. Orijinal üretici garantili.	https://pozitronmarket.com/products/flywoo-goku-g45m-45a-aio-40a-toothpick-aio-23	https://pozitronmarket.com/assets/products/PZTR-ESC-0023.jpg	in_stock	2200.00 TRY	Flywoo	new	5433	no	TR:::Standart Kargo:0.00 TRY
PZTR-CAM-0005	DJI O3 Air Unit Digital HD (Dual Dual-Band Antenna Kit)	"Resmi DJI O3 Air Unit Digital HD, yüksek performanslı FPV uçuşları için tasarlanmıştır. Dual Dual-Band Antenna Kit varyantı ve Upgraded Antennas donanımı ile 1/1.7"" 4K Sensor güç sistemleriyle tam uyumludur. Orijinal üretici garantili."	https://pozitronmarket.com/products/dji-o3-air-unit-digital-hd-dual-dual-band-antenna-kit-5	https://pozitronmarket.com/assets/products/PZTR-CAM-0005.jpg	in_stock	12100.00 TRY	DJI	new	5433	no	TR:::Standart Kargo:0.00 TRY
PZTR-CON-0030	Matek Systems FCHUB Power Hub (Twin Pack Fleet Kit)	Resmi Matek Systems FCHUB Power Hub, yüksek performanslı FPV uçuşları için tasarlanmıştır. Twin Pack Fleet Kit varyantı ve 2x FCHUB PDBs donanımı ile 3-8S LiPo güç sistemleriyle tam uyumludur. Orijinal üretici garantili.	https://pozitronmarket.com/products/matek-systems-fchub-power-hub-twin-pack-fleet-kit-30	https://pozitronmarket.com/assets/products/PZTR-CON-0030.jpg	in_stock	1550.00 TRY	Matek Systems	new	5433	no	TR:::Standart Kargo:0.00 TRY
PZTR-MOT-0016	iFlight XING-E Pro 2207 (1800KV)	Resmi iFlight XING-E Pro 2207, yüksek performanslı FPV uçuşları için tasarlanmıştır. 1800KV varyantı ve Black/Red donanımı ile 6S güç sistemleriyle tam uyumludur. Orijinal üretici garantili.	https://pozitronmarket.com/products/iflight-xing-e-pro-2207-1800kv-16	https://pozitronmarket.com/assets/products/PZTR-MOT-0016.jpg	in_stock	1470.49 TRY	iFlight	new	5433	no	TR:::Standart Kargo:99.00 TRY
PZTR-FLI-0022	BetaFPV F722 AIO 40A Toothpick (With Integrated ELRS 2.4G)	Resmi BetaFPV F722 AIO 40A Toothpick, yüksek performanslı FPV uçuşları için tasarlanmıştır. With Integrated ELRS 2.4G varyantı ve Direct SPI ELRS RX donanımı ile 2-6S LiPo güç sistemleriyle tam uyumludur. Orijinal üretici garantili.	https://pozitronmarket.com/products/betafpv-f722-aio-40a-toothpick-with-integrated-elrs-2-4g-22	https://pozitronmarket.com/assets/products/PZTR-FLI-0022.jpg	in_stock	4450.00 TRY	BetaFPV	new	5433	no	TR:::Standart Kargo:0.00 TRY
PZTR-FLI-0029	Happymodel Crazybee G473 AIO (Pre-Flashed Bluejay 48kHz)	Resmi Happymodel Crazybee G473 AIO, yüksek performanslı FPV uçuşları için tasarlanmıştır. Pre-Flashed Bluejay 48kHz varyantı ve Extended Flight Time donanımı ile 1-2S LiPo güç sistemleriyle tam uyumludur. Orijinal üretici garantili.	https://pozitronmarket.com/products/happymodel-crazybee-g473-aio-pre-flashed-bluejay-48khz-29	https://pozitronmarket.com/assets/products/PZTR-FLI-0029.jpg	in_stock	2575.00 TRY	Happymodel	new	5433	no	TR:::Standart Kargo:0.00 TRY
PZTR-CAM-0008	Walksnail Avatar HD Pro Kit (Pro Micro Camera Only)	Resmi Walksnail Avatar HD Pro Kit, yüksek performanslı FPV uçuşları için tasarlanmıştır. Pro Micro Camera Only varyantı ve 19x19mm Replacement Cam donanımı ile 1080P/120fps güç sistemleriyle tam uyumludur. Orijinal üretici garantili.	https://pozitronmarket.com/products/walksnail-avatar-hd-pro-kit-pro-micro-camera-only-8	https://pozitronmarket.com/assets/products/PZTR-CAM-0008.jpg	in_stock	3450.00 TRY	Walksnail	new	5433	no	TR:::Standart Kargo:0.00 TRY
PZTR-FLI-0018	Holybro Pixhawk 6C Autopilot (With PM02 V3 Power Module)	Resmi Holybro Pixhawk 6C Autopilot, yüksek performanslı FPV uçuşları için tasarlanmıştır. With PM02 V3 Power Module varyantı ve Complete Avionics Set donanımı ile PX4 / ArduPilot güç sistemleriyle tam uyumludur. Orijinal üretici garantili.	https://pozitronmarket.com/products/holybro-pixhawk-6c-autopilot-with-pm02-v3-power-module-18	https://pozitronmarket.com/assets/products/PZTR-FLI-0018.jpg	in_stock	11250.00 TRY	Holybro	new	5433	no	TR:::Standart Kargo:0.00 TRY
PZTR-PRO-0011	HQProp Ethix P3 Peanut Butter (Set of 4)	Resmi HQProp Ethix P3 Peanut Butter, yüksek performanslı FPV uçuşları için tasarlanmıştır. Set of 4 varyantı ve Peanut Butter Brown donanımı ile 5mm Shaft güç sistemleriyle tam uyumludur. Orijinal üretici garantili.	https://pozitronmarket.com/products/hqprop-ethix-p3-peanut-butter-set-of-4-11	https://pozitronmarket.com/assets/products/PZTR-PRO-0011.jpg	in_stock	215.00 TRY	HQProp	new	5433	no	TR:::Standart Kargo:99.00 TRY
PZTR-PRO-0002	Gemfan Hurricane 51466 V2 (Neon Yellow)	Resmi Gemfan Hurricane 51466 V2, yüksek performanslı FPV uçuşları için tasarlanmıştır. Neon Yellow varyantı ve Polycarbonate donanımı ile 5mm Shaft güç sistemleriyle tam uyumludur. Orijinal üretici garantili.	https://pozitronmarket.com/products/gemfan-hurricane-51466-v2-neon-yellow-2	https://pozitronmarket.com/assets/products/PZTR-PRO-0002.jpg	in_stock	199.50 TRY	Gemfan	new	5433	no	TR:::Standart Kargo:99.00 TRY
PZTR-FRA-0002	iFlight Nazgul Evoque F5X V2 (DeadCat Geometry (No Props in View))	Resmi iFlight Nazgul Evoque F5X V2, yüksek performanslı FPV uçuşları için tasarlanmıştır. DeadCat Geometry (No Props in View) varyantı ve Clean Cinematic View donanımı ile 3K Carbon Fiber 6mm Arms güç sistemleriyle tam uyumludur. Orijinal üretici garantili.	https://pozitronmarket.com/products/iflight-nazgul-evoque-f5x-v2-deadcat-geometry-no-props-in-view-2	https://pozitronmarket.com/assets/products/PZTR-FRA-0002.jpg	in_stock	3999.50 TRY	iFlight	new	5433	no	TR:::Standart Kargo:0.00 TRY
PZTR-TXR-0019	RadioMaster RP1 ExpressLRS RX (Triple Pack Fleet Kit)	Resmi RadioMaster RP1 ExpressLRS RX, yüksek performanslı FPV uçuşları için tasarlanmıştır. Triple Pack Fleet Kit varyantı ve 3x RP1 Receivers donanımı ile ELRS 2.4GHz / SX1280 güç sistemleriyle tam uyumludur. Orijinal üretici garantili.	https://pozitronmarket.com/products/radiomaster-rp1-expresslrs-rx-triple-pack-fleet-kit-19	https://pozitronmarket.com/assets/products/PZTR-TXR-0019.jpg	in_stock	3268.09 TRY	RadioMaster	new	5433	no	TR:::Standart Kargo:0.00 TRY
PZTR-MOT-0051	GEPRC GR1404 Toothpick (2750KV)	Resmi GEPRC GR1404 Toothpick, yüksek performanslı FPV uçuşları için tasarlanmıştır. 2750KV varyantı ve Black donanımı ile 4S güç sistemleriyle tam uyumludur. Orijinal üretici garantili.	https://pozitronmarket.com/products/geprc-gr1404-toothpick-2750kv-51	https://pozitronmarket.com/assets/products/PZTR-MOT-0051.jpg	in_stock	725.00 TRY	GEPRC	new	5433	no	TR:::Standart Kargo:99.00 TRY
PZTR-TXR-0031	RadioMaster RP2 SMD Antenna RX (Onboard SMD Antenna (0.55g))	Resmi RadioMaster RP2 SMD Antenna RX, yüksek performanslı FPV uçuşları için tasarlanmıştır. Onboard SMD Antenna (0.55g) varyantı ve No External Wires Needed donanımı ile ELRS 2.4GHz güç sistemleriyle tam uyumludur. Orijinal üretici garantili.	https://pozitronmarket.com/products/radiomaster-rp2-smd-antenna-rx-onboard-smd-antenna-0-55g-31	https://pozitronmarket.com/assets/products/PZTR-TXR-0031.jpg	in_stock	825.00 TRY	RadioMaster	new	5433	no	TR:::Standart Kargo:99.00 TRY
PZTR-CAM-0027	RunCam Thumb Pro 4K V2 (With ND Filter 4-Pack)	Resmi RunCam Thumb Pro 4K V2, yüksek performanslı FPV uçuşları için tasarlanmıştır. With ND Filter 4-Pack varyantı ve ND8/ND16/ND32/ND64 donanımı ile Gyroflow Logging güç sistemleriyle tam uyumludur. Orijinal üretici garantili.	https://pozitronmarket.com/products/runcam-thumb-pro-4k-v2-with-nd-filter-4-pack-27	https://pozitronmarket.com/assets/products/PZTR-CAM-0027.jpg	in_stock	5200.00 TRY	RunCam	new	5433	no	TR:::Standart Kargo:0.00 TRY
PZTR-CAM-0033	Caddx Ant Nano 1200TVL (With 19mm Bracket)	Resmi Caddx Ant Nano 1200TVL, yüksek performanslı FPV uçuşları için tasarlanmıştır. With 19mm Bracket varyantı ve Adapts to Micro Stacks donanımı ile 2 Grams Ultralight güç sistemleriyle tam uyumludur. Orijinal üretici garantili.	https://pozitronmarket.com/products/caddx-ant-nano-1200tvl-with-19mm-bracket-33	https://pozitronmarket.com/assets/products/PZTR-CAM-0033.jpg	in_stock	995.00 TRY	Caddx	new	5433	no	TR:::Standart Kargo:99.00 TRY
PZTR-ESC-0025	Flywoo GOKU G45M 45A AIO (45A Low Resistance)	Resmi Flywoo GOKU G45M 45A AIO, yüksek performanslı FPV uçuşları için tasarlanmıştır. 45A Low Resistance varyantı ve Dual Shunt Telemetry donanımı ile 2-6S LiPo güç sistemleriyle tam uyumludur. Orijinal üretici garantili.	https://pozitronmarket.com/products/flywoo-goku-g45m-45a-aio-45a-low-resistance-25	https://pozitronmarket.com/assets/products/PZTR-ESC-0025.jpg	in_stock	2375.00 TRY	Flywoo	new	5433	no	TR:::Standart Kargo:0.00 TRY
PZTR-FLI-0020	Holybro Pixhawk 6C Autopilot (Enterprise RTK Combo Kit)	Resmi Holybro Pixhawk 6C Autopilot, yüksek performanslı FPV uçuşları için tasarlanmıştır. Enterprise RTK Combo Kit varyantı ve Pre-Configured for RTK donanımı ile PX4 / ArduPilot güç sistemleriyle tam uyumludur. Orijinal üretici garantili.	https://pozitronmarket.com/products/holybro-pixhawk-6c-autopilot-enterprise-rtk-combo-kit-20	https://pozitronmarket.com/assets/products/PZTR-FLI-0020.jpg	in_stock	11950.00 TRY	Holybro	new	5433	no	TR:::Standart Kargo:0.00 TRY
PZTR-ANT-0009	TBS (Team BlackSheep) Triumph Pro 5.8G (Pair of 2 Antennas (RHCP))	Resmi TBS (Team BlackSheep) Triumph Pro 5.8G, yüksek performanslı FPV uçuşları için tasarlanmıştır. Pair of 2 Antennas (RHCP) varyantı ve Dual Diversity Receiver Set donanımı ile 5.8GHz Video güç sistemleriyle tam uyumludur. Orijinal üretici garantili.	https://pozitronmarket.com/products/tbs-team-blacksheep-triumph-pro-5-8g-pair-of-2-antennas-rhcp-9	https://pozitronmarket.com/assets/products/PZTR-ANT-0009.jpg	in_stock	1845.00 TRY	TBS (Team BlackSheep)	new	5433	no	TR:::Standart Kargo:0.00 TRY
PZTR-FRA-0028	Flywoo Explorer LR 4 V2 (Heavy Duty 4mm Arms Edition)	Resmi Flywoo Explorer LR 4 V2, yüksek performanslı FPV uçuşları için tasarlanmıştır. Heavy Duty 4mm Arms Edition varyantı ve Stiff Wind Resistant donanımı ile 3K Carbon Fiber güç sistemleriyle tam uyumludur. Orijinal üretici garantili.	https://pozitronmarket.com/products/flywoo-explorer-lr-4-v2-heavy-duty-4mm-arms-edition-28	https://pozitronmarket.com/assets/products/PZTR-FRA-0028.jpg	in_stock	3268.18 TRY	Flywoo	new	5433	no	TR:::Standart Kargo:0.00 TRY
PZTR-PRO-0020	Gemfan Cinewhoop D90S (Heavy Lift Tri-Blade)	Resmi Gemfan Cinewhoop D90S, yüksek performanslı FPV uçuşları için tasarlanmıştır. Heavy Lift Tri-Blade varyantı ve High Thrust Edition donanımı ile 5mm Shaft güç sistemleriyle tam uyumludur. Orijinal üretici garantili.	https://pozitronmarket.com/products/gemfan-cinewhoop-d90s-heavy-lift-tri-blade-20	https://pozitronmarket.com/assets/products/PZTR-PRO-0020.jpg	in_stock	210.00 TRY	Gemfan	new	5433	no	TR:::Standart Kargo:99.00 TRY
PZTR-VTX-0023	Walksnail Avatar GT 2W Module (Active Cooling Fan Edition)	Resmi Walksnail Avatar GT 2W Module, yüksek performanslı FPV uçuşları için tasarlanmıştır. Active Cooling Fan Edition varyantı ve High Ambient Temp Spec donanımı ile 1080P/120fps Digital güç sistemleriyle tam uyumludur. Orijinal üretici garantili.	https://pozitronmarket.com/products/walksnail-avatar-gt-2w-module-active-cooling-fan-edition-23	https://pozitronmarket.com/assets/products/PZTR-VTX-0023.jpg	in_stock	11207.17 TRY	Walksnail	new	5433	no	TR:::Standart Kargo:0.00 TRY
PZTR-BAT-0008	CNHL Black Series 1500mAh (6S 1300mAh 100C (XT60))	Resmi CNHL Black Series 1500mAh, yüksek performanslı FPV uçuşları için tasarlanmıştır. 6S 1300mAh 100C (XT60) varyantı ve Agile Freestyle Balance donanımı ile 22.2V / XT60 güç sistemleriyle tam uyumludur. Orijinal üretici garantili.	https://pozitronmarket.com/products/cnhl-black-series-1500mah-6s-1300mah-100c-xt60-8	https://pozitronmarket.com/assets/products/PZTR-BAT-0008.jpg	in_stock	1475.00 TRY	CNHL	new	5433	no	TR:::Standart Kargo:99.00 TRY
PZTR-TOO-0019	Kester 60/40 Rosin Core Solder Wire (Lead-Free SAC305 (50g))	Resmi Kester 60/40 Rosin Core Solder Wire, yüksek performanslı FPV uçuşları için tasarlanmıştır. Lead-Free SAC305 (50g) varyantı ve Sn96.5/Ag3.0/Cu0.5 Eco donanımı ile RoHS Compliant güç sistemleriyle tam uyumludur. Orijinal üretici garantili.	https://pozitronmarket.com/products/kester-60-40-rosin-core-solder-wire-lead-free-sac305-50g-19	https://pozitronmarket.com/assets/products/PZTR-TOO-0019.jpg	in_stock	800.00 TRY	Kester	new	5433	no	TR:::Standart Kargo:99.00 TRY
PZTR-PRO-0034	Master Airscrew 1045 Foldable Carbon (High Altitude Pitch)	Resmi Master Airscrew 1045 Foldable Carbon, yüksek performanslı FPV uçuşları için tasarlanmıştır. High Altitude Pitch varyantı ve Enhanced Lift donanımı ile Direct Mount güç sistemleriyle tam uyumludur. Orijinal üretici garantili.	https://pozitronmarket.com/products/master-airscrew-1045-foldable-carbon-high-altitude-pitch-34	https://pozitronmarket.com/assets/products/PZTR-PRO-0034.jpg	in_stock	775.00 TRY	Master Airscrew	new	5433	no	TR:::Standart Kargo:99.00 TRY
PZTR-MOT-0052	GEPRC GR1404 Toothpick (3850KV)	Resmi GEPRC GR1404 Toothpick, yüksek performanslı FPV uçuşları için tasarlanmıştır. 3850KV varyantı ve Black donanımı ile 3S/4S güç sistemleriyle tam uyumludur. Orijinal üretici garantili.	https://pozitronmarket.com/products/geprc-gr1404-toothpick-3850kv-52	https://pozitronmarket.com/assets/products/PZTR-MOT-0052.jpg	in_stock	725.00 TRY	GEPRC	new	5433	no	TR:::Standart Kargo:99.00 TRY
PZTR-FLI-0038	GEPRC GEP-F722-HD FC (With Dual BEC 5V/9V)	Resmi GEPRC GEP-F722-HD FC, yüksek performanslı FPV uçuşları için tasarlanmıştır. With Dual BEC 5V/9V varyantı ve Power Stabilized Rails donanımı ile Betaflight 4.5 güç sistemleriyle tam uyumludur. Orijinal üretici garantili.	https://pozitronmarket.com/products/geprc-gep-f722-hd-fc-with-dual-bec-5v-9v-38	https://pozitronmarket.com/assets/products/PZTR-FLI-0038.jpg	in_stock	3150.00 TRY	GEPRC	new	5433	no	TR:::Standart Kargo:0.00 TRY
PZTR-TXR-0039	TBS (Team BlackSheep) Tracer Nano RX (Twin Pack Racer Bundle)	Resmi TBS (Team BlackSheep) Tracer Nano RX, yüksek performanslı FPV uçuşları için tasarlanmıştır. Twin Pack Racer Bundle varyantı ve Includes 2 Tracer RXs donanımı ile TBS Tracer Protocol güç sistemleriyle tam uyumludur. Orijinal üretici garantili.	https://pozitronmarket.com/products/tbs-team-blacksheep-tracer-nano-rx-twin-pack-racer-bundle-39	https://pozitronmarket.com/assets/products/PZTR-TXR-0039.jpg	in_stock	3245.00 TRY	TBS (Team BlackSheep)	new	5433	no	TR:::Standart Kargo:0.00 TRY
PZTR-MOT-0031	GEPRC SPEEDX2 2107.5 (1960KV)	Resmi GEPRC SPEEDX2 2107.5, yüksek performanslı FPV uçuşları için tasarlanmıştır. 1960KV varyantı ve Space Grey donanımı ile 6S güç sistemleriyle tam uyumludur. Orijinal üretici garantili.	https://pozitronmarket.com/products/geprc-speedx2-2107-5-1960kv-31	https://pozitronmarket.com/assets/products/PZTR-MOT-0031.jpg	in_stock	1570.34 TRY	GEPRC	new	5433	no	TR:::Standart Kargo:0.00 TRY
PZTR-TOO-0012	Sequre Titanium Hex Screwdriver Set (With Zipper Tool Pouch)	Resmi Sequre Titanium Hex Screwdriver Set, yüksek performanslı FPV uçuşları için tasarlanmıştır. With Zipper Tool Pouch varyantı ve High Density Storage Case donanımı ile Field Travel Ready güç sistemleriyle tam uyumludur. Orijinal üretici garantili.	https://pozitronmarket.com/products/sequre-titanium-hex-screwdriver-set-with-zipper-tool-pouch-12	https://pozitronmarket.com/assets/products/PZTR-TOO-0012.jpg	in_stock	2239.44 TRY	Sequre	new	5433	no	TR:::Standart Kargo:0.00 TRY
