id	title	description	link	image_link	availability	price	brand	condition	google_product_category	identifier_exists	shipping
PZTR-SCR-0007	Pozitron Hardware 304 Stainless M3 Hex Screws (M3 x 6mm Alyan Civata (Tekli Adet))	Orijinal Pozitron Hardware 304 Stainless M3 Hex Screws (M3 x 6mm Alyan Civata (Tekli Adet)). DIN 912 304 Paslanmaz Çelik / Motor Alt Vida teknik donanımıyla, hassas FPV dron montajları ve atölye projeleri için geliştirilmiştir. %100 doğrulanmış orijinal ürün.	https://pozitronmarket.com/products/pozitron-hardware-304-stainless-m3-hex-screws-m3-x-6mm-alyan-civata-tekli-adet-7	https://pozitronmarket.com/assets/products/PZTR-SCR-0007.jpg	in_stock	6.00 TRY	Pozitron Hardware	new	5433	no	TR:::Standart Kargo:99.00 TRY
PZTR-SCR-0023	Pozitron Hardware 304 Stainless M4 & M5 Fasteners (M5 x 20mm Alyan Civata (10'lu Paket))	Orijinal Pozitron Hardware 304 Stainless M4 & M5 Fasteners (M5 x 20mm Alyan Civata (10'lu Paket)). DIN 912 304 Paslanmaz Çelik / Ağır Yük teknik donanımıyla, hassas FPV dron montajları ve atölye projeleri için geliştirilmiştir. %100 doğrulanmış orijinal ürün.	https://pozitronmarket.com/products/pozitron-hardware-304-stainless-m4-m5-fasteners-m5-x-20mm-alyan-civata-10-lu-paket-23	https://pozitronmarket.com/assets/products/PZTR-SCR-0023.jpg	in_stock	125.00 TRY	Pozitron Hardware	new	5433	no	TR:::Standart Kargo:99.00 TRY
PZTR-VTX-0013	RushFPV Rush Tank II Ultimate 1W (PitMode Silent Powerup Spec)	Orijinal RushFPV Rush Tank II Ultimate 1W (PitMode Silent Powerup Spec). Zero Interference to Other Pilots teknik donanımıyla, hassas FPV dron montajları ve atölye projeleri için geliştirilmiştir. %100 doğrulanmış orijinal ürün.	https://pozitronmarket.com/products/rushfpv-rush-tank-ii-ultimate-1w-pitmode-silent-powerup-spec-13	https://pozitronmarket.com/assets/products/PZTR-VTX-0013.jpg	in_stock	2325.00 TRY	RushFPV	new	5433	no	TR:::Standart Kargo:0.00 TRY
PZTR-MOT-0005	T-Motor F60 PRO V (1950KV Gold)	Orijinal T-Motor F60 PRO V (1950KV Gold). Special Edition Cyber Gold teknik donanımıyla, hassas FPV dron montajları ve atölye projeleri için geliştirilmiştir. %100 doğrulanmış orijinal ürün.	https://pozitronmarket.com/products/t-motor-f60-pro-v-1950kv-gold-5	https://pozitronmarket.com/assets/products/PZTR-MOT-0005.jpg	in_stock	1495.00 TRY	T-Motor	new	5433	no	TR:::Standart Kargo:99.00 TRY
PZTR-ESC-0005	SpeedyBee F405 V4 55A 4in1 (Replacement Board Spec)	Orijinal SpeedyBee F405 V4 55A 4in1 (Replacement Board Spec). Includes Wiring & Silicone Grommets teknik donanımıyla, hassas FPV dron montajları ve atölye projeleri için geliştirilmiştir. %100 doğrulanmış orijinal ürün.	https://pozitronmarket.com/products/speedybee-f405-v4-55a-4in1-replacement-board-spec-5	https://pozitronmarket.com/assets/products/PZTR-ESC-0005.jpg	in_stock	2225.00 TRY	SpeedyBee	new	5433	no	TR:::Standart Kargo:0.00 TRY
PZTR-MOT-0023	EMAX ECO II 2207 (2400KV)	Orijinal EMAX ECO II 2207 (2400KV). Anodized Black Bell teknik donanımıyla, hassas FPV dron montajları ve atölye projeleri için geliştirilmiştir. %100 doğrulanmış orijinal ürün.	https://pozitronmarket.com/products/emax-eco-ii-2207-2400kv-23	https://pozitronmarket.com/assets/products/PZTR-MOT-0023.jpg	in_stock	799.50 TRY	EMAX	new	5433	no	TR:::Standart Kargo:99.00 TRY
PZTR-TXR-0026	BetaFPV SuperD ELRS 2.4G (True Dual Dipole Antennas)	Orijinal BetaFPV SuperD ELRS 2.4G (True Dual Dipole Antennas). Zero Signal Dropouts Behind Obstacles teknik donanımıyla, hassas FPV dron montajları ve atölye projeleri için geliştirilmiştir. %100 doğrulanmış orijinal ürün.	https://pozitronmarket.com/products/betafpv-superd-elrs-2-4g-true-dual-dipole-antennas-26	https://pozitronmarket.com/assets/products/PZTR-TXR-0026.jpg	in_stock	999.50 TRY	BetaFPV	new	5433	no	TR:::Standart Kargo:99.00 TRY
PZTR-BAT-0028	ToolkitRC M6D Dual Charger (With 65W PD Power Brick Bundle)	Orijinal ToolkitRC M6D Dual Charger (With 65W PD Power Brick Bundle). Direct Wall Outlet Plug Operation teknik donanımıyla, hassas FPV dron montajları ve atölye projeleri için geliştirilmiştir. %100 doğrulanmış orijinal ürün.	https://pozitronmarket.com/products/toolkitrc-m6d-dual-charger-with-65w-pd-power-brick-bundle-28	https://pozitronmarket.com/assets/products/PZTR-BAT-0028.jpg	in_stock	3700.00 TRY	ToolkitRC	new	5433	no	TR:::Standart Kargo:0.00 TRY
PZTR-SCR-0024	Pozitron Hardware 304 Stainless M4 & M5 Fasteners (M5 Flanşlı Tırtıklı Motor Somunu (4'lü Set))	Orijinal Pozitron Hardware 304 Stainless M4 & M5 Fasteners (M5 Flanşlı Tırtıklı Motor Somunu (4'lü Set)). Kendinden Kilitli Pervane Somunu (CW/CCW) teknik donanımıyla, hassas FPV dron montajları ve atölye projeleri için geliştirilmiştir. %100 doğrulanmış orijinal ürün.	https://pozitronmarket.com/products/pozitron-hardware-304-stainless-m4-m5-fasteners-m5-flan-l-t-rt-kl-motor-somunu-4-l-set-24	https://pozitronmarket.com/assets/products/PZTR-SCR-0024.jpg	in_stock	125.00 TRY	Pozitron Hardware	new	5433	no	TR:::Standart Kargo:99.00 TRY
PZTR-GPS-0017	Holybro Micro M10 GPS (With JST-GH 6-Pin Cable)	Orijinal Holybro Micro M10 GPS (With JST-GH 6-Pin Cable). Ready for Pixhawk & Betaflight teknik donanımıyla, hassas FPV dron montajları ve atölye projeleri için geliştirilmiştir. %100 doğrulanmış orijinal ürün.	https://pozitronmarket.com/products/holybro-micro-m10-gps-with-jst-gh-6-pin-cable-17	https://pozitronmarket.com/assets/products/PZTR-GPS-0017.jpg	in_stock	1850.00 TRY	Holybro	new	5433	no	TR:::Standart Kargo:0.00 TRY
PZTR-CAM-0023	HDZero Nano 90 Camera (With 120mm MIPI Cable)	Orijinal HDZero Nano 90 Camera (With 120mm MIPI Cable). Long 5-Inch Freestyle Reach teknik donanımıyla, hassas FPV dron montajları ve atölye projeleri için geliştirilmiştir. %100 doğrulanmış orijinal ürün.	https://pozitronmarket.com/products/hdzero-nano-90-camera-with-120mm-mipi-cable-23	https://pozitronmarket.com/assets/products/PZTR-CAM-0023.jpg	in_stock	2675.00 TRY	HDZero	new	5433	no	TR:::Standart Kargo:0.00 TRY
PZTR-TOO-0040	Sequre SQ-001 Soldering Iron (Hard EVA Travel Case Bundle)	Orijinal Sequre SQ-001 Soldering Iron (Hard EVA Travel Case Bundle). Carry Iron, Tips & Solder Wire teknik donanımıyla, hassas FPV dron montajları ve atölye projeleri için geliştirilmiştir. %100 doğrulanmış orijinal ürün.	https://pozitronmarket.com/products/sequre-sq-001-soldering-iron-hard-eva-travel-case-bundle-40	https://pozitronmarket.com/assets/products/PZTR-TOO-0040.jpg	in_stock	2900.00 TRY	Sequre	new	5433	no	TR:::Standart Kargo:0.00 TRY
PZTR-PRP-0018	Gemfan Cinewhoop D90S Ducted (High Pitch 3.5x3x5)	Orijinal Gemfan Cinewhoop D90S Ducted (High Pitch 3.5x3x5). Payload Lift Spec for Naked GoPro teknik donanımıyla, hassas FPV dron montajları ve atölye projeleri için geliştirilmiştir. %100 doğrulanmış orijinal ürün.	https://pozitronmarket.com/products/gemfan-cinewhoop-d90s-ducted-high-pitch-3-5x3x5-18	https://pozitronmarket.com/assets/products/PZTR-PRP-0018.jpg	in_stock	235.00 TRY	Gemfan	new	5433	no	TR:::Standart Kargo:99.00 TRY
PZTR-FRM-0030	Flywoo Explorer LR 4 V2 (With 2 Spare 4-Inch Carbon Arms)	Orijinal Flywoo Explorer LR 4 V2 (With 2 Spare 4-Inch Carbon Arms). Peace of Mind on High Altitude Treks teknik donanımıyla, hassas FPV dron montajları ve atölye projeleri için geliştirilmiştir. %100 doğrulanmış orijinal ürün.	https://pozitronmarket.com/products/flywoo-explorer-lr-4-v2-with-2-spare-4-inch-carbon-arms-30	https://pozitronmarket.com/assets/products/PZTR-FRM-0030.jpg	in_stock	2800.00 TRY	Flywoo	new	5433	no	TR:::Standart Kargo:0.00 TRY
PZTR-FRM-0038	GEPRC CineLog35 V2 HD (With Action Camera Base Mount)	Orijinal GEPRC CineLog35 V2 HD (With Action Camera Base Mount). Carries Full Size GoPro 12 teknik donanımıyla, hassas FPV dron montajları ve atölye projeleri için geliştirilmiştir. %100 doğrulanmış orijinal ürün.	https://pozitronmarket.com/products/geprc-cinelog35-v2-hd-with-action-camera-base-mount-38	https://pozitronmarket.com/assets/products/PZTR-FRM-0038.jpg	in_stock	3200.00 TRY	GEPRC	new	5433	no	TR:::Standart Kargo:0.00 TRY
PZTR-CNV-0006	Matek Systems PDB-XT60 Dual BEC (Standard Dual BEC 5V & 12V)	Orijinal Matek Systems PDB-XT60 Dual BEC (Standard Dual BEC 5V & 12V). XT60 Direct Solder Connection teknik donanımıyla, hassas FPV dron montajları ve atölye projeleri için geliştirilmiştir. %100 doğrulanmış orijinal ürün.	https://pozitronmarket.com/products/matek-systems-pdb-xt60-dual-bec-standard-dual-bec-5v-12v-6	https://pozitronmarket.com/assets/products/PZTR-CNV-0006.jpg	in_stock	595.00 TRY	Matek Systems	new	5433	no	TR:::Standart Kargo:99.00 TRY
PZTR-ANT-0006	TBS Triumph Pro 5.8GHz (Standard RHCP SMA)	Orijinal TBS Triumph Pro 5.8GHz (Standard RHCP SMA). Ultralight Carbon Reinforced Shell teknik donanımıyla, hassas FPV dron montajları ve atölye projeleri için geliştirilmiştir. %100 doğrulanmış orijinal ürün.	https://pozitronmarket.com/products/tbs-triumph-pro-5-8ghz-standard-rhcp-sma-6	https://pozitronmarket.com/assets/products/PZTR-ANT-0006.jpg	in_stock	997.50 TRY	TBS	new	5433	no	TR:::Standart Kargo:99.00 TRY
PZTR-CAM-0012	Caddx Ratel 2 Micro (Red 2.1mm Lens)	Orijinal Caddx Ratel 2 Micro (Red 2.1mm Lens). High Visibility Anodized Aluminum Shell teknik donanımıyla, hassas FPV dron montajları ve atölye projeleri için geliştirilmiştir. %100 doğrulanmış orijinal ürün.	https://pozitronmarket.com/products/caddx-ratel-2-micro-red-2-1mm-lens-12	https://pozitronmarket.com/assets/products/PZTR-CAM-0012.jpg	in_stock	1645.00 TRY	Caddx	new	5433	no	TR:::Standart Kargo:0.00 TRY
PZTR-CAM-0033	Caddx Ant Nano 1200TVL (With Aluminum Conversion Bracket)	Orijinal Caddx Ant Nano 1200TVL (With Aluminum Conversion Bracket). Fits Standard Micro 19mm Mounts teknik donanımıyla, hassas FPV dron montajları ve atölye projeleri için geliştirilmiştir. %100 doğrulanmış orijinal ürün.	https://pozitronmarket.com/products/caddx-ant-nano-1200tvl-with-aluminum-conversion-bracket-33	https://pozitronmarket.com/assets/products/PZTR-CAM-0033.jpg	in_stock	1100.00 TRY	Caddx	new	5433	no	TR:::Standart Kargo:99.00 TRY
PZTR-ANT-0004	Foxeer Lollipop 4 Plus (Straight MMCX (Set of 2))	Orijinal Foxeer Lollipop 4 Plus (Straight MMCX (Set of 2)). Compact Stack VTX Hookup teknik donanımıyla, hassas FPV dron montajları ve atölye projeleri için geliştirilmiştir. %100 doğrulanmış orijinal ürün.	https://pozitronmarket.com/products/foxeer-lollipop-4-plus-straight-mmcx-set-of-2-4	https://pozitronmarket.com/assets/products/PZTR-ANT-0004.jpg	in_stock	950.00 TRY	Foxeer	new	5433	no	TR:::Standart Kargo:99.00 TRY
PZTR-ANT-0021	Lumenier AXII 2 5.8GHz (RHCP SMA (Set of 2))	Orijinal Lumenier AXII 2 5.8GHz (RHCP SMA (Set of 2)). Industry Leading 2.2dB Gain / True Circular teknik donanımıyla, hassas FPV dron montajları ve atölye projeleri için geliştirilmiştir. %100 doğrulanmış orijinal ürün.	https://pozitronmarket.com/products/lumenier-axii-2-5-8ghz-rhcp-sma-set-of-2-21	https://pozitronmarket.com/assets/products/PZTR-ANT-0021.jpg	in_stock	1495.00 TRY	Lumenier	new	5433	no	TR:::Standart Kargo:99.00 TRY
PZTR-PRP-0032	Master Airscrew 1045 Foldable Carbon (10x4.5 CW Black)	Orijinal Master Airscrew 1045 Foldable Carbon (10x4.5 CW Black). Counter-Rotating Matched Pair Spec teknik donanımıyla, hassas FPV dron montajları ve atölye projeleri için geliştirilmiştir. %100 doğrulanmış orijinal ürün.	https://pozitronmarket.com/products/master-airscrew-1045-foldable-carbon-10x4-5-cw-black-32	https://pozitronmarket.com/assets/products/PZTR-PRP-0032.jpg	in_stock	625.00 TRY	Master Airscrew	new	5433	no	TR:::Standart Kargo:99.00 TRY
PZTR-TOO-0008	Vifly ShortSaver 2 Smoke Stopper (With External Test Leads)	Orijinal Vifly ShortSaver 2 Smoke Stopper (With External Test Leads). Direct Probe Mode for Component Test teknik donanımıyla, hassas FPV dron montajları ve atölye projeleri için geliştirilmiştir. %100 doğrulanmış orijinal ürün.	https://pozitronmarket.com/products/vifly-shortsaver-2-smoke-stopper-with-external-test-leads-8	https://pozitronmarket.com/assets/products/PZTR-TOO-0008.jpg	in_stock	875.00 TRY	Vifly	new	5433	no	TR:::Standart Kargo:99.00 TRY
PZTR-MOT-0010	T-Motor Velox V3 (1950KV (4-Pack))	Orijinal T-Motor Velox V3 (1950KV (4-Pack)). Blue Anodized Set of 4 teknik donanımıyla, hassas FPV dron montajları ve atölye projeleri için geliştirilmiştir. %100 doğrulanmış orijinal ürün.	https://pozitronmarket.com/products/t-motor-velox-v3-1950kv-4-pack-10	https://pozitronmarket.com/assets/products/PZTR-MOT-0010.jpg	in_stock	3400.00 TRY	T-Motor	new	5433	no	TR:::Standart Kargo:0.00 TRY
PZTR-ESC-0032	TBS PowerCube 60A 4in1 (Crossfire Direct Link Spec)	Orijinal TBS PowerCube 60A 4in1 (Crossfire Direct Link Spec). Unified Stack Communication teknik donanımıyla, hassas FPV dron montajları ve atölye projeleri için geliştirilmiştir. %100 doğrulanmış orijinal ürün.	https://pozitronmarket.com/products/tbs-powercube-60a-4in1-crossfire-direct-link-spec-32	https://pozitronmarket.com/assets/products/PZTR-ESC-0032.jpg	in_stock	4700.00 TRY	TBS	new	5433	no	TR:::Standart Kargo:0.00 TRY
PZTR-TXR-0014	RadioMaster Pocket EdgeTX (With 2x 2500mAh 18650 Cells)	Orijinal RadioMaster Pocket EdgeTX (With 2x 2500mAh 18650 Cells). Ready to Fly Travel Battery Pack teknik donanımıyla, hassas FPV dron montajları ve atölye projeleri için geliştirilmiştir. %100 doğrulanmış orijinal ürün.	https://pozitronmarket.com/products/radiomaster-pocket-edgetx-with-2x-2500mah-18650-cells-14	https://pozitronmarket.com/assets/products/PZTR-TXR-0014.jpg	in_stock	3700.00 TRY	RadioMaster	new	5433	no	TR:::Standart Kargo:0.00 TRY
PZTR-TOO-0018	Kester 60/40 Rosin Core Solder Wire (Thin 0.5mm Spec for Micro SMD Pads)	Orijinal Kester 60/40 Rosin Core Solder Wire (Thin 0.5mm Spec for Micro SMD Pads). Precision Flight Controller Soldering teknik donanımıyla, hassas FPV dron montajları ve atölye projeleri için geliştirilmiştir. %100 doğrulanmış orijinal ürün.	https://pozitronmarket.com/products/kester-60-40-rosin-core-solder-wire-thin-0-5mm-spec-for-micro-smd-pads-18	https://pozitronmarket.com/assets/products/PZTR-TOO-0018.jpg	in_stock	575.00 TRY	Kester	new	5433	no	TR:::Standart Kargo:99.00 TRY
PZTR-FLC-0025	BetaFPV F722 AIO 40A (Includes Full TPU Damper Pack)	Orijinal BetaFPV F722 AIO 40A (Includes Full TPU Damper Pack). Zero Frame Resonance Vibration teknik donanımıyla, hassas FPV dron montajları ve atölye projeleri için geliştirilmiştir. %100 doğrulanmış orijinal ürün.	https://pozitronmarket.com/products/betafpv-f722-aio-40a-includes-full-tpu-damper-pack-25	https://pozitronmarket.com/assets/products/PZTR-FLC-0025.jpg	in_stock	3300.00 TRY	BetaFPV	new	5433	no	TR:::Standart Kargo:0.00 TRY
PZTR-TXR-0029	BetaFPV SuperD ELRS 2.4G (With Carbon Arm Mounts)	Orijinal BetaFPV SuperD ELRS 2.4G (With Carbon Arm Mounts). Clean Antenna Routing Setup teknik donanımıyla, hassas FPV dron montajları ve atölye projeleri için geliştirilmiştir. %100 doğrulanmış orijinal ürün.	https://pozitronmarket.com/products/betafpv-superd-elrs-2-4g-with-carbon-arm-mounts-29	https://pozitronmarket.com/assets/products/PZTR-TXR-0029.jpg	in_stock	1150.00 TRY	BetaFPV	new	5433	no	TR:::Standart Kargo:99.00 TRY
PZTR-FRM-0014	TBS Source One V5 (With 7-Inch Extended Arm Kit)	Orijinal TBS Source One V5 (With 7-Inch Extended Arm Kit). Long Distance Efficiency Spec teknik donanımıyla, hassas FPV dron montajları ve atölye projeleri için geliştirilmiştir. %100 doğrulanmış orijinal ürün.	https://pozitronmarket.com/products/tbs-source-one-v5-with-7-inch-extended-arm-kit-14	https://pozitronmarket.com/assets/products/PZTR-FRM-0014.jpg	in_stock	1900.00 TRY	TBS	new	5433	no	TR:::Standart Kargo:0.00 TRY
PZTR-PRP-0036	Gemfan Micro 31mm 4-Blade (Clear Blue)	Orijinal Gemfan Micro 31mm 4-Blade (Clear Blue). Indoor Tiny Whoop Specification teknik donanımıyla, hassas FPV dron montajları ve atölye projeleri için geliştirilmiştir. %100 doğrulanmış orijinal ürün.	https://pozitronmarket.com/products/gemfan-micro-31mm-4-blade-clear-blue-36	https://pozitronmarket.com/assets/products/PZTR-PRP-0036.jpg	in_stock	149.50 TRY	Gemfan	new	5433	no	TR:::Standart Kargo:99.00 TRY
PZTR-ANT-0025	Lumenier AXII 2 5.8GHz (Angle MMCX 90° (Set of 2))	Orijinal Lumenier AXII 2 5.8GHz (Angle MMCX 90° (Set of 2)). Clean Top Plate Route teknik donanımıyla, hassas FPV dron montajları ve atölye projeleri için geliştirilmiştir. %100 doğrulanmış orijinal ürün.	https://pozitronmarket.com/products/lumenier-axii-2-5-8ghz-angle-mmcx-90-set-of-2-25	https://pozitronmarket.com/assets/products/PZTR-ANT-0025.jpg	in_stock	1450.00 TRY	Lumenier	new	5433	no	TR:::Standart Kargo:99.00 TRY
PZTR-CNV-0007	Matek Systems PDB-XT60 Dual BEC (With Amperage Current Sensor)	Orijinal Matek Systems PDB-XT60 Dual BEC (With Amperage Current Sensor). Real-Time OSD mAh Consumption teknik donanımıyla, hassas FPV dron montajları ve atölye projeleri için geliştirilmiştir. %100 doğrulanmış orijinal ürün.	https://pozitronmarket.com/products/matek-systems-pdb-xt60-dual-bec-with-amperage-current-sensor-7	https://pozitronmarket.com/assets/products/PZTR-CNV-0007.jpg	in_stock	725.00 TRY	Matek Systems	new	5433	no	TR:::Standart Kargo:99.00 TRY
PZTR-INS-0014	Ktehloy 400Pcs Brass Heat Set Inserts Kit (400 Parça Organizer Kutu Set)	Orijinal Ktehloy 400Pcs Brass Heat Set Inserts Kit (400 Parça Organizer Kutu Set). M2-M6 Tam Çeşit Şeffaf Bölmeli Kutulu Set teknik donanımıyla, hassas FPV dron montajları ve atölye projeleri için geliştirilmiştir. %100 doğrulanmış orijinal ürün.	https://pozitronmarket.com/products/ktehloy-400pcs-brass-heat-set-inserts-kit-400-par-a-organizer-kutu-set-14	https://pozitronmarket.com/assets/products/PZTR-INS-0014.jpg	in_stock	945.00 TRY	Ktehloy	new	5433	no	TR:::Standart Kargo:99.00 TRY
PZTR-ESC-0034	TBS PowerCube 60A 4in1 (Heavy Copper PCB Edition)	Orijinal TBS PowerCube 60A 4in1 (Heavy Copper PCB Edition). Zero Hotspot Heat Dissipation teknik donanımıyla, hassas FPV dron montajları ve atölye projeleri için geliştirilmiştir. %100 doğrulanmış orijinal ürün.	https://pozitronmarket.com/products/tbs-powercube-60a-4in1-heavy-copper-pcb-edition-34	https://pozitronmarket.com/assets/products/PZTR-ESC-0034.jpg	in_stock	4625.00 TRY	TBS	new	5433	no	TR:::Standart Kargo:0.00 TRY
PZTR-MOT-0009	T-Motor Velox V3 (2550KV)	Orijinal T-Motor Velox V3 (2550KV). Orange Anodized teknik donanımıyla, hassas FPV dron montajları ve atölye projeleri için geliştirilmiştir. %100 doğrulanmış orijinal ürün.	https://pozitronmarket.com/products/t-motor-velox-v3-2550kv-9	https://pozitronmarket.com/assets/products/PZTR-MOT-0009.jpg	in_stock	875.00 TRY	T-Motor	new	5433	no	TR:::Standart Kargo:99.00 TRY
PZTR-BAT-0027	ToolkitRC M6D Dual Charger (With USB-C Fast Charge Output)	Orijinal ToolkitRC M6D Dual Charger (With USB-C Fast Charge Output). Charges Phones & Radios on Field teknik donanımıyla, hassas FPV dron montajları ve atölye projeleri için geliştirilmiştir. %100 doğrulanmış orijinal ürün.	https://pozitronmarket.com/products/toolkitrc-m6d-dual-charger-with-usb-c-fast-charge-output-27	https://pozitronmarket.com/assets/products/PZTR-BAT-0027.jpg	in_stock	2925.00 TRY	ToolkitRC	new	5433	no	TR:::Standart Kargo:0.00 TRY
PZTR-CNV-0023	RadioMaster ERS-CU01 Current Sensor (Telemetry Output for EdgeTX)	Orijinal RadioMaster ERS-CU01 Current Sensor (Telemetry Output for EdgeTX). Direct Radio Screen mAh Display teknik donanımıyla, hassas FPV dron montajları ve atölye projeleri için geliştirilmiştir. %100 doğrulanmış orijinal ürün.	https://pozitronmarket.com/products/radiomaster-ers-cu01-current-sensor-telemetry-output-for-edgetx-23	https://pozitronmarket.com/assets/products/PZTR-CNV-0023.jpg	in_stock	800.00 TRY	RadioMaster	new	5433	no	TR:::Standart Kargo:99.00 TRY
PZTR-VTX-0014	RushFPV Rush Tank II Ultimate 1W (With MMCX to SMA Cable)	Orijinal RushFPV Rush Tank II Ultimate 1W (With MMCX to SMA Cable). Flexible Chassis Mount Extension teknik donanımıyla, hassas FPV dron montajları ve atölye projeleri için geliştirilmiştir. %100 doğrulanmış orijinal ürün.	https://pozitronmarket.com/products/rushfpv-rush-tank-ii-ultimate-1w-with-mmcx-to-sma-cable-14	https://pozitronmarket.com/assets/products/PZTR-VTX-0014.jpg	in_stock	2395.00 TRY	RushFPV	new	5433	no	TR:::Standart Kargo:0.00 TRY
PZTR-CAM-0008	Walksnail Avatar HD Pro Kit (With Dual LHCP Patch Antennas)	Orijinal Walksnail Avatar HD Pro Kit (With Dual LHCP Patch Antennas). Maximum Long Range Signal Depth teknik donanımıyla, hassas FPV dron montajları ve atölye projeleri için geliştirilmiştir. %100 doğrulanmış orijinal ürün.	https://pozitronmarket.com/products/walksnail-avatar-hd-pro-kit-with-dual-lhcp-patch-antennas-8	https://pozitronmarket.com/assets/products/PZTR-CAM-0008.jpg	in_stock	8750.00 TRY	Walksnail	new	5433	no	TR:::Standart Kargo:0.00 TRY
PZTR-VTX-0006	Foxeer Reaper Extreme 2.5W (2500mW Extreme Output)	Orijinal Foxeer Reaper Extreme 2.5W (2500mW Extreme Output). Multi-Frequency 4.9G-6G Extended Band teknik donanımıyla, hassas FPV dron montajları ve atölye projeleri için geliştirilmiştir. %100 doğrulanmış orijinal ürün.	https://pozitronmarket.com/products/foxeer-reaper-extreme-2-5w-2500mw-extreme-output-6	https://pozitronmarket.com/assets/products/PZTR-VTX-0006.jpg	in_stock	2995.00 TRY	Foxeer	new	5433	no	TR:::Standart Kargo:0.00 TRY
PZTR-BAT-0029	ToolkitRC M6D Dual Charger (With 2x Balance Lead Extensions)	Orijinal ToolkitRC M6D Dual Charger (With 2x Balance Lead Extensions). Safe Balance Board Isolation teknik donanımıyla, hassas FPV dron montajları ve atölye projeleri için geliştirilmiştir. %100 doğrulanmış orijinal ürün.	https://pozitronmarket.com/products/toolkitrc-m6d-dual-charger-with-2x-balance-lead-extensions-29	https://pozitronmarket.com/assets/products/PZTR-BAT-0029.jpg	in_stock	2850.00 TRY	ToolkitRC	new	5433	no	TR:::Standart Kargo:0.00 TRY
PZTR-GPS-0015	Matek Systems MicoAir MTF-01 Optical Flow (Autonomous Research Drone Pack)	Orijinal Matek Systems MicoAir MTF-01 Optical Flow (Autonomous Research Drone Pack). Essential for Indoor Navigation teknik donanımıyla, hassas FPV dron montajları ve atölye projeleri için geliştirilmiştir. %100 doğrulanmış orijinal ürün.	https://pozitronmarket.com/products/matek-systems-micoair-mtf-01-optical-flow-autonomous-research-drone-pack-15	https://pozitronmarket.com/assets/products/PZTR-GPS-0015.jpg	in_stock	2245.00 TRY	Matek Systems	new	5433	no	TR:::Standart Kargo:0.00 TRY
PZTR-VTX-0001	TBS Unify Pro32 HV (Standard 1000mW MMCX)	Orijinal TBS Unify Pro32 HV (Standard 1000mW MMCX). SmartAudio V2.1 / CRSF Clean Switch teknik donanımıyla, hassas FPV dron montajları ve atölye projeleri için geliştirilmiştir. %100 doğrulanmış orijinal ürün.	https://pozitronmarket.com/products/tbs-unify-pro32-hv-standard-1000mw-mmcx-1	https://pozitronmarket.com/assets/products/PZTR-VTX-0001.jpg	in_stock	2497.50 TRY	TBS	new	5433	no	TR:::Standart Kargo:0.00 TRY
PZTR-MOT-0018	iFlight XING-E Pro 2207 (2750KV)	Orijinal iFlight XING-E Pro 2207 (2750KV). Black/Red Unibell teknik donanımıyla, hassas FPV dron montajları ve atölye projeleri için geliştirilmiştir. %100 doğrulanmış orijinal ürün.	https://pozitronmarket.com/products/iflight-xing-e-pro-2207-2750kv-18	https://pozitronmarket.com/assets/products/PZTR-MOT-0018.jpg	in_stock	849.50 TRY	iFlight	new	5433	no	TR:::Standart Kargo:99.00 TRY
PZTR-GPS-0012	Matek Systems MicoAir MTF-01 Optical Flow (With UART Serial Harness)	Orijinal Matek Systems MicoAir MTF-01 Optical Flow (With UART Serial Harness). Direct Inav & ArduPilot Integration teknik donanımıyla, hassas FPV dron montajları ve atölye projeleri için geliştirilmiştir. %100 doğrulanmış orijinal ürün.	https://pozitronmarket.com/products/matek-systems-micoair-mtf-01-optical-flow-with-uart-serial-harness-12	https://pozitronmarket.com/assets/products/PZTR-GPS-0012.jpg	in_stock	2050.00 TRY	Matek Systems	new	5433	no	TR:::Standart Kargo:0.00 TRY
PZTR-FLC-0013	Matek Systems H743-WING V3 (With INAV 7.0 Pre-Flashed)	Orijinal Matek Systems H743-WING V3 (With INAV 7.0 Pre-Flashed). Fixed Wing Cruise & RTH Ready teknik donanımıyla, hassas FPV dron montajları ve atölye projeleri için geliştirilmiştir. %100 doğrulanmış orijinal ürün.	https://pozitronmarket.com/products/matek-systems-h743-wing-v3-with-inav-7-0-pre-flashed-13	https://pozitronmarket.com/assets/products/PZTR-FLC-0013.jpg	in_stock	4700.00 TRY	Matek Systems	new	5433	no	TR:::Standart Kargo:0.00 TRY
PZTR-FRM-0016	AxisFlying Manta 5-Inch HD (Squashed X Freestyle Frame)	Orijinal AxisFlying Manta 5-Inch HD (Squashed X Freestyle Frame). Aluminum Camera Plates / Rigid Arm Lock teknik donanımıyla, hassas FPV dron montajları ve atölye projeleri için geliştirilmiştir. %100 doğrulanmış orijinal ürün.	https://pozitronmarket.com/products/axisflying-manta-5-inch-hd-squashed-x-freestyle-frame-16	https://pozitronmarket.com/assets/products/PZTR-FRM-0016.jpg	in_stock	3600.00 TRY	AxisFlying	new	5433	no	TR:::Standart Kargo:0.00 TRY
PZTR-TXR-0024	TBS Crossfire Nano RX Pro (Twin Pack (Set of 2))	Orijinal TBS Crossfire Nano RX Pro (Twin Pack (Set of 2)). Equip Two Long Range Cruisers teknik donanımıyla, hassas FPV dron montajları ve atölye projeleri için geliştirilmiştir. %100 doğrulanmış orijinal ürün.	https://pozitronmarket.com/products/tbs-crossfire-nano-rx-pro-twin-pack-set-of-2-24	https://pozitronmarket.com/assets/products/PZTR-TXR-0024.jpg	in_stock	2850.00 TRY	TBS	new	5433	no	TR:::Standart Kargo:0.00 TRY
PZTR-ESC-0038	Spedix IS45 Single Arm ESC (With Heatshrink & Motor Wire)	Orijinal Spedix IS45 Single Arm ESC (With Heatshrink & Motor Wire). Ready to Solder Assembly teknik donanımıyla, hassas FPV dron montajları ve atölye projeleri için geliştirilmiştir. %100 doğrulanmış orijinal ürün.	https://pozitronmarket.com/products/spedix-is45-single-arm-esc-with-heatshrink-motor-wire-38	https://pozitronmarket.com/assets/products/PZTR-ESC-0038.jpg	in_stock	825.00 TRY	Spedix	new	5433	no	TR:::Standart Kargo:99.00 TRY
PZTR-MOT-0020	iFlight XING-E Pro 2207 (2450KV (4-Pack))	Orijinal iFlight XING-E Pro 2207 (2450KV (4-Pack)). Black/Red Set of 4 teknik donanımıyla, hassas FPV dron montajları ve atölye projeleri için geliştirilmiştir. %100 doğrulanmış orijinal ürün.	https://pozitronmarket.com/products/iflight-xing-e-pro-2207-2450kv-4-pack-20	https://pozitronmarket.com/assets/products/PZTR-MOT-0020.jpg	in_stock	3249.50 TRY	iFlight	new	5433	no	TR:::Standart Kargo:0.00 TRY
PZTR-CAM-0015	Caddx Ratel 2 Micro (Twin Pack (Set of 2))	Orijinal Caddx Ratel 2 Micro (Twin Pack (Set of 2)). Keep One in Backup Drone teknik donanımıyla, hassas FPV dron montajları ve atölye projeleri için geliştirilmiştir. %100 doğrulanmış orijinal ürün.	https://pozitronmarket.com/products/caddx-ratel-2-micro-twin-pack-set-of-2-15	https://pozitronmarket.com/assets/products/PZTR-CAM-0015.jpg	in_stock	3100.00 TRY	Caddx	new	5433	no	TR:::Standart Kargo:0.00 TRY
PZTR-CAM-0016	Foxeer Predator 5 Nano (Standard Black 1.7mm Lens)	Orijinal Foxeer Predator 5 Nano (Standard Black 1.7mm Lens). Ultra Low 4ms Latency / PAL & NTSC teknik donanımıyla, hassas FPV dron montajları ve atölye projeleri için geliştirilmiştir. %100 doğrulanmış orijinal ürün.	https://pozitronmarket.com/products/foxeer-predator-5-nano-standard-black-1-7mm-lens-16	https://pozitronmarket.com/assets/products/PZTR-CAM-0016.jpg	in_stock	1425.00 TRY	Foxeer	new	5433	no	TR:::Standart Kargo:99.00 TRY
PZTR-CAM-0013	Caddx Ratel 2 Micro (With OSD Control Board)	Orijinal Caddx Ratel 2 Micro (With OSD Control Board). On-Screen Menu Joystick Included teknik donanımıyla, hassas FPV dron montajları ve atölye projeleri için geliştirilmiştir. %100 doğrulanmış orijinal ürün.	https://pozitronmarket.com/products/caddx-ratel-2-micro-with-osd-control-board-13	https://pozitronmarket.com/assets/products/PZTR-CAM-0013.jpg	in_stock	1745.00 TRY	Caddx	new	5433	no	TR:::Standart Kargo:0.00 TRY
PZTR-MOT-0033	GEPRC SPEEDX2 2107.5 (1960KV Gold)	Orijinal GEPRC SPEEDX2 2107.5 (1960KV Gold). Gold Accent CNC teknik donanımıyla, hassas FPV dron montajları ve atölye projeleri için geliştirilmiştir. %100 doğrulanmış orijinal ürün.	https://pozitronmarket.com/products/geprc-speedx2-2107-5-1960kv-gold-33	https://pozitronmarket.com/assets/products/PZTR-MOT-0033.jpg	in_stock	1125.00 TRY	GEPRC	new	5433	no	TR:::Standart Kargo:99.00 TRY
PZTR-VTX-0003	TBS Unify Pro32 HV (With MMCX to SMA Pigtail)	Orijinal TBS Unify Pro32 HV (With MMCX to SMA Pigtail). Flexible Antenna Extension Included teknik donanımıyla, hassas FPV dron montajları ve atölye projeleri için geliştirilmiştir. %100 doğrulanmış orijinal ürün.	https://pozitronmarket.com/products/tbs-unify-pro32-hv-with-mmcx-to-sma-pigtail-3	https://pozitronmarket.com/assets/products/PZTR-VTX-0003.jpg	in_stock	2700.00 TRY	TBS	new	5433	no	TR:::Standart Kargo:0.00 TRY
PZTR-ESC-0027	Skystars AM32 KM45A Mini (Gold Pad Solder Edition)	Orijinal Skystars AM32 KM45A Mini (Gold Pad Solder Edition). Fast Wire Soldering Finish teknik donanımıyla, hassas FPV dron montajları ve atölye projeleri için geliştirilmiştir. %100 doğrulanmış orijinal ürün.	https://pozitronmarket.com/products/skystars-am32-km45a-mini-gold-pad-solder-edition-27	https://pozitronmarket.com/assets/products/PZTR-ESC-0027.jpg	in_stock	2225.00 TRY	Skystars	new	5433	no	TR:::Standart Kargo:0.00 TRY
PZTR-ANT-0014	TrueRC Singularity 5.8GHz (MMCX 90° Bendable)	Orijinal TrueRC Singularity 5.8GHz (MMCX 90° Bendable). Semi-Rigid RG402 Coaxial Cable teknik donanımıyla, hassas FPV dron montajları ve atölye projeleri için geliştirilmiştir. %100 doğrulanmış orijinal ürün.	https://pozitronmarket.com/products/truerc-singularity-5-8ghz-mmcx-90-bendable-14	https://pozitronmarket.com/assets/products/PZTR-ANT-0014.jpg	in_stock	1200.00 TRY	TrueRC	new	5433	no	TR:::Standart Kargo:99.00 TRY
PZTR-TXR-0007	RadioMaster Boxer EdgeTX (4-in-1 Multi-Protocol Version)	Orijinal RadioMaster Boxer EdgeTX (4-in-1 Multi-Protocol Version). Full Multi-Brand Drone Compatibility teknik donanımıyla, hassas FPV dron montajları ve atölye projeleri için geliştirilmiştir. %100 doğrulanmış orijinal ürün.	https://pozitronmarket.com/products/radiomaster-boxer-edgetx-4-in-1-multi-protocol-version-7	https://pozitronmarket.com/assets/products/PZTR-TXR-0007.jpg	in_stock	6999.50 TRY	RadioMaster	new	5433	no	TR:::Standart Kargo:0.00 TRY
PZTR-PRP-0008	HQProp Ethix S3 Watermelon (Reinforced Root Hub)	Orijinal HQProp Ethix S3 Watermelon (Reinforced Root Hub). Crash Resistant Polycarbonate teknik donanımıyla, hassas FPV dron montajları ve atölye projeleri için geliştirilmiştir. %100 doğrulanmış orijinal ürün.	https://pozitronmarket.com/products/hqprop-ethix-s3-watermelon-reinforced-root-hub-8	https://pozitronmarket.com/assets/products/PZTR-PRP-0008.jpg	in_stock	215.00 TRY	HQProp	new	5433	no	TR:::Standart Kargo:99.00 TRY
PZTR-MOT-0029	BrotherHobby Avenger V3 2306.5 (2000KV)	Orijinal BrotherHobby Avenger V3 2306.5 (2000KV). Cyberpunk Edition teknik donanımıyla, hassas FPV dron montajları ve atölye projeleri için geliştirilmiştir. %100 doğrulanmış orijinal ürün.	https://pozitronmarket.com/products/brotherhobby-avenger-v3-2306-5-2000kv-29	https://pozitronmarket.com/assets/products/PZTR-MOT-0029.jpg	in_stock	1449.50 TRY	BrotherHobby	new	5433	no	TR:::Standart Kargo:99.00 TRY
PZTR-FLC-0005	SpeedyBee F405 V4 Master FC (Includes Spare Grommet & Cable Set)	Orijinal SpeedyBee F405 V4 Master FC (Includes Spare Grommet & Cable Set). Full Spare Hardware Accessories teknik donanımıyla, hassas FPV dron montajları ve atölye projeleri için geliştirilmiştir. %100 doğrulanmış orijinal ürün.	https://pozitronmarket.com/products/speedybee-f405-v4-master-fc-includes-spare-grommet-cable-set-5	https://pozitronmarket.com/assets/products/PZTR-FLC-0005.jpg	in_stock	2250.00 TRY	SpeedyBee	new	5433	no	TR:::Standart Kargo:0.00 TRY
PZTR-FRM-0026	Flywoo Explorer LR 4 V2 (Sub-250g 4-Inch Lightweight)	Orijinal Flywoo Explorer LR 4 V2 (Sub-250g 4-Inch Lightweight). Deadcat Layout / High Aspect Carbon Arms teknik donanımıyla, hassas FPV dron montajları ve atölye projeleri için geliştirilmiştir. %100 doğrulanmış orijinal ürün.	https://pozitronmarket.com/products/flywoo-explorer-lr-4-v2-sub-250g-4-inch-lightweight-26	https://pozitronmarket.com/assets/products/PZTR-FRM-0026.jpg	in_stock	2249.50 TRY	Flywoo	new	5433	no	TR:::Standart Kargo:0.00 TRY
PZTR-ESC-0016	T-Motor F55A PRO II 4in1 (Standard 55A HD)	Orijinal T-Motor F55A PRO II 4in1 (Standard 55A HD). Original T-Motor Dual Heat Shield teknik donanımıyla, hassas FPV dron montajları ve atölye projeleri için geliştirilmiştir. %100 doğrulanmış orijinal ürün.	https://pozitronmarket.com/products/t-motor-f55a-pro-ii-4in1-standard-55a-hd-16	https://pozitronmarket.com/assets/products/PZTR-ESC-0016.jpg	in_stock	4245.00 TRY	T-Motor	new	5433	no	TR:::Standart Kargo:0.00 TRY
PZTR-MOT-0032	GEPRC SPEEDX2 2107.5 (2450KV)	Orijinal GEPRC SPEEDX2 2107.5 (2450KV). Space Grey Anodized teknik donanımıyla, hassas FPV dron montajları ve atölye projeleri için geliştirilmiştir. %100 doğrulanmış orijinal ürün.	https://pozitronmarket.com/products/geprc-speedx2-2107-5-2450kv-32	https://pozitronmarket.com/assets/products/PZTR-MOT-0032.jpg	in_stock	1075.00 TRY	GEPRC	new	5433	no	TR:::Standart Kargo:99.00 TRY
PZTR-SCR-0003	Pozitron Hardware 304 Stainless M2 Hex Screws (M2 x 10mm Alyan Civata (10'lu Paket))	Orijinal Pozitron Hardware 304 Stainless M2 Hex Screws (M2 x 10mm Alyan Civata (10'lu Paket)). DIN 912 304 Paslanmaz Çelik / Standoff Bağlantı teknik donanımıyla, hassas FPV dron montajları ve atölye projeleri için geliştirilmiştir. %100 doğrulanmış orijinal ürün.	https://pozitronmarket.com/products/pozitron-hardware-304-stainless-m2-hex-screws-m2-x-10mm-alyan-civata-10-lu-paket-3	https://pozitronmarket.com/assets/products/PZTR-SCR-0003.jpg	in_stock	50.00 TRY	Pozitron Hardware	new	5433	no	TR:::Standart Kargo:99.00 TRY
PZTR-TXR-0027	BetaFPV SuperD ELRS 2.4G (TCXO Temperature Compensated)	Orijinal BetaFPV SuperD ELRS 2.4G (TCXO Temperature Compensated). Rock Solid Signal in Cold Weather teknik donanımıyla, hassas FPV dron montajları ve atölye projeleri için geliştirilmiştir. %100 doğrulanmış orijinal ürün.	https://pozitronmarket.com/products/betafpv-superd-elrs-2-4g-tcxo-temperature-compensated-27	https://pozitronmarket.com/assets/products/PZTR-TXR-0027.jpg	in_stock	1125.00 TRY	BetaFPV	new	5433	no	TR:::Standart Kargo:99.00 TRY
PZTR-ESC-0012	Holybro Tekko32 F4 4in1 50A (With Built-In Current Sensor)	Orijinal Holybro Tekko32 F4 4in1 50A (With Built-In Current Sensor). Real-Time Telemetry TX teknik donanımıyla, hassas FPV dron montajları ve atölye projeleri için geliştirilmiştir. %100 doğrulanmış orijinal ürün.	https://pozitronmarket.com/products/holybro-tekko32-f4-4in1-50a-with-built-in-current-sensor-12	https://pozitronmarket.com/assets/products/PZTR-ESC-0012.jpg	in_stock	3700.00 TRY	Holybro	new	5433	no	TR:::Standart Kargo:0.00 TRY
PZTR-GPS-0003	Matek Systems M10-5883 High Precision GPS (Includes JST-GH 6-Pin Harness)	Orijinal Matek Systems M10-5883 High Precision GPS (Includes JST-GH 6-Pin Harness). Plug & Play Pixhawk / Betaflight teknik donanımıyla, hassas FPV dron montajları ve atölye projeleri için geliştirilmiştir. %100 doğrulanmış orijinal ürün.	https://pozitronmarket.com/products/matek-systems-m10-5883-high-precision-gps-includes-jst-gh-6-pin-harness-3	https://pozitronmarket.com/assets/products/PZTR-GPS-0003.jpg	in_stock	1525.00 TRY	Matek Systems	new	5433	no	TR:::Standart Kargo:0.00 TRY
PZTR-ANT-0011	TrueRC Singularity 5.8GHz (RHCP SMA Straight)	Orijinal TrueRC Singularity 5.8GHz (RHCP SMA Straight). Smallest Circular Polarized Antenna / 1.9dBi teknik donanımıyla, hassas FPV dron montajları ve atölye projeleri için geliştirilmiştir. %100 doğrulanmış orijinal ürün.	https://pozitronmarket.com/products/truerc-singularity-5-8ghz-rhcp-sma-straight-11	https://pozitronmarket.com/assets/products/PZTR-ANT-0011.jpg	in_stock	1225.00 TRY	TrueRC	new	5433	no	TR:::Standart Kargo:99.00 TRY
PZTR-VTX-0009	Foxeer Reaper Extreme 2.5W (With Low-Loss MMCX Cable)	Orijinal Foxeer Reaper Extreme 2.5W (With Low-Loss MMCX Cable). Preserves Ultra-High RF Output teknik donanımıyla, hassas FPV dron montajları ve atölye projeleri için geliştirilmiştir. %100 doğrulanmış orijinal ürün.	https://pozitronmarket.com/products/foxeer-reaper-extreme-2-5w-with-low-loss-mmcx-cable-9	https://pozitronmarket.com/assets/products/PZTR-VTX-0009.jpg	in_stock	3100.00 TRY	Foxeer	new	5433	no	TR:::Standart Kargo:0.00 TRY
PZTR-ESC-0039	Spedix IS45 Single Arm ESC (Burst 55A High Current)	Orijinal Spedix IS45 Single Arm ESC (Burst 55A High Current). DShot600 Fast Protocol teknik donanımıyla, hassas FPV dron montajları ve atölye projeleri için geliştirilmiştir. %100 doğrulanmış orijinal ürün.	https://pozitronmarket.com/products/spedix-is45-single-arm-esc-burst-55a-high-current-39	https://pozitronmarket.com/assets/products/PZTR-ESC-0039.jpg	in_stock	795.00 TRY	Spedix	new	5433	no	TR:::Standart Kargo:99.00 TRY
PZTR-FRM-0035	BetaFPV Pavo20 Pro Whoop (Spare Parts Kit (2x Ducts & Dampers))	Orijinal BetaFPV Pavo20 Pro Whoop (Spare Parts Kit (2x Ducts & Dampers)). Quick Fix Field Pack teknik donanımıyla, hassas FPV dron montajları ve atölye projeleri için geliştirilmiştir. %100 doğrulanmış orijinal ürün.	https://pozitronmarket.com/products/betafpv-pavo20-pro-whoop-spare-parts-kit-2x-ducts-dampers-35	https://pozitronmarket.com/assets/products/PZTR-FRM-0035.jpg	in_stock	1600.00 TRY	BetaFPV	new	5433	no	TR:::Standart Kargo:0.00 TRY
PZTR-CAM-0017	Foxeer Predator 5 Nano (High Speed CMOS Sensor)	Orijinal Foxeer Predator 5 Nano (High Speed CMOS Sensor). Zero Smear Fast Motion Slalom teknik donanımıyla, hassas FPV dron montajları ve atölye projeleri için geliştirilmiştir. %100 doğrulanmış orijinal ürün.	https://pozitronmarket.com/products/foxeer-predator-5-nano-high-speed-cmos-sensor-17	https://pozitronmarket.com/assets/products/PZTR-CAM-0017.jpg	in_stock	1475.00 TRY	Foxeer	new	5433	no	TR:::Standart Kargo:99.00 TRY
PZTR-MOT-0028	BrotherHobby Avenger V3 2306.5 (2450KV)	Orijinal BrotherHobby Avenger V3 2306.5 (2450KV). Titanium Black Bell teknik donanımıyla, hassas FPV dron montajları ve atölye projeleri için geliştirilmiştir. %100 doğrulanmış orijinal ürün.	https://pozitronmarket.com/products/brotherhobby-avenger-v3-2306-5-2450kv-28	https://pozitronmarket.com/assets/products/PZTR-MOT-0028.jpg	in_stock	1399.50 TRY	BrotherHobby	new	5433	no	TR:::Standart Kargo:99.00 TRY
PZTR-MOT-0053	GEPRC GR1404 Micro Freestyle (4500KV)	Orijinal GEPRC GR1404 Micro Freestyle (4500KV). Matte Black CNC teknik donanımıyla, hassas FPV dron montajları ve atölye projeleri için geliştirilmiştir. %100 doğrulanmış orijinal ürün.	https://pozitronmarket.com/products/geprc-gr1404-micro-freestyle-4500kv-53	https://pozitronmarket.com/assets/products/PZTR-MOT-0053.jpg	in_stock	725.00 TRY	GEPRC	new	5433	no	TR:::Standart Kargo:99.00 TRY
PZTR-SCR-0008	Pozitron Hardware 304 Stainless M3 Hex Screws (M3 x 6mm Alyan Civata (10'lu Paket))	Orijinal Pozitron Hardware 304 Stainless M3 Hex Screws (M3 x 6mm Alyan Civata (10'lu Paket)). DIN 912 304 Paslanmaz Çelik / Motor Alt Vida teknik donanımıyla, hassas FPV dron montajları ve atölye projeleri için geliştirilmiştir. %100 doğrulanmış orijinal ürün.	https://pozitronmarket.com/products/pozitron-hardware-304-stainless-m3-hex-screws-m3-x-6mm-alyan-civata-10-lu-paket-8	https://pozitronmarket.com/assets/products/PZTR-SCR-0008.jpg	in_stock	55.00 TRY	Pozitron Hardware	new	5433	no	TR:::Standart Kargo:99.00 TRY
PZTR-PRP-0003	Gemfan Hurricane 51466 V2 (Neon Yellow)	Orijinal Gemfan Hurricane 51466 V2 (Neon Yellow). High Visibility Track Spec teknik donanımıyla, hassas FPV dron montajları ve atölye projeleri için geliştirilmiştir. %100 doğrulanmış orijinal ürün.	https://pozitronmarket.com/products/gemfan-hurricane-51466-v2-neon-yellow-3	https://pozitronmarket.com/assets/products/PZTR-PRP-0003.jpg	in_stock	199.50 TRY	Gemfan	new	5433	no	TR:::Standart Kargo:99.00 TRY
PZTR-BAT-0007	CNHL Black Series 1500mAh (Twin Pack (2 Batteries))	Orijinal CNHL Black Series 1500mAh (Twin Pack (2 Batteries)). Perfect for 4S Freestyle Sessions teknik donanımıyla, hassas FPV dron montajları ve atölye projeleri için geliştirilmiştir. %100 doğrulanmış orijinal ürün.	https://pozitronmarket.com/products/cnhl-black-series-1500mah-twin-pack-2-batteries-7	https://pozitronmarket.com/assets/products/PZTR-BAT-0007.jpg	in_stock	2075.00 TRY	CNHL	new	5433	no	TR:::Standart Kargo:0.00 TRY
PZTR-BAT-0031	Tattu FunFly 1300mAh 6S (Single Pack (XT60))	Orijinal Tattu FunFly 1300mAh 6S (Single Pack (XT60)). High Quality Grade A Cells / 100C teknik donanımıyla, hassas FPV dron montajları ve atölye projeleri için geliştirilmiştir. %100 doğrulanmış orijinal ürün.	https://pozitronmarket.com/products/tattu-funfly-1300mah-6s-single-pack-xt60-31	https://pozitronmarket.com/assets/products/PZTR-BAT-0031.jpg	in_stock	1425.00 TRY	Tattu	new	5433	no	TR:::Standart Kargo:99.00 TRY
PZTR-FLC-0021	BetaFPV F722 AIO 40A (F722 MCU + 40A BLHeli_32)	Orijinal BetaFPV F722 AIO 40A (F722 MCU + 40A BLHeli_32). Ultra-Thin Single Board Profile teknik donanımıyla, hassas FPV dron montajları ve atölye projeleri için geliştirilmiştir. %100 doğrulanmış orijinal ürün.	https://pozitronmarket.com/products/betafpv-f722-aio-40a-f722-mcu-40a-blheli-32-21	https://pozitronmarket.com/assets/products/PZTR-FLC-0021.jpg	in_stock	3249.50 TRY	BetaFPV	new	5433	no	TR:::Standart Kargo:0.00 TRY
PZTR-TOO-0016	Kester 60/40 Rosin Core Solder Wire (Pocket Dispenser Tube (0.8mm / 18g))	Orijinal Kester 60/40 Rosin Core Solder Wire (Pocket Dispenser Tube (0.8mm / 18g)). 60/40 Alloy Fast Melting Formula teknik donanımıyla, hassas FPV dron montajları ve atölye projeleri için geliştirilmiştir. %100 doğrulanmış orijinal ürün.	https://pozitronmarket.com/products/kester-60-40-rosin-core-solder-wire-pocket-dispenser-tube-0-8mm-18g-16	https://pozitronmarket.com/assets/products/PZTR-TOO-0016.jpg	in_stock	495.00 TRY	Kester	new	5433	no	TR:::Standart Kargo:99.00 TRY
PZTR-FLC-0022	BetaFPV F722 AIO 40A (With DJI Digital O3 Port)	Orijinal BetaFPV F722 AIO 40A (With DJI Digital O3 Port). Plug & Play HD FPV Connection teknik donanımıyla, hassas FPV dron montajları ve atölye projeleri için geliştirilmiştir. %100 doğrulanmış orijinal ürün.	https://pozitronmarket.com/products/betafpv-f722-aio-40a-with-dji-digital-o3-port-22	https://pozitronmarket.com/assets/products/PZTR-FLC-0022.jpg	in_stock	3375.00 TRY	BetaFPV	new	5433	no	TR:::Standart Kargo:0.00 TRY
PZTR-CAM-0005	DJI O3 Air Unit Digital HD (Fleet Dual Kit (2x O3 Units))	Orijinal DJI O3 Air Unit Digital HD (Fleet Dual Kit (2x O3 Units)). Equip 2 Freestyle/Cinematic Drones teknik donanımıyla, hassas FPV dron montajları ve atölye projeleri için geliştirilmiştir. %100 doğrulanmış orijinal ürün.	https://pozitronmarket.com/products/dji-o3-air-unit-digital-hd-fleet-dual-kit-2x-o3-units-5	https://pozitronmarket.com/assets/products/PZTR-CAM-0005.jpg	in_stock	22450.00 TRY	DJI	new	5433	no	TR:::Standart Kargo:0.00 TRY
PZTR-INS-0013	Ktehloy Brass Heat-Set Threaded Inserts (M6 x 10.0mm (5'li Paket))	Orijinal Ktehloy Brass Heat-Set Threaded Inserts (M6 x 10.0mm (5'li Paket)). 45° Spiral Tırtıklı Pirinç / Endüstriyel Montaj teknik donanımıyla, hassas FPV dron montajları ve atölye projeleri için geliştirilmiştir. %100 doğrulanmış orijinal ürün.	https://pozitronmarket.com/products/ktehloy-brass-heat-set-threaded-inserts-m6-x-10-0mm-5-li-paket-13	https://pozitronmarket.com/assets/products/PZTR-INS-0013.jpg	in_stock	160.00 TRY	Ktehloy	new	5433	no	TR:::Standart Kargo:99.00 TRY
PZTR-TOO-0019	Kester 60/40 Rosin Core Solder Wire (Heavy 1.2mm Spec for XT60 & ESC Pads)	Orijinal Kester 60/40 Rosin Core Solder Wire (Heavy 1.2mm Spec for XT60 & ESC Pads). Rapid High-Current Terminal Fill teknik donanımıyla, hassas FPV dron montajları ve atölye projeleri için geliştirilmiştir. %100 doğrulanmış orijinal ürün.	https://pozitronmarket.com/products/kester-60-40-rosin-core-solder-wire-heavy-1-2mm-spec-for-xt60-esc-pads-19	https://pozitronmarket.com/assets/products/PZTR-TOO-0019.jpg	in_stock	600.00 TRY	Kester	new	5433	no	TR:::Standart Kargo:99.00 TRY
PZTR-PRP-0033	Master Airscrew 1045 Foldable Carbon (Matched Pair CW+CCW)	Orijinal Master Airscrew 1045 Foldable Carbon (Matched Pair CW+CCW). Dynamic Balanced Drone Pair teknik donanımıyla, hassas FPV dron montajları ve atölye projeleri için geliştirilmiştir. %100 doğrulanmış orijinal ürün.	https://pozitronmarket.com/products/master-airscrew-1045-foldable-carbon-matched-pair-cw-ccw-33	https://pozitronmarket.com/assets/products/PZTR-PRP-0033.jpg	in_stock	1195.00 TRY	Master Airscrew	new	5433	no	TR:::Standart Kargo:99.00 TRY
PZTR-MOT-0006	T-Motor Velox V3 (1750KV)	Orijinal T-Motor Velox V3 (1750KV). Blue Anodized teknik donanımıyla, hassas FPV dron montajları ve atölye projeleri için geliştirilmiştir. %100 doğrulanmış orijinal ürün.	https://pozitronmarket.com/products/t-motor-velox-v3-1750kv-6	https://pozitronmarket.com/assets/products/PZTR-MOT-0006.jpg	in_stock	875.00 TRY	T-Motor	new	5433	no	TR:::Standart Kargo:99.00 TRY
PZTR-VTX-0012	RushFPV Rush Tank II Ultimate 1W (Metal Armor Heat Shield Spec)	Orijinal RushFPV Rush Tank II Ultimate 1W (Metal Armor Heat Shield Spec). Survives Hard Freestyle Crashes teknik donanımıyla, hassas FPV dron montajları ve atölye projeleri için geliştirilmiştir. %100 doğrulanmış orijinal ürün.	https://pozitronmarket.com/products/rushfpv-rush-tank-ii-ultimate-1w-metal-armor-heat-shield-spec-12	https://pozitronmarket.com/assets/products/PZTR-VTX-0012.jpg	in_stock	2400.00 TRY	RushFPV	new	5433	no	TR:::Standart Kargo:0.00 TRY
PZTR-GPS-0014	Matek Systems MicoAir MTF-01 Optical Flow (With Carbon Belly Mount Bracket)	Orijinal Matek Systems MicoAir MTF-01 Optical Flow (With Carbon Belly Mount Bracket). Downward Facing Protective Cage teknik donanımıyla, hassas FPV dron montajları ve atölye projeleri için geliştirilmiştir. %100 doğrulanmış orijinal ürün.	https://pozitronmarket.com/products/matek-systems-micoair-mtf-01-optical-flow-with-carbon-belly-mount-bracket-14	https://pozitronmarket.com/assets/products/PZTR-GPS-0014.jpg	in_stock	2150.00 TRY	Matek Systems	new	5433	no	TR:::Standart Kargo:0.00 TRY
PZTR-PRP-0012	HQProp Ethix P3 Peanut Butter (High Aspect Ratio 5.1 Blade)	Orijinal HQProp Ethix P3 Peanut Butter (High Aspect Ratio 5.1 Blade). Efficient Grip in Slalom Turns teknik donanımıyla, hassas FPV dron montajları ve atölye projeleri için geliştirilmiştir. %100 doğrulanmış orijinal ürün.	https://pozitronmarket.com/products/hqprop-ethix-p3-peanut-butter-high-aspect-ratio-5-1-blade-12	https://pozitronmarket.com/assets/products/PZTR-PRP-0012.jpg	in_stock	210.00 TRY	HQProp	new	5433	no	TR:::Standart Kargo:99.00 TRY
PZTR-ANT-0023	Lumenier AXII 2 5.8GHz (Stubby SMA (Set of 2))	Orijinal Lumenier AXII 2 5.8GHz (Stubby SMA (Set of 2)). Ultra Low Profile Goggle Faceplate Pack teknik donanımıyla, hassas FPV dron montajları ve atölye projeleri için geliştirilmiştir. %100 doğrulanmış orijinal ürün.	https://pozitronmarket.com/products/lumenier-axii-2-5-8ghz-stubby-sma-set-of-2-23	https://pozitronmarket.com/assets/products/PZTR-ANT-0023.jpg	in_stock	1425.00 TRY	Lumenier	new	5433	no	TR:::Standart Kargo:99.00 TRY
PZTR-CAM-0022	HDZero Nano 90 Camera (With 40mm MIPI Cable)	Orijinal HDZero Nano 90 Camera (With 40mm MIPI Cable). Short Whoop & Toothpick Install teknik donanımıyla, hassas FPV dron montajları ve atölye projeleri için geliştirilmiştir. %100 doğrulanmış orijinal ürün.	https://pozitronmarket.com/products/hdzero-nano-90-camera-with-40mm-mipi-cable-22	https://pozitronmarket.com/assets/products/PZTR-CAM-0022.jpg	in_stock	2600.00 TRY	HDZero	new	5433	no	TR:::Standart Kargo:0.00 TRY
PZTR-TXR-0006	RadioMaster Boxer EdgeTX (ELRS 2.4GHz 1000mW Internal TX)	Orijinal RadioMaster Boxer EdgeTX (ELRS 2.4GHz 1000mW Internal TX). High Precision Full Size V4.0 Hall Gimbals teknik donanımıyla, hassas FPV dron montajları ve atölye projeleri için geliştirilmiştir. %100 doğrulanmış orijinal ürün.	https://pozitronmarket.com/products/radiomaster-boxer-edgetx-elrs-2-4ghz-1000mw-internal-tx-6	https://pozitronmarket.com/assets/products/PZTR-TXR-0006.jpg	in_stock	6999.50 TRY	RadioMaster	new	5433	no	TR:::Standart Kargo:0.00 TRY
PZTR-GPS-0018	Holybro Micro M10 GPS (Low Noise Filtered Power Spec)	Orijinal Holybro Micro M10 GPS (Low Noise Filtered Power Spec). Zero Interference from High Power VTX teknik donanımıyla, hassas FPV dron montajları ve atölye projeleri için geliştirilmiştir. %100 doğrulanmış orijinal ürün.	https://pozitronmarket.com/products/holybro-micro-m10-gps-low-noise-filtered-power-spec-18	https://pozitronmarket.com/assets/products/PZTR-GPS-0018.jpg	in_stock	1925.00 TRY	Holybro	new	5433	no	TR:::Standart Kargo:0.00 TRY
PZTR-MOT-0011	iFlight XING2 2207 (1855KV)	Orijinal iFlight XING2 2207 (1855KV). Titanium Grey teknik donanımıyla, hassas FPV dron montajları ve atölye projeleri için geliştirilmiştir. %100 doğrulanmış orijinal ürün.	https://pozitronmarket.com/products/iflight-xing2-2207-1855kv-11	https://pozitronmarket.com/assets/products/PZTR-MOT-0011.jpg	in_stock	1225.00 TRY	iFlight	new	5433	no	TR:::Standart Kargo:99.00 TRY
PZTR-ESC-0017	T-Motor F55A PRO II 4in1 (DJI HD Direct Plug Spec)	Orijinal T-Motor F55A PRO II 4in1 (DJI HD Direct Plug Spec). Includes 6-Pin HD Harness teknik donanımıyla, hassas FPV dron montajları ve atölye projeleri için geliştirilmiştir. %100 doğrulanmış orijinal ürün.	https://pozitronmarket.com/products/t-motor-f55a-pro-ii-4in1-dji-hd-direct-plug-spec-17	https://pozitronmarket.com/assets/products/PZTR-ESC-0017.jpg	in_stock	4375.00 TRY	T-Motor	new	5433	no	TR:::Standart Kargo:0.00 TRY
PZTR-PRP-0026	Gemfan Flash 5152 2-Blade (Crystal Clear)	Orijinal Gemfan Flash 5152 2-Blade (Crystal Clear). Ultra Low Drag 2-Blade Profile teknik donanımıyla, hassas FPV dron montajları ve atölye projeleri için geliştirilmiştir. %100 doğrulanmış orijinal ürün.	https://pozitronmarket.com/products/gemfan-flash-5152-2-blade-crystal-clear-26	https://pozitronmarket.com/assets/products/PZTR-PRP-0026.jpg	in_stock	190.00 TRY	Gemfan	new	5433	no	TR:::Standart Kargo:99.00 TRY
PZTR-TOO-0005	Miniware TS101 Soldering Iron (Silicone Anti-Slip Heat Mat Included)	Orijinal Miniware TS101 Soldering Iron (Silicone Anti-Slip Heat Mat Included). Heat Proof 500°C Workbench Pad teknik donanımıyla, hassas FPV dron montajları ve atölye projeleri için geliştirilmiştir. %100 doğrulanmış orijinal ürün.	https://pozitronmarket.com/products/miniware-ts101-soldering-iron-silicone-anti-slip-heat-mat-included-5	https://pozitronmarket.com/assets/products/PZTR-TOO-0005.jpg	in_stock	3495.00 TRY	Miniware	new	5433	no	TR:::Standart Kargo:0.00 TRY
PZTR-FRM-0044	iFlight Chimera7 Pro V2 (With High Gain Antenna Mast)	Orijinal iFlight Chimera7 Pro V2 (With High Gain Antenna Mast). Interference-Free GPS & VTX Position teknik donanımıyla, hassas FPV dron montajları ve atölye projeleri için geliştirilmiştir. %100 doğrulanmış orijinal ürün.	https://pozitronmarket.com/products/iflight-chimera7-pro-v2-with-high-gain-antenna-mast-44	https://pozitronmarket.com/assets/products/PZTR-FRM-0044.jpg	in_stock	4750.00 TRY	iFlight	new	5433	no	TR:::Standart Kargo:0.00 TRY
PZTR-FLC-0031	iFlight Blitz F7 Pro FC (Standard Blitz F7 30x30)	Orijinal iFlight Blitz F7 Pro FC (Standard Blitz F7 30x30). STM32F722 MCU / Type-C USB teknik donanımıyla, hassas FPV dron montajları ve atölye projeleri için geliştirilmiştir. %100 doğrulanmış orijinal ürün.	https://pozitronmarket.com/products/iflight-blitz-f7-pro-fc-standard-blitz-f7-30x30-31	https://pozitronmarket.com/assets/products/PZTR-FLC-0031.jpg	in_stock	2995.00 TRY	iFlight	new	5433	no	TR:::Standart Kargo:0.00 TRY
PZTR-CAM-0034	Caddx Ant Nano 1200TVL (Low Light Global WDR Spec)	Orijinal Caddx Ant Nano 1200TVL (Low Light Global WDR Spec). Automatic Daylight/Dusk Switching teknik donanımıyla, hassas FPV dron montajları ve atölye projeleri için geliştirilmiştir. %100 doğrulanmış orijinal ürün.	https://pozitronmarket.com/products/caddx-ant-nano-1200tvl-low-light-global-wdr-spec-34	https://pozitronmarket.com/assets/products/PZTR-CAM-0034.jpg	in_stock	1050.00 TRY	Caddx	new	5433	no	TR:::Standart Kargo:99.00 TRY
PZTR-SCR-0025	Pozitron Hardware 1220Pcs 304 Stainless Screws & Nuts Kit (1220 Parça Organizer Kutulu Tam Set)	Orijinal Pozitron Hardware 1220Pcs 304 Stainless Screws & Nuts Kit (1220 Parça Organizer Kutulu Tam Set). M2/M3/M4/M5 Çeşitli Boylarda Civata, Somun ve Pul teknik donanımıyla, hassas FPV dron montajları ve atölye projeleri için geliştirilmiştir. %100 doğrulanmış orijinal ürün.	https://pozitronmarket.com/products/pozitron-hardware-1220pcs-304-stainless-screws-nuts-kit-1220-par-a-organizer-kutulu-tam-set-25	https://pozitronmarket.com/assets/products/PZTR-SCR-0025.jpg	in_stock	1495.00 TRY	Pozitron Hardware	new	5433	no	TR:::Standart Kargo:99.00 TRY
PZTR-FLC-0014	Matek Systems H743-WING V3 (Dual CAN-Bus Hardware Spec)	Orijinal Matek Systems H743-WING V3 (Dual CAN-Bus Hardware Spec). Industrial Drone Sensor Hub teknik donanımıyla, hassas FPV dron montajları ve atölye projeleri için geliştirilmiştir. %100 doğrulanmış orijinal ürün.	https://pozitronmarket.com/products/matek-systems-h743-wing-v3-dual-can-bus-hardware-spec-14	https://pozitronmarket.com/assets/products/PZTR-FLC-0014.jpg	in_stock	4900.00 TRY	Matek Systems	new	5433	no	TR:::Standart Kargo:0.00 TRY
PZTR-FRM-0008	GEPRC Mark5 O3 Freestyle (With Full Set of TPU 3D Prints)	Orijinal GEPRC Mark5 O3 Freestyle (With Full Set of TPU 3D Prints). Antenna Mount, GPS Mount, Arm Guards teknik donanımıyla, hassas FPV dron montajları ve atölye projeleri için geliştirilmiştir. %100 doğrulanmış orijinal ürün.	https://pozitronmarket.com/products/geprc-mark5-o3-freestyle-with-full-set-of-tpu-3d-prints-8	https://pozitronmarket.com/assets/products/PZTR-FRM-0008.jpg	in_stock	4125.00 TRY	GEPRC	new	5433	no	TR:::Standart Kargo:0.00 TRY
PZTR-TXR-0008	RadioMaster Boxer EdgeTX (Transparent Shell Special Edition)	Orijinal RadioMaster Boxer EdgeTX (Transparent Shell Special Edition). White LED Internal Ambient Lighting teknik donanımıyla, hassas FPV dron montajları ve atölye projeleri için geliştirilmiştir. %100 doğrulanmış orijinal ürün.	https://pozitronmarket.com/products/radiomaster-boxer-edgetx-transparent-shell-special-edition-8	https://pozitronmarket.com/assets/products/PZTR-TXR-0008.jpg	in_stock	7499.50 TRY	RadioMaster	new	5433	no	TR:::Standart Kargo:0.00 TRY
PZTR-CAM-0028	RunCam Thumb Pro 4K (With 3D TPU Drone Mount)	Orijinal RunCam Thumb Pro 4K (With 3D TPU Drone Mount). Universal Go-Pro Standoff Angle teknik donanımıyla, hassas FPV dron montajları ve atölye projeleri için geliştirilmiştir. %100 doğrulanmış orijinal ürün.	https://pozitronmarket.com/products/runcam-thumb-pro-4k-with-3d-tpu-drone-mount-28	https://pozitronmarket.com/assets/products/PZTR-CAM-0028.jpg	in_stock	4725.00 TRY	RunCam	new	5433	no	TR:::Standart Kargo:0.00 TRY
PZTR-SCR-0026	Pozitron Hardware 1220Pcs 304 Stainless Screws & Nuts Kit (1220 Parça Set + Alyan Takımı)	Orijinal Pozitron Hardware 1220Pcs 304 Stainless Screws & Nuts Kit (1220 Parça Set + Alyan Takımı). M1.5-M4 Alyan Anahtarlar Dahil Komple Atölye Paketi teknik donanımıyla, hassas FPV dron montajları ve atölye projeleri için geliştirilmiştir. %100 doğrulanmış orijinal ürün.	https://pozitronmarket.com/products/pozitron-hardware-1220pcs-304-stainless-screws-nuts-kit-1220-par-a-set-alyan-tak-m-26	https://pozitronmarket.com/assets/products/PZTR-SCR-0026.jpg	in_stock	1745.00 TRY	Pozitron Hardware	new	5433	no	TR:::Standart Kargo:0.00 TRY
PZTR-GPS-0007	Beitian Micro M8N GPS (With Active Ceramic Antenna)	Orijinal Beitian Micro M8N GPS (With Active Ceramic Antenna). High dB Signal Acquisition teknik donanımıyla, hassas FPV dron montajları ve atölye projeleri için geliştirilmiştir. %100 doğrulanmış orijinal ürün.	https://pozitronmarket.com/products/beitian-micro-m8n-gps-with-active-ceramic-antenna-7	https://pozitronmarket.com/assets/products/PZTR-GPS-0007.jpg	in_stock	825.00 TRY	Beitian	new	5433	no	TR:::Standart Kargo:99.00 TRY
PZTR-CNV-0004	Matek Systems Micro BEC 6-60V (Twin Pack (Set of 2))	Orijinal Matek Systems Micro BEC 6-60V (Twin Pack (Set of 2)). Keep Spares in Flight Bag teknik donanımıyla, hassas FPV dron montajları ve atölye projeleri için geliştirilmiştir. %100 doğrulanmış orijinal ürün.	https://pozitronmarket.com/products/matek-systems-micro-bec-6-60v-twin-pack-set-of-2-4	https://pozitronmarket.com/assets/products/PZTR-CNV-0004.jpg	in_stock	925.00 TRY	Matek Systems	new	5433	no	TR:::Standart Kargo:99.00 TRY
PZTR-PRP-0015	HQProp Ethix P3 Peanut Butter (Bulk Pack (24 Props))	Orijinal HQProp Ethix P3 Peanut Butter (Bulk Pack (24 Props)). 6 Full Sets of Peanut Butter P3 teknik donanımıyla, hassas FPV dron montajları ve atölye projeleri için geliştirilmiştir. %100 doğrulanmış orijinal ürün.	https://pozitronmarket.com/products/hqprop-ethix-p3-peanut-butter-bulk-pack-24-props-15	https://pozitronmarket.com/assets/products/PZTR-PRP-0015.jpg	in_stock	1125.00 TRY	HQProp	new	5433	no	TR:::Standart Kargo:99.00 TRY
PZTR-FRM-0037	GEPRC CineLog35 V2 HD (DJI O3 Air Unit Optimized Mount)	Orijinal GEPRC CineLog35 V2 HD (DJI O3 Air Unit Optimized Mount). Silicone Damper Gimbal Plate teknik donanımıyla, hassas FPV dron montajları ve atölye projeleri için geliştirilmiştir. %100 doğrulanmış orijinal ürün.	https://pozitronmarket.com/products/geprc-cinelog35-v2-hd-dji-o3-air-unit-optimized-mount-37	https://pozitronmarket.com/assets/products/PZTR-FRM-0037.jpg	in_stock	3125.00 TRY	GEPRC	new	5433	no	TR:::Standart Kargo:0.00 TRY
PZTR-TXR-0028	BetaFPV SuperD ELRS 2.4G (With Pre-soldered Wires)	Orijinal BetaFPV SuperD ELRS 2.4G (With Pre-soldered Wires). Fast Install for 5-Inch Freestyle teknik donanımıyla, hassas FPV dron montajları ve atölye projeleri için geliştirilmiştir. %100 doğrulanmış orijinal ürün.	https://pozitronmarket.com/products/betafpv-superd-elrs-2-4g-with-pre-soldered-wires-28	https://pozitronmarket.com/assets/products/PZTR-TXR-0028.jpg	in_stock	1075.00 TRY	BetaFPV	new	5433	no	TR:::Standart Kargo:99.00 TRY
PZTR-MOT-0041	AxisFlying C2807 Long Range (1300KV)	Orijinal AxisFlying C2807 Long Range (1300KV). Matte Black teknik donanımıyla, hassas FPV dron montajları ve atölye projeleri için geliştirilmiştir. %100 doğrulanmış orijinal ürün.	https://pozitronmarket.com/products/axisflying-c2807-long-range-1300kv-41	https://pozitronmarket.com/assets/products/PZTR-MOT-0041.jpg	in_stock	1595.00 TRY	AxisFlying	new	5433	no	TR:::Standart Kargo:0.00 TRY
PZTR-MOT-0042	AxisFlying C2807 Long Range (1500KV)	Orijinal AxisFlying C2807 Long Range (1500KV). Matte Black teknik donanımıyla, hassas FPV dron montajları ve atölye projeleri için geliştirilmiştir. %100 doğrulanmış orijinal ürün.	https://pozitronmarket.com/products/axisflying-c2807-long-range-1500kv-42	https://pozitronmarket.com/assets/products/PZTR-MOT-0042.jpg	in_stock	1595.00 TRY	AxisFlying	new	5433	no	TR:::Standart Kargo:0.00 TRY
PZTR-FRM-0027	Flywoo Explorer LR 4 V2 (With TPU GPS & Antenna Mount)	Orijinal Flywoo Explorer LR 4 V2 (With TPU GPS & Antenna Mount). Rear Mast for Interference-Free GPS teknik donanımıyla, hassas FPV dron montajları ve atölye projeleri için geliştirilmiştir. %100 doğrulanmış orijinal ürün.	https://pozitronmarket.com/products/flywoo-explorer-lr-4-v2-with-tpu-gps-antenna-mount-27	https://pozitronmarket.com/assets/products/PZTR-FRM-0027.jpg	in_stock	2475.00 TRY	Flywoo	new	5433	no	TR:::Standart Kargo:0.00 TRY
PZTR-PRP-0016	Gemfan Cinewhoop D90S Ducted (Clear Black)	Orijinal Gemfan Cinewhoop D90S Ducted (Clear Black). 5-Blade High Thrust Low Noise teknik donanımıyla, hassas FPV dron montajları ve atölye projeleri için geliştirilmiştir. %100 doğrulanmış orijinal ürün.	https://pozitronmarket.com/products/gemfan-cinewhoop-d90s-ducted-clear-black-16	https://pozitronmarket.com/assets/products/PZTR-PRP-0016.jpg	in_stock	225.00 TRY	Gemfan	new	5433	no	TR:::Standart Kargo:99.00 TRY
PZTR-TOO-0006	Vifly ShortSaver 2 Smoke Stopper (Standard ShortSaver 2 (XT60/XT30))	Orijinal Vifly ShortSaver 2 Smoke Stopper (Standard ShortSaver 2 (XT60/XT30)). 1A / 2A Dual Threshold Protection teknik donanımıyla, hassas FPV dron montajları ve atölye projeleri için geliştirilmiştir. %100 doğrulanmış orijinal ürün.	https://pozitronmarket.com/products/vifly-shortsaver-2-smoke-stopper-standard-shortsaver-2-xt60-xt30-6	https://pozitronmarket.com/assets/products/PZTR-TOO-0006.jpg	in_stock	749.50 TRY	Vifly	new	5433	no	TR:::Standart Kargo:99.00 TRY
PZTR-FLC-0009	Foxeer F722 V4 Dual Gyro (Low Noise 9V 2A VTX Power Rail)	Orijinal Foxeer F722 V4 Dual Gyro (Low Noise 9V 2A VTX Power Rail). Clean Power for High Power VTX teknik donanımıyla, hassas FPV dron montajları ve atölye projeleri için geliştirilmiştir. %100 doğrulanmış orijinal ürün.	https://pozitronmarket.com/products/foxeer-f722-v4-dual-gyro-low-noise-9v-2a-vtx-power-rail-9	https://pozitronmarket.com/assets/products/PZTR-FLC-0009.jpg	in_stock	2850.00 TRY	Foxeer	new	5433	no	TR:::Standart Kargo:0.00 TRY
PZTR-TXR-0020	RadioMaster RP1 ExpressLRS RX (Bulk 5-Pack Fleet Bundle)	Orijinal RadioMaster RP1 ExpressLRS RX (Bulk 5-Pack Fleet Bundle). Best Value for Fleet Drone Builds teknik donanımıyla, hassas FPV dron montajları ve atölye projeleri için geliştirilmiştir. %100 doğrulanmış orijinal ürün.	https://pozitronmarket.com/products/radiomaster-rp1-expresslrs-rx-bulk-5-pack-fleet-bundle-20	https://pozitronmarket.com/assets/products/PZTR-TXR-0020.jpg	in_stock	3250.00 TRY	RadioMaster	new	5433	no	TR:::Standart Kargo:0.00 TRY
PZTR-GPS-0025	Flywoo GOKU GM10 Nano GPS (Twin Pack (Set of 2))	Orijinal Flywoo GOKU GM10 Nano GPS (Twin Pack (Set of 2)). Essential Spares for Micro Long Range teknik donanımıyla, hassas FPV dron montajları ve atölye projeleri için geliştirilmiştir. %100 doğrulanmış orijinal ürün.	https://pozitronmarket.com/products/flywoo-goku-gm10-nano-gps-twin-pack-set-of-2-25	https://pozitronmarket.com/assets/products/PZTR-GPS-0025.jpg	in_stock	2150.00 TRY	Flywoo	new	5433	no	TR:::Standart Kargo:0.00 TRY
PZTR-SCR-0018	Pozitron Hardware 304 Stainless M3 Hex Screws (M3 Paslanmaz Çelik Düz Pul (20'li Paket))	Orijinal Pozitron Hardware 304 Stainless M3 Hex Screws (M3 Paslanmaz Çelik Düz Pul (20'li Paket)). DIN 125 Yüzey Koruyucu Paslanmaz Pul teknik donanımıyla, hassas FPV dron montajları ve atölye projeleri için geliştirilmiştir. %100 doğrulanmış orijinal ürün.	https://pozitronmarket.com/products/pozitron-hardware-304-stainless-m3-hex-screws-m3-paslanmaz-elik-d-z-pul-20-li-paket-18	https://pozitronmarket.com/assets/products/PZTR-SCR-0018.jpg	in_stock	45.00 TRY	Pozitron Hardware	new	5433	no	TR:::Standart Kargo:99.00 TRY
PZTR-FRM-0018	AxisFlying Manta 5-Inch HD (With Complete TPU Accessory Pack)	Orijinal AxisFlying Manta 5-Inch HD (With Complete TPU Accessory Pack). Antenna, Arm Skid, Buzzer Mounts teknik donanımıyla, hassas FPV dron montajları ve atölye projeleri için geliştirilmiştir. %100 doğrulanmış orijinal ürün.	https://pozitronmarket.com/products/axisflying-manta-5-inch-hd-with-complete-tpu-accessory-pack-18	https://pozitronmarket.com/assets/products/PZTR-FRM-0018.jpg	in_stock	3995.00 TRY	AxisFlying	new	5433	no	TR:::Standart Kargo:0.00 TRY
PZTR-ANT-0008	TBS Triumph Pro 5.8GHz (Short Stubby SMA Spec)	Orijinal TBS Triumph Pro 5.8GHz (Short Stubby SMA Spec). Goggle Faceplate Low Profile Fit teknik donanımıyla, hassas FPV dron montajları ve atölye projeleri için geliştirilmiştir. %100 doğrulanmış orijinal ürün.	https://pozitronmarket.com/products/tbs-triumph-pro-5-8ghz-short-stubby-sma-spec-8	https://pozitronmarket.com/assets/products/PZTR-ANT-0008.jpg	in_stock	947.50 TRY	TBS	new	5433	no	TR:::Standart Kargo:99.00 TRY
PZTR-FRM-0023	BetaFPV Pavo25 V2 Cinewhoop (With RGB LED Neon Strip)	Orijinal BetaFPV Pavo25 V2 Cinewhoop (With RGB LED Neon Strip). Stunning Night Commercial Lighting teknik donanımıyla, hassas FPV dron montajları ve atölye projeleri için geliştirilmiştir. %100 doğrulanmış orijinal ürün.	https://pozitronmarket.com/products/betafpv-pavo25-v2-cinewhoop-with-rgb-led-neon-strip-23	https://pozitronmarket.com/assets/products/PZTR-FRM-0023.jpg	in_stock	2495.00 TRY	BetaFPV	new	5433	no	TR:::Standart Kargo:0.00 TRY
PZTR-FRM-0022	BetaFPV Pavo25 V2 Cinewhoop (With DJI O3 Vibration Mount)	Orijinal BetaFPV Pavo25 V2 Cinewhoop (With DJI O3 Vibration Mount). Jello-Free Commercial Video Output teknik donanımıyla, hassas FPV dron montajları ve atölye projeleri için geliştirilmiştir. %100 doğrulanmış orijinal ürün.	https://pozitronmarket.com/products/betafpv-pavo25-v2-cinewhoop-with-dji-o3-vibration-mount-22	https://pozitronmarket.com/assets/products/PZTR-FRM-0022.jpg	in_stock	2325.00 TRY	BetaFPV	new	5433	no	TR:::Standart Kargo:0.00 TRY
PZTR-ESC-0014	Holybro Tekko32 F4 4in1 50A (Long-Range Filtered Edition)	Orijinal Holybro Tekko32 F4 4in1 50A (Long-Range Filtered Edition). Includes Panasonic High-End Cap teknik donanımıyla, hassas FPV dron montajları ve atölye projeleri için geliştirilmiştir. %100 doğrulanmış orijinal ürün.	https://pozitronmarket.com/products/holybro-tekko32-f4-4in1-50a-long-range-filtered-edition-14	https://pozitronmarket.com/assets/products/PZTR-ESC-0014.jpg	in_stock	3600.00 TRY	Holybro	new	5433	no	TR:::Standart Kargo:0.00 TRY
PZTR-MOT-0048	T-Motor U8 II Heavy Lift (150KV)	Orijinal T-Motor U8 II Heavy Lift (150KV). Industrial Weatherproof 150KV teknik donanımıyla, hassas FPV dron montajları ve atölye projeleri için geliştirilmiştir. %100 doğrulanmış orijinal ürün.	https://pozitronmarket.com/products/t-motor-u8-ii-heavy-lift-150kv-48	https://pozitronmarket.com/assets/products/PZTR-MOT-0048.jpg	in_stock	12950.00 TRY	T-Motor	new	5433	no	TR:::Standart Kargo:0.00 TRY
PZTR-FLC-0007	Foxeer F722 V4 Dual Gyro (HD & Analog Dual Camera Switcher)	Orijinal Foxeer F722 V4 Dual Gyro (HD & Analog Dual Camera Switcher). Switch 2 Cameras via Radio Switch teknik donanımıyla, hassas FPV dron montajları ve atölye projeleri için geliştirilmiştir. %100 doğrulanmış orijinal ürün.	https://pozitronmarket.com/products/foxeer-f722-v4-dual-gyro-hd-analog-dual-camera-switcher-7	https://pozitronmarket.com/assets/products/PZTR-FLC-0007.jpg	in_stock	2900.00 TRY	Foxeer	new	5433	no	TR:::Standart Kargo:0.00 TRY
PZTR-MOT-0019	iFlight XING-E Pro 2207 (1800KV (4-Pack))	Orijinal iFlight XING-E Pro 2207 (1800KV (4-Pack)). Black/Red Set of 4 teknik donanımıyla, hassas FPV dron montajları ve atölye projeleri için geliştirilmiştir. %100 doğrulanmış orijinal ürün.	https://pozitronmarket.com/products/iflight-xing-e-pro-2207-1800kv-4-pack-19	https://pozitronmarket.com/assets/products/PZTR-MOT-0019.jpg	in_stock	3249.50 TRY	iFlight	new	5433	no	TR:::Standart Kargo:0.00 TRY
PZTR-BAT-0037	ToolkitRC M4AC Pocket Charger (With XT30 to XT60 Adapter)	Orijinal ToolkitRC M4AC Pocket Charger (With XT30 to XT60 Adapter). Charges Toothpicks & 5-Inch Batteries teknik donanımıyla, hassas FPV dron montajları ve atölye projeleri için geliştirilmiştir. %100 doğrulanmış orijinal ürün.	https://pozitronmarket.com/products/toolkitrc-m4ac-pocket-charger-with-xt30-to-xt60-adapter-37	https://pozitronmarket.com/assets/products/PZTR-BAT-0037.jpg	in_stock	1375.00 TRY	ToolkitRC	new	5433	no	TR:::Standart Kargo:99.00 TRY
PZTR-PRP-0017	Gemfan Cinewhoop D90S Ducted (Whisper Grey)	Orijinal Gemfan Cinewhoop D90S Ducted (Whisper Grey). Acoustically Tuned for Filming teknik donanımıyla, hassas FPV dron montajları ve atölye projeleri için geliştirilmiştir. %100 doğrulanmış orijinal ürün.	https://pozitronmarket.com/products/gemfan-cinewhoop-d90s-ducted-whisper-grey-17	https://pozitronmarket.com/assets/products/PZTR-PRP-0017.jpg	in_stock	225.00 TRY	Gemfan	new	5433	no	TR:::Standart Kargo:99.00 TRY
PZTR-FRM-0001	iFlight Nazgul Evoque F5X V2 (Squashed X Freestyle Geometry)	Orijinal iFlight Nazgul Evoque F5X V2 (Squashed X Freestyle Geometry). Toray T700 Carbon & Protective Side Panels teknik donanımıyla, hassas FPV dron montajları ve atölye projeleri için geliştirilmiştir. %100 doğrulanmış orijinal ürün.	https://pozitronmarket.com/products/iflight-nazgul-evoque-f5x-v2-squashed-x-freestyle-geometry-1	https://pozitronmarket.com/assets/products/PZTR-FRM-0001.jpg	in_stock	3499.50 TRY	iFlight	new	5433	no	TR:::Standart Kargo:0.00 TRY
PZTR-TOO-0013	Sequre Titanium Hex Screwdriver Set (With 4 Replacement Tool Tips)	Orijinal Sequre Titanium Hex Screwdriver Set (With 4 Replacement Tool Tips). Easily Replaceable Screwdriver Tips teknik donanımıyla, hassas FPV dron montajları ve atölye projeleri için geliştirilmiştir. %100 doğrulanmış orijinal ürün.	https://pozitronmarket.com/products/sequre-titanium-hex-screwdriver-set-with-4-replacement-tool-tips-13	https://pozitronmarket.com/assets/products/PZTR-TOO-0013.jpg	in_stock	1600.00 TRY	Sequre	new	5433	no	TR:::Standart Kargo:0.00 TRY
PZTR-TXR-0001	RadioMaster TX16S MKII MAX (ELRS 2.4GHz Black (V4.0 Gimbals))	Orijinal RadioMaster TX16S MKII MAX (ELRS 2.4GHz Black (V4.0 Gimbals)). CNC Aluminum Accents & Touchscreen teknik donanımıyla, hassas FPV dron montajları ve atölye projeleri için geliştirilmiştir. %100 doğrulanmış orijinal ürün.	https://pozitronmarket.com/products/radiomaster-tx16s-mkii-max-elrs-2-4ghz-black-v4-0-gimbals-1	https://pozitronmarket.com/assets/products/PZTR-TXR-0001.jpg	in_stock	14499.50 TRY	RadioMaster	new	5433	no	TR:::Standart Kargo:0.00 TRY
PZTR-GPS-0008	Beitian Micro M8N GPS (With Pre-soldered Silicone Cable)	Orijinal Beitian Micro M8N GPS (With Pre-soldered Silicone Cable). Fast FC Solder Installation teknik donanımıyla, hassas FPV dron montajları ve atölye projeleri için geliştirilmiştir. %100 doğrulanmış orijinal ürün.	https://pozitronmarket.com/products/beitian-micro-m8n-gps-with-pre-soldered-silicone-cable-8	https://pozitronmarket.com/assets/products/PZTR-GPS-0008.jpg	in_stock	795.00 TRY	Beitian	new	5433	no	TR:::Standart Kargo:99.00 TRY
PZTR-MOT-0049	T-Motor U8 II Heavy Lift (190KV)	Orijinal T-Motor U8 II Heavy Lift (190KV). Industrial Heavy Lift 190KV teknik donanımıyla, hassas FPV dron montajları ve atölye projeleri için geliştirilmiştir. %100 doğrulanmış orijinal ürün.	https://pozitronmarket.com/products/t-motor-u8-ii-heavy-lift-190kv-49	https://pozitronmarket.com/assets/products/PZTR-MOT-0049.jpg	in_stock	12950.00 TRY	T-Motor	new	5433	no	TR:::Standart Kargo:0.00 TRY
PZTR-BAT-0010	CNHL Black Series 1500mAh (Heavy Gauge 12AWG Spec)	Orijinal CNHL Black Series 1500mAh (Heavy Gauge 12AWG Spec). Low Internal Resistance Wire Lead teknik donanımıyla, hassas FPV dron montajları ve atölye projeleri için geliştirilmiştir. %100 doğrulanmış orijinal ürün.	https://pozitronmarket.com/products/cnhl-black-series-1500mah-heavy-gauge-12awg-spec-10	https://pozitronmarket.com/assets/products/PZTR-BAT-0010.jpg	in_stock	1149.50 TRY	CNHL	new	5433	no	TR:::Standart Kargo:99.00 TRY
PZTR-ANT-0017	TrueRC Matchstick 5.8GHz (LHCP SMA Straight)	Orijinal TrueRC Matchstick 5.8GHz (LHCP SMA Straight). Clean Video Signal Feed teknik donanımıyla, hassas FPV dron montajları ve atölye projeleri için geliştirilmiştir. %100 doğrulanmış orijinal ürün.	https://pozitronmarket.com/products/truerc-matchstick-5-8ghz-lhcp-sma-straight-17	https://pozitronmarket.com/assets/products/PZTR-ANT-0017.jpg	in_stock	845.00 TRY	TrueRC	new	5433	no	TR:::Standart Kargo:99.00 TRY
PZTR-GPS-0024	Flywoo GOKU GM10 Nano GPS (Sub-250g Explorer Edition)	Orijinal Flywoo GOKU GM10 Nano GPS (Sub-250g Explorer Edition). Designed for Flywoo Explorer LR 4 teknik donanımıyla, hassas FPV dron montajları ve atölye projeleri için geliştirilmiştir. %100 doğrulanmış orijinal ürün.	https://pozitronmarket.com/products/flywoo-goku-gm10-nano-gps-sub-250g-explorer-edition-24	https://pozitronmarket.com/assets/products/PZTR-GPS-0024.jpg	in_stock	1300.00 TRY	Flywoo	new	5433	no	TR:::Standart Kargo:99.00 TRY
PZTR-SCR-0016	Pozitron Hardware 304 Stainless M3 Hex Screws (M3 Paslanmaz Altıgen Somun (10'lu Paket))	Orijinal Pozitron Hardware 304 Stainless M3 Hex Screws (M3 Paslanmaz Altıgen Somun (10'lu Paket)). DIN 934 304 Paslanmaz Çelik Somun teknik donanımıyla, hassas FPV dron montajları ve atölye projeleri için geliştirilmiştir. %100 doğrulanmış orijinal ürün.	https://pozitronmarket.com/products/pozitron-hardware-304-stainless-m3-hex-screws-m3-paslanmaz-alt-gen-somun-10-lu-paket-16	https://pozitronmarket.com/assets/products/PZTR-SCR-0016.jpg	in_stock	45.00 TRY	Pozitron Hardware	new	5433	no	TR:::Standart Kargo:99.00 TRY
PZTR-TOO-0033	Ethix Prop Tool Wrench (Pocket Folding Multi-Tool)	Orijinal Ethix Prop Tool Wrench (Pocket Folding Multi-Tool). Compact Keychain Screwdriver teknik donanımıyla, hassas FPV dron montajları ve atölye projeleri için geliştirilmiştir. %100 doğrulanmış orijinal ürün.	https://pozitronmarket.com/products/ethix-prop-tool-wrench-pocket-folding-multi-tool-33	https://pozitronmarket.com/assets/products/PZTR-TOO-0033.jpg	in_stock	645.00 TRY	Ethix	new	5433	no	TR:::Standart Kargo:99.00 TRY
PZTR-BAT-0006	CNHL Black Series 1500mAh (Single Pack (XT60))	Orijinal CNHL Black Series 1500mAh (Single Pack (XT60)). 100C Burst Punch / Great Value teknik donanımıyla, hassas FPV dron montajları ve atölye projeleri için geliştirilmiştir. %100 doğrulanmış orijinal ürün.	https://pozitronmarket.com/products/cnhl-black-series-1500mah-single-pack-xt60-6	https://pozitronmarket.com/assets/products/PZTR-BAT-0006.jpg	in_stock	1099.50 TRY	CNHL	new	5433	no	TR:::Standart Kargo:99.00 TRY
PZTR-MOT-0052	GEPRC GR1404 Micro Freestyle (3850KV)	Orijinal GEPRC GR1404 Micro Freestyle (3850KV). Matte Black CNC teknik donanımıyla, hassas FPV dron montajları ve atölye projeleri için geliştirilmiştir. %100 doğrulanmış orijinal ürün.	https://pozitronmarket.com/products/geprc-gr1404-micro-freestyle-3850kv-52	https://pozitronmarket.com/assets/products/PZTR-MOT-0052.jpg	in_stock	725.00 TRY	GEPRC	new	5433	no	TR:::Standart Kargo:99.00 TRY
PZTR-TOO-0012	Sequre Titanium Hex Screwdriver Set (CNC Textured Aluminum Handles)	Orijinal Sequre Titanium Hex Screwdriver Set (CNC Textured Aluminum Handles). Hollow Ergonomic Lightweight Grips teknik donanımıyla, hassas FPV dron montajları ve atölye projeleri için geliştirilmiştir. %100 doğrulanmış orijinal ürün.	https://pozitronmarket.com/products/sequre-titanium-hex-screwdriver-set-cnc-textured-aluminum-handles-12	https://pozitronmarket.com/assets/products/PZTR-TOO-0012.jpg	in_stock	1325.00 TRY	Sequre	new	5433	no	TR:::Standart Kargo:99.00 TRY
PZTR-PRP-0001	Gemfan Hurricane 51466 V2 (Clear Grey)	Orijinal Gemfan Hurricane 51466 V2 (Clear Grey). Polycarbonate High Durability teknik donanımıyla, hassas FPV dron montajları ve atölye projeleri için geliştirilmiştir. %100 doğrulanmış orijinal ürün.	https://pozitronmarket.com/products/gemfan-hurricane-51466-v2-clear-grey-1	https://pozitronmarket.com/assets/products/PZTR-PRP-0001.jpg	in_stock	199.50 TRY	Gemfan	new	5433	no	TR:::Standart Kargo:99.00 TRY
PZTR-CAM-0014	Caddx Ratel 2 Micro (Super WDR Day/Night Auto Spec)	Orijinal Caddx Ratel 2 Micro (Super WDR Day/Night Auto Spec). Instant Transition Out of Tunnels teknik donanımıyla, hassas FPV dron montajları ve atölye projeleri için geliştirilmiştir. %100 doğrulanmış orijinal ürün.	https://pozitronmarket.com/products/caddx-ratel-2-micro-super-wdr-day-night-auto-spec-14	https://pozitronmarket.com/assets/products/PZTR-CAM-0014.jpg	in_stock	1675.00 TRY	Caddx	new	5433	no	TR:::Standart Kargo:0.00 TRY
PZTR-INS-0007	Ktehloy Brass Heat-Set Threaded Inserts (M3 x 4.0mm (10'lu Paket))	"Orijinal Ktehloy Brass Heat-Set Threaded Inserts (M3 x 4.0mm (10'lu Paket)). 45° Spiral Tırtıklı Pirinç / En Popüler 5"" Stack & TPU teknik donanımıyla, hassas FPV dron montajları ve atölye projeleri için geliştirilmiştir. %100 doğrulanmış orijinal ürün."	https://pozitronmarket.com/products/ktehloy-brass-heat-set-threaded-inserts-m3-x-4-0mm-10-lu-paket-7	https://pozitronmarket.com/assets/products/PZTR-INS-0007.jpg	in_stock	80.00 TRY	Ktehloy	new	5433	no	TR:::Standart Kargo:99.00 TRY
PZTR-CNV-0030	Matek Systems FCHUB-12S Power Hub (Complete Stack Kit with Stand-offs)	Orijinal Matek Systems FCHUB-12S Power Hub (Complete Stack Kit with Stand-offs). Includes Vibration Isolation teknik donanımıyla, hassas FPV dron montajları ve atölye projeleri için geliştirilmiştir. %100 doğrulanmış orijinal ürün.	https://pozitronmarket.com/products/matek-systems-fchub-12s-power-hub-complete-stack-kit-with-stand-offs-30	https://pozitronmarket.com/assets/products/PZTR-CNV-0030.jpg	in_stock	1145.00 TRY	Matek Systems	new	5433	no	TR:::Standart Kargo:99.00 TRY
PZTR-TOO-0026	Vifly Finder 2 Autonomous Buzzer (Finder 2 Standard (105dB))	Orijinal Vifly Finder 2 Autonomous Buzzer (Finder 2 Standard (105dB)). Beeps Up to 30h After Battery Eject teknik donanımıyla, hassas FPV dron montajları ve atölye projeleri için geliştirilmiştir. %100 doğrulanmış orijinal ürün.	https://pozitronmarket.com/products/vifly-finder-2-autonomous-buzzer-finder-2-standard-105db-26	https://pozitronmarket.com/assets/products/PZTR-TOO-0026.jpg	in_stock	699.50 TRY	Vifly	new	5433	no	TR:::Standart Kargo:99.00 TRY
PZTR-BAT-0021	ISDT 608AC Pocket Charger (Standard 608AC Modular Unit)	Orijinal ISDT 608AC Pocket Charger (Standard 608AC Modular Unit). Detachable AC Power Supply / 200W DC teknik donanımıyla, hassas FPV dron montajları ve atölye projeleri için geliştirilmiştir. %100 doğrulanmış orijinal ürün.	https://pozitronmarket.com/products/isdt-608ac-pocket-charger-standard-608ac-modular-unit-21	https://pozitronmarket.com/assets/products/PZTR-BAT-0021.jpg	in_stock	2995.00 TRY	ISDT	new	5433	no	TR:::Standart Kargo:0.00 TRY
PZTR-MOT-0030	BrotherHobby Avenger V3 2306.5 (1750KV (4-Pack))	Orijinal BrotherHobby Avenger V3 2306.5 (1750KV (4-Pack)). Titanium Black Set of 4 teknik donanımıyla, hassas FPV dron montajları ve atölye projeleri için geliştirilmiştir. %100 doğrulanmış orijinal ürün.	https://pozitronmarket.com/products/brotherhobby-avenger-v3-2306-5-1750kv-4-pack-30	https://pozitronmarket.com/assets/products/PZTR-MOT-0030.jpg	in_stock	5400.00 TRY	BrotherHobby	new	5433	no	TR:::Standart Kargo:0.00 TRY
PZTR-FRM-0029	Flywoo Explorer LR 4 V2 (Includes 20x20 Stack Standoffs)	Orijinal Flywoo Explorer LR 4 V2 (Includes 20x20 Stack Standoffs). Clean Stack Mounting Hardware teknik donanımıyla, hassas FPV dron montajları ve atölye projeleri için geliştirilmiştir. %100 doğrulanmış orijinal ürün.	https://pozitronmarket.com/products/flywoo-explorer-lr-4-v2-includes-20x20-stack-standoffs-29	https://pozitronmarket.com/assets/products/PZTR-FRM-0029.jpg	in_stock	2325.00 TRY	Flywoo	new	5433	no	TR:::Standart Kargo:0.00 TRY
PZTR-TOO-0021	RDQ M2 & M3 Hardware Standoff Kit (300-Piece Assorted Box)	Orijinal RDQ M2 & M3 Hardware Standoff Kit (300-Piece Assorted Box). Black Nylon & Grade 12.9 Steel teknik donanımıyla, hassas FPV dron montajları ve atölye projeleri için geliştirilmiştir. %100 doğrulanmış orijinal ürün.	https://pozitronmarket.com/products/rdq-m2-m3-hardware-standoff-kit-300-piece-assorted-box-21	https://pozitronmarket.com/assets/products/PZTR-TOO-0021.jpg	in_stock	799.50 TRY	RDQ	new	5433	no	TR:::Standart Kargo:99.00 TRY
PZTR-SCR-0017	Pozitron Hardware 304 Stainless M3 Hex Screws (M3 Naylon Fiberli Kilitli Somun (10'lu Paket))	Orijinal Pozitron Hardware 304 Stainless M3 Hex Screws (M3 Naylon Fiberli Kilitli Somun (10'lu Paket)). DIN 985 Titreşime Dayanıklı Kilitli Somun teknik donanımıyla, hassas FPV dron montajları ve atölye projeleri için geliştirilmiştir. %100 doğrulanmış orijinal ürün.	https://pozitronmarket.com/products/pozitron-hardware-304-stainless-m3-hex-screws-m3-naylon-fiberli-kilitli-somun-10-lu-paket-17	https://pozitronmarket.com/assets/products/PZTR-SCR-0017.jpg	in_stock	60.00 TRY	Pozitron Hardware	new	5433	no	TR:::Standart Kargo:99.00 TRY
PZTR-FLC-0002	SpeedyBee F405 V4 Master FC (With 4-Level Battery LED)	Orijinal SpeedyBee F405 V4 Master FC (With 4-Level Battery LED). Onboard LiPo Checker Indicator teknik donanımıyla, hassas FPV dron montajları ve atölye projeleri için geliştirilmiştir. %100 doğrulanmış orijinal ürün.	https://pozitronmarket.com/products/speedybee-f405-v4-master-fc-with-4-level-battery-led-2	https://pozitronmarket.com/assets/products/PZTR-FLC-0002.jpg	in_stock	2249.50 TRY	SpeedyBee	new	5433	no	TR:::Standart Kargo:0.00 TRY
PZTR-ESC-0040	Spedix IS45 Single Arm ESC (Ultra-Lightweight 5.8g)	Orijinal Spedix IS45 Single Arm ESC (Ultra-Lightweight 5.8g). Ideal for Individual Arm Builds teknik donanımıyla, hassas FPV dron montajları ve atölye projeleri için geliştirilmiştir. %100 doğrulanmış orijinal ürün.	https://pozitronmarket.com/products/spedix-is45-single-arm-esc-ultra-lightweight-5-8g-40	https://pozitronmarket.com/assets/products/PZTR-ESC-0040.jpg	in_stock	760.00 TRY	Spedix	new	5433	no	TR:::Standart Kargo:99.00 TRY
PZTR-ANT-0013	TrueRC Singularity 5.8GHz (Short Stubby SMA)	Orijinal TrueRC Singularity 5.8GHz (Short Stubby SMA). Featherweight 4.5g Goggle Antenna teknik donanımıyla, hassas FPV dron montajları ve atölye projeleri için geliştirilmiştir. %100 doğrulanmış orijinal ürün.	https://pozitronmarket.com/products/truerc-singularity-5-8ghz-short-stubby-sma-13	https://pozitronmarket.com/assets/products/PZTR-ANT-0013.jpg	in_stock	1175.00 TRY	TrueRC	new	5433	no	TR:::Standart Kargo:99.00 TRY
PZTR-ESC-0009	Foxeer Reaper F4 65A 128K (45A Mini (20x20))	Orijinal Foxeer Reaper F4 65A 128K (45A Mini (20x20)). Compact Freestyle Spec teknik donanımıyla, hassas FPV dron montajları ve atölye projeleri için geliştirilmiştir. %100 doğrulanmış orijinal ürün.	https://pozitronmarket.com/products/foxeer-reaper-f4-65a-128k-45a-mini-20x20-9	https://pozitronmarket.com/assets/products/PZTR-ESC-0009.jpg	in_stock	3400.00 TRY	Foxeer	new	5433	no	TR:::Standart Kargo:0.00 TRY
PZTR-FRM-0034	BetaFPV Pavo20 Pro Whoop (Ultralight Indoor Cinema Spec)	Orijinal BetaFPV Pavo20 Pro Whoop (Ultralight Indoor Cinema Spec). Safe Flying Around People & Pets teknik donanımıyla, hassas FPV dron montajları ve atölye projeleri için geliştirilmiştir. %100 doğrulanmış orijinal ürün.	https://pozitronmarket.com/products/betafpv-pavo20-pro-whoop-ultralight-indoor-cinema-spec-34	https://pozitronmarket.com/assets/products/PZTR-FRM-0034.jpg	in_stock	1275.00 TRY	BetaFPV	new	5433	no	TR:::Standart Kargo:99.00 TRY
PZTR-BAT-0025	ISDT 608AC Pocket Charger (Includes BattAir Smart Tag)	Orijinal ISDT 608AC Pocket Charger (Includes BattAir Smart Tag). Wireless Battery Parameter Sync teknik donanımıyla, hassas FPV dron montajları ve atölye projeleri için geliştirilmiştir. %100 doğrulanmış orijinal ürün.	https://pozitronmarket.com/products/isdt-608ac-pocket-charger-includes-battair-smart-tag-25	https://pozitronmarket.com/assets/products/PZTR-BAT-0025.jpg	in_stock	3175.00 TRY	ISDT	new	5433	no	TR:::Standart Kargo:0.00 TRY
PZTR-TOO-0002	Miniware TS101 Soldering Iron (Special Blue Shell w/ TS-BC2 Tip)	Orijinal Miniware TS101 Soldering Iron (Special Blue Shell w/ TS-BC2 Tip). Chisel Tip for Heavy XT60 Soldering teknik donanımıyla, hassas FPV dron montajları ve atölye projeleri için geliştirilmiştir. %100 doğrulanmış orijinal ürün.	https://pozitronmarket.com/products/miniware-ts101-soldering-iron-special-blue-shell-w-ts-bc2-tip-2	https://pozitronmarket.com/assets/products/PZTR-TOO-0002.jpg	in_stock	3125.00 TRY	Miniware	new	5433	no	TR:::Standart Kargo:0.00 TRY
PZTR-MOT-0004	T-Motor F60 PRO V (2550KV)	Orijinal T-Motor F60 PRO V (2550KV). Grey Titanium teknik donanımıyla, hassas FPV dron montajları ve atölye projeleri için geliştirilmiştir. %100 doğrulanmış orijinal ürün.	https://pozitronmarket.com/products/t-motor-f60-pro-v-2550kv-4	https://pozitronmarket.com/assets/products/PZTR-MOT-0004.jpg	in_stock	1395.00 TRY	T-Motor	new	5433	no	TR:::Standart Kargo:99.00 TRY
PZTR-PRP-0037	Gemfan Micro 31mm 4-Blade (Clear Pink)	Orijinal Gemfan Micro 31mm 4-Blade (Clear Pink). Featherweight 0.28g per Blade teknik donanımıyla, hassas FPV dron montajları ve atölye projeleri için geliştirilmiştir. %100 doğrulanmış orijinal ürün.	https://pozitronmarket.com/products/gemfan-micro-31mm-4-blade-clear-pink-37	https://pozitronmarket.com/assets/products/PZTR-PRP-0037.jpg	in_stock	149.50 TRY	Gemfan	new	5433	no	TR:::Standart Kargo:99.00 TRY
PZTR-FRM-0040	GEPRC CineLog35 V2 HD (Pro Crash Pack with Spare Ducts)	Orijinal GEPRC CineLog35 V2 HD (Pro Crash Pack with Spare Ducts). Complete Spare Prop Guards Included teknik donanımıyla, hassas FPV dron montajları ve atölye projeleri için geliştirilmiştir. %100 doğrulanmış orijinal ürün.	https://pozitronmarket.com/products/geprc-cinelog35-v2-hd-pro-crash-pack-with-spare-ducts-40	https://pozitronmarket.com/assets/products/PZTR-FRM-0040.jpg	in_stock	3600.00 TRY	GEPRC	new	5433	no	TR:::Standart Kargo:0.00 TRY
PZTR-PRP-0038	Gemfan Micro 31mm 4-Blade (Clear Orange)	Orijinal Gemfan Micro 31mm 4-Blade (Clear Orange). High Agility Duct Compatible teknik donanımıyla, hassas FPV dron montajları ve atölye projeleri için geliştirilmiştir. %100 doğrulanmış orijinal ürün.	https://pozitronmarket.com/products/gemfan-micro-31mm-4-blade-clear-orange-38	https://pozitronmarket.com/assets/products/PZTR-PRP-0038.jpg	in_stock	149.50 TRY	Gemfan	new	5433	no	TR:::Standart Kargo:99.00 TRY
PZTR-MOT-0039	Flywoo ROBO RB 1202.5 (6000KV (4-Pack))	Orijinal Flywoo ROBO RB 1202.5 (6000KV (4-Pack)). Gold/Purple Set of 4 teknik donanımıyla, hassas FPV dron montajları ve atölye projeleri için geliştirilmiştir. %100 doğrulanmış orijinal ürün.	https://pozitronmarket.com/products/flywoo-robo-rb-1202-5-6000kv-4-pack-39	https://pozitronmarket.com/assets/products/PZTR-MOT-0039.jpg	in_stock	2450.00 TRY	Flywoo	new	5433	no	TR:::Standart Kargo:0.00 TRY
PZTR-VTX-0015	RushFPV Rush Tank II Ultimate 1W (Competition Ready Pack)	Orijinal RushFPV Rush Tank II Ultimate 1W (Competition Ready Pack). Includes Power Cable & Spare Screws teknik donanımıyla, hassas FPV dron montajları ve atölye projeleri için geliştirilmiştir. %100 doğrulanmış orijinal ürün.	https://pozitronmarket.com/products/rushfpv-rush-tank-ii-ultimate-1w-competition-ready-pack-15	https://pozitronmarket.com/assets/products/PZTR-VTX-0015.jpg	in_stock	2475.00 TRY	RushFPV	new	5433	no	TR:::Standart Kargo:0.00 TRY
PZTR-FLC-0035	iFlight Blitz F7 Pro FC (Pro Wiring Harness Kit Included)	Orijinal iFlight Blitz F7 Pro FC (Pro Wiring Harness Kit Included). Complete Stack Interconnects teknik donanımıyla, hassas FPV dron montajları ve atölye projeleri için geliştirilmiştir. %100 doğrulanmış orijinal ürün.	https://pozitronmarket.com/products/iflight-blitz-f7-pro-fc-pro-wiring-harness-kit-included-35	https://pozitronmarket.com/assets/products/PZTR-FLC-0035.jpg	in_stock	3245.00 TRY	iFlight	new	5433	no	TR:::Standart Kargo:0.00 TRY
PZTR-GPS-0006	Beitian Micro M8N GPS (Standard M8N Micro)	Orijinal Beitian Micro M8N GPS (Standard M8N Micro). Ultra-low Power / Built-in Flash Memory teknik donanımıyla, hassas FPV dron montajları ve atölye projeleri için geliştirilmiştir. %100 doğrulanmış orijinal ürün.	https://pozitronmarket.com/products/beitian-micro-m8n-gps-standard-m8n-micro-6	https://pozitronmarket.com/assets/products/PZTR-GPS-0006.jpg	in_stock	725.00 TRY	Beitian	new	5433	no	TR:::Standart Kargo:99.00 TRY
PZTR-ESC-0035	TBS PowerCube 60A 4in1 (With TBS High Current Pigtail)	Orijinal TBS PowerCube 60A 4in1 (With TBS High Current Pigtail). Factory Welded XT60 Cable teknik donanımıyla, hassas FPV dron montajları ve atölye projeleri için geliştirilmiştir. %100 doğrulanmış orijinal ürün.	https://pozitronmarket.com/products/tbs-powercube-60a-4in1-with-tbs-high-current-pigtail-35	https://pozitronmarket.com/assets/products/PZTR-ESC-0035.jpg	in_stock	4750.00 TRY	TBS	new	5433	no	TR:::Standart Kargo:0.00 TRY
PZTR-PRP-0007	HQProp Ethix S3 Watermelon (Low Pitch 3.1 Response)	Orijinal HQProp Ethix S3 Watermelon (Low Pitch 3.1 Response). Ultra Smooth Cinematic Cornering teknik donanımıyla, hassas FPV dron montajları ve atölye projeleri için geliştirilmiştir. %100 doğrulanmış orijinal ürün.	https://pozitronmarket.com/products/hqprop-ethix-s3-watermelon-low-pitch-3-1-response-7	https://pozitronmarket.com/assets/products/PZTR-PRP-0007.jpg	in_stock	210.00 TRY	HQProp	new	5433	no	TR:::Standart Kargo:99.00 TRY
PZTR-SCR-0013	Pozitron Hardware 304 Stainless M3 Hex Screws (M3 x 20mm Alyan Civata (10'lu Paket))	Orijinal Pozitron Hardware 304 Stainless M3 Hex Screws (M3 x 20mm Alyan Civata (10'lu Paket)). DIN 912 304 Paslanmaz Çelik / Stack Kolon Vidası teknik donanımıyla, hassas FPV dron montajları ve atölye projeleri için geliştirilmiştir. %100 doğrulanmış orijinal ürün.	https://pozitronmarket.com/products/pozitron-hardware-304-stainless-m3-hex-screws-m3-x-20mm-alyan-civata-10-lu-paket-13	https://pozitronmarket.com/assets/products/PZTR-SCR-0013.jpg	in_stock	70.00 TRY	Pozitron Hardware	new	5433	no	TR:::Standart Kargo:99.00 TRY
PZTR-FLC-0010	Foxeer F722 V4 Dual Gyro (Competition Tuned Firmware Spec)	Orijinal Foxeer F722 V4 Dual Gyro (Competition Tuned Firmware Spec). Pre-Configured DShot2400 teknik donanımıyla, hassas FPV dron montajları ve atölye projeleri için geliştirilmiştir. %100 doğrulanmış orijinal ürün.	https://pozitronmarket.com/products/foxeer-f722-v4-dual-gyro-competition-tuned-firmware-spec-10	https://pozitronmarket.com/assets/products/PZTR-FLC-0010.jpg	in_stock	2995.00 TRY	Foxeer	new	5433	no	TR:::Standart Kargo:0.00 TRY
PZTR-PRP-0006	HQProp Ethix S3 Watermelon (Watermelon Red/Green)	Orijinal HQProp Ethix S3 Watermelon (Watermelon Red/Green). Signature Steele Freestyle Tuning teknik donanımıyla, hassas FPV dron montajları ve atölye projeleri için geliştirilmiştir. %100 doğrulanmış orijinal ürün.	https://pozitronmarket.com/products/hqprop-ethix-s3-watermelon-watermelon-red-green-6	https://pozitronmarket.com/assets/products/PZTR-PRP-0006.jpg	in_stock	210.00 TRY	HQProp	new	5433	no	TR:::Standart Kargo:99.00 TRY
PZTR-MOT-0002	T-Motor F60 PRO V (1950KV)	Orijinal T-Motor F60 PRO V (1950KV). Grey Titanium teknik donanımıyla, hassas FPV dron montajları ve atölye projeleri için geliştirilmiştir. %100 doğrulanmış orijinal ürün.	https://pozitronmarket.com/products/t-motor-f60-pro-v-1950kv-2	https://pozitronmarket.com/assets/products/PZTR-MOT-0002.jpg	in_stock	1395.00 TRY	T-Motor	new	5433	no	TR:::Standart Kargo:99.00 TRY
PZTR-MOT-0021	EMAX ECO II 2207 (1700KV)	Orijinal EMAX ECO II 2207 (1700KV). Anodized Black Bell teknik donanımıyla, hassas FPV dron montajları ve atölye projeleri için geliştirilmiştir. %100 doğrulanmış orijinal ürün.	https://pozitronmarket.com/products/emax-eco-ii-2207-1700kv-21	https://pozitronmarket.com/assets/products/PZTR-MOT-0021.jpg	in_stock	799.50 TRY	EMAX	new	5433	no	TR:::Standart Kargo:99.00 TRY
PZTR-GPS-0009	Beitian Micro M8N GPS (Ultralight 7.5 Grams Profile)	Orijinal Beitian Micro M8N GPS (Ultralight 7.5 Grams Profile). Fits in Sub-250g Drones teknik donanımıyla, hassas FPV dron montajları ve atölye projeleri için geliştirilmiştir. %100 doğrulanmış orijinal ürün.	https://pozitronmarket.com/products/beitian-micro-m8n-gps-ultralight-7-5-grams-profile-9	https://pozitronmarket.com/assets/products/PZTR-GPS-0009.jpg	in_stock	750.00 TRY	Beitian	new	5433	no	TR:::Standart Kargo:99.00 TRY
PZTR-FLC-0004	SpeedyBee F405 V4 Master FC (Blackbox 4GB MicroSD Spec)	Orijinal SpeedyBee F405 V4 Master FC (Blackbox 4GB MicroSD Spec). Full Gyro Data Logging Engine teknik donanımıyla, hassas FPV dron montajları ve atölye projeleri için geliştirilmiştir. %100 doğrulanmış orijinal ürün.	https://pozitronmarket.com/products/speedybee-f405-v4-master-fc-blackbox-4gb-microsd-spec-4	https://pozitronmarket.com/assets/products/PZTR-FLC-0004.jpg	in_stock	2325.00 TRY	SpeedyBee	new	5433	no	TR:::Standart Kargo:0.00 TRY
PZTR-PRP-0014	HQProp Ethix P3 Peanut Butter (Double Pack (8 Props))	Orijinal HQProp Ethix P3 Peanut Butter (Double Pack (8 Props)). 2 Full Sets of Peanut Butter P3 teknik donanımıyla, hassas FPV dron montajları ve atölye projeleri için geliştirilmiştir. %100 doğrulanmış orijinal ürün.	https://pozitronmarket.com/products/hqprop-ethix-p3-peanut-butter-double-pack-8-props-14	https://pozitronmarket.com/assets/products/PZTR-PRP-0014.jpg	in_stock	400.00 TRY	HQProp	new	5433	no	TR:::Standart Kargo:99.00 TRY
PZTR-CNV-0026	Matek Systems FCHUB-12S Power Hub (Standard 12S FCHUB)	Orijinal Matek Systems FCHUB-12S Power Hub (Standard 12S FCHUB). Supports Massive 12S LiPo Input teknik donanımıyla, hassas FPV dron montajları ve atölye projeleri için geliştirilmiştir. %100 doğrulanmış orijinal ürün.	https://pozitronmarket.com/products/matek-systems-fchub-12s-power-hub-standard-12s-fchub-26	https://pozitronmarket.com/assets/products/PZTR-CNV-0026.jpg	in_stock	945.00 TRY	Matek Systems	new	5433	no	TR:::Standart Kargo:99.00 TRY
PZTR-BAT-0002	Tattu R-Line V5.0 1400mAh (With Aluminum Armor Plate)	Orijinal Tattu R-Line V5.0 1400mAh (With Aluminum Armor Plate). Impact Protection in Crash teknik donanımıyla, hassas FPV dron montajları ve atölye projeleri için geliştirilmiştir. %100 doğrulanmış orijinal ürün.	https://pozitronmarket.com/products/tattu-r-line-v5-0-1400mah-with-aluminum-armor-plate-2	https://pozitronmarket.com/assets/products/PZTR-BAT-0002.jpg	in_stock	2275.00 TRY	Tattu	new	5433	no	TR:::Standart Kargo:0.00 TRY
PZTR-CAM-0010	Walksnail Avatar HD Pro Kit (Mini 20x20 Micro VTX Edition)	Orijinal Walksnail Avatar HD Pro Kit (Mini 20x20 Micro VTX Edition). Ultralight 3-Inch Build Spec teknik donanımıyla, hassas FPV dron montajları ve atölye projeleri için geliştirilmiştir. %100 doğrulanmış orijinal ürün.	https://pozitronmarket.com/products/walksnail-avatar-hd-pro-kit-mini-20x20-micro-vtx-edition-10	https://pozitronmarket.com/assets/products/PZTR-CAM-0010.jpg	in_stock	7700.00 TRY	Walksnail	new	5433	no	TR:::Standart Kargo:0.00 TRY
PZTR-INS-0003	Ktehloy Brass Heat-Set Threaded Inserts (M2 x 4.0mm (10'lu Paket))	Orijinal Ktehloy Brass Heat-Set Threaded Inserts (M2 x 4.0mm (10'lu Paket)). 45° Spiral Tırtıklı Pirinç / Mikro Dron Gövde teknik donanımıyla, hassas FPV dron montajları ve atölye projeleri için geliştirilmiştir. %100 doğrulanmış orijinal ürün.	https://pozitronmarket.com/products/ktehloy-brass-heat-set-threaded-inserts-m2-x-4-0mm-10-lu-paket-3	https://pozitronmarket.com/assets/products/PZTR-INS-0003.jpg	in_stock	65.00 TRY	Ktehloy	new	5433	no	TR:::Standart Kargo:99.00 TRY
PZTR-TXR-0015	RadioMaster Pocket EdgeTX (Includes Heavy Duty EVA Zipper Case)	Orijinal RadioMaster Pocket EdgeTX (Includes Heavy Duty EVA Zipper Case). Protective Field Travel Bag teknik donanımıyla, hassas FPV dron montajları ve atölye projeleri için geliştirilmiştir. %100 doğrulanmış orijinal ürün.	https://pozitronmarket.com/products/radiomaster-pocket-edgetx-includes-heavy-duty-eva-zipper-case-15	https://pozitronmarket.com/assets/products/PZTR-TXR-0015.jpg	in_stock	3600.00 TRY	RadioMaster	new	5433	no	TR:::Standart Kargo:0.00 TRY
PZTR-BAT-0011	Lumenier NAV 21700 8000mAh (Standard 6S2P 8000mAh XT60)	Orijinal Lumenier NAV 21700 8000mAh (Standard 6S2P 8000mAh XT60). 35+ Minutes Flight Time on 7-Inch teknik donanımıyla, hassas FPV dron montajları ve atölye projeleri için geliştirilmiştir. %100 doğrulanmış orijinal ürün.	https://pozitronmarket.com/products/lumenier-nav-21700-8000mah-standard-6s2p-8000mah-xt60-11	https://pozitronmarket.com/assets/products/PZTR-BAT-0011.jpg	in_stock	4495.00 TRY	Lumenier	new	5433	no	TR:::Standart Kargo:0.00 TRY
PZTR-FRM-0041	iFlight Chimera7 Pro V2 (Standard 7.5-Inch Long Range)	Orijinal iFlight Chimera7 Pro V2 (Standard 7.5-Inch Long Range). 6mm Ultra Stiff Carbon Arms / Deadcat teknik donanımıyla, hassas FPV dron montajları ve atölye projeleri için geliştirilmiştir. %100 doğrulanmış orijinal ürün.	https://pozitronmarket.com/products/iflight-chimera7-pro-v2-standard-7-5-inch-long-range-41	https://pozitronmarket.com/assets/products/PZTR-FRM-0041.jpg	in_stock	4495.00 TRY	iFlight	new	5433	no	TR:::Standart Kargo:0.00 TRY
PZTR-MOT-0040	Flywoo ROBO RB 1202.5 (11500KV (4-Pack))	Orijinal Flywoo ROBO RB 1202.5 (11500KV (4-Pack)). Gold/Purple Set of 4 teknik donanımıyla, hassas FPV dron montajları ve atölye projeleri için geliştirilmiştir. %100 doğrulanmış orijinal ürün.	https://pozitronmarket.com/products/flywoo-robo-rb-1202-5-11500kv-4-pack-40	https://pozitronmarket.com/assets/products/PZTR-MOT-0040.jpg	in_stock	2450.00 TRY	Flywoo	new	5433	no	TR:::Standart Kargo:0.00 TRY
PZTR-ANT-0001	Foxeer Lollipop 4 Plus (RHCP SMA (Set of 2))	Orijinal Foxeer Lollipop 4 Plus (RHCP SMA (Set of 2)). Pure 5.8GHz Circular Polarization / 2.6dBi teknik donanımıyla, hassas FPV dron montajları ve atölye projeleri için geliştirilmiştir. %100 doğrulanmış orijinal ürün.	https://pozitronmarket.com/products/foxeer-lollipop-4-plus-rhcp-sma-set-of-2-1	https://pozitronmarket.com/assets/products/PZTR-ANT-0001.jpg	in_stock	995.00 TRY	Foxeer	new	5433	no	TR:::Standart Kargo:99.00 TRY
PZTR-CAM-0019	Foxeer Predator 5 Nano (Sub-5g Featherweight Spec)	Orijinal Foxeer Predator 5 Nano (Sub-5g Featherweight Spec). Ultralight Racing Drone Profile teknik donanımıyla, hassas FPV dron montajları ve atölye projeleri için geliştirilmiştir. %100 doğrulanmış orijinal ürün.	https://pozitronmarket.com/products/foxeer-predator-5-nano-sub-5g-featherweight-spec-19	https://pozitronmarket.com/assets/products/PZTR-CAM-0019.jpg	in_stock	1445.00 TRY	Foxeer	new	5433	no	TR:::Standart Kargo:99.00 TRY
PZTR-CNV-0005	Matek Systems Micro BEC 6-60V (High Efficiency 92% Spec)	Orijinal Matek Systems Micro BEC 6-60V (High Efficiency 92% Spec). Ultra-Low Electrical Ripple teknik donanımıyla, hassas FPV dron montajları ve atölye projeleri için geliştirilmiştir. %100 doğrulanmış orijinal ürün.	https://pozitronmarket.com/products/matek-systems-micro-bec-6-60v-high-efficiency-92-spec-5	https://pozitronmarket.com/assets/products/PZTR-CNV-0005.jpg	in_stock	600.00 TRY	Matek Systems	new	5433	no	TR:::Standart Kargo:99.00 TRY
PZTR-FRM-0009	GEPRC Mark5 O3 Freestyle (Squashed X High Speed Racing)	Orijinal GEPRC Mark5 O3 Freestyle (Squashed X High Speed Racing). Fast Agility Cornering Response teknik donanımıyla, hassas FPV dron montajları ve atölye projeleri için geliştirilmiştir. %100 doğrulanmış orijinal ürün.	https://pozitronmarket.com/products/geprc-mark5-o3-freestyle-squashed-x-high-speed-racing-9	https://pozitronmarket.com/assets/products/PZTR-FRM-0009.jpg	in_stock	3749.50 TRY	GEPRC	new	5433	no	TR:::Standart Kargo:0.00 TRY
PZTR-SCR-0014	Pozitron Hardware 304 Stainless M3 Hex Screws (M3 x 25mm Alyan Civata (10'lu Paket))	Orijinal Pozitron Hardware 304 Stainless M3 Hex Screws (M3 x 25mm Alyan Civata (10'lu Paket)). DIN 912 304 Paslanmaz Çelik / Tam Boy Stack Vidası teknik donanımıyla, hassas FPV dron montajları ve atölye projeleri için geliştirilmiştir. %100 doğrulanmış orijinal ürün.	https://pozitronmarket.com/products/pozitron-hardware-304-stainless-m3-hex-screws-m3-x-25mm-alyan-civata-10-lu-paket-14	https://pozitronmarket.com/assets/products/PZTR-SCR-0014.jpg	in_stock	80.00 TRY	Pozitron Hardware	new	5433	no	TR:::Standart Kargo:99.00 TRY
PZTR-FRM-0007	GEPRC Mark5 O3 Freestyle (DC (Deadcat) Zero Props in View)	Orijinal GEPRC Mark5 O3 Freestyle (DC (Deadcat) Zero Props in View). Clean Cinematic Camera Footage teknik donanımıyla, hassas FPV dron montajları ve atölye projeleri için geliştirilmiştir. %100 doğrulanmış orijinal ürün.	https://pozitronmarket.com/products/geprc-mark5-o3-freestyle-dc-deadcat-zero-props-in-view-7	https://pozitronmarket.com/assets/products/PZTR-FRM-0007.jpg	in_stock	3849.50 TRY	GEPRC	new	5433	no	TR:::Standart Kargo:0.00 TRY
PZTR-MOT-0022	EMAX ECO II 2207 (1900KV)	Orijinal EMAX ECO II 2207 (1900KV). Anodized Black Bell teknik donanımıyla, hassas FPV dron montajları ve atölye projeleri için geliştirilmiştir. %100 doğrulanmış orijinal ürün.	https://pozitronmarket.com/products/emax-eco-ii-2207-1900kv-22	https://pozitronmarket.com/assets/products/PZTR-MOT-0022.jpg	in_stock	799.50 TRY	EMAX	new	5433	no	TR:::Standart Kargo:99.00 TRY
PZTR-ESC-0007	Foxeer Reaper F4 65A 128K (65A Multi-Mount (30x30))	Orijinal Foxeer Reaper F4 65A 128K (65A Multi-Mount (30x30)). Pre-soldered DShot1200 Cable teknik donanımıyla, hassas FPV dron montajları ve atölye projeleri için geliştirilmiştir. %100 doğrulanmış orijinal ürün.	https://pozitronmarket.com/products/foxeer-reaper-f4-65a-128k-65a-multi-mount-30x30-7	https://pozitronmarket.com/assets/products/PZTR-ESC-0007.jpg	in_stock	4125.00 TRY	Foxeer	new	5433	no	TR:::Standart Kargo:0.00 TRY
PZTR-TOO-0025	RDQ M2 & M3 Hardware Standoff Kit (Hardware Organizer Mega Kit (500 Pcs))	Orijinal RDQ M2 & M3 Hardware Standoff Kit (Hardware Organizer Mega Kit (500 Pcs)). Includes M2/M2.5/M3 Screws teknik donanımıyla, hassas FPV dron montajları ve atölye projeleri için geliştirilmiştir. %100 doğrulanmış orijinal ürün.	https://pozitronmarket.com/products/rdq-m2-m3-hardware-standoff-kit-hardware-organizer-mega-kit-500-pcs-25	https://pozitronmarket.com/assets/products/PZTR-TOO-0025.jpg	in_stock	1225.00 TRY	RDQ	new	5433	no	TR:::Standart Kargo:99.00 TRY
PZTR-TXR-0002	RadioMaster TX16S MKII MAX (4-in-1 Multi Silver Edition)	Orijinal RadioMaster TX16S MKII MAX (4-in-1 Multi Silver Edition). Compatible with FrSky, Spektrum, Flysky teknik donanımıyla, hassas FPV dron montajları ve atölye projeleri için geliştirilmiştir. %100 doğrulanmış orijinal ürün.	https://pozitronmarket.com/products/radiomaster-tx16s-mkii-max-4-in-1-multi-silver-edition-2	https://pozitronmarket.com/assets/products/PZTR-TXR-0002.jpg	in_stock	14499.50 TRY	RadioMaster	new	5433	no	TR:::Standart Kargo:0.00 TRY
PZTR-FLC-0019	Holybro Pixhawk 6C (Industrial Drone Certified Spec)	Orijinal Holybro Pixhawk 6C (Industrial Drone Certified Spec). Internal Shock Absorption Mount teknik donanımıyla, hassas FPV dron montajları ve atölye projeleri için geliştirilmiştir. %100 doğrulanmış orijinal ürün.	https://pozitronmarket.com/products/holybro-pixhawk-6c-industrial-drone-certified-spec-19	https://pozitronmarket.com/assets/products/PZTR-FLC-0019.jpg	in_stock	9950.00 TRY	Holybro	new	5433	no	TR:::Standart Kargo:0.00 TRY
PZTR-MOT-0046	T-Motor U8 II Heavy Lift (85KV)	Orijinal T-Motor U8 II Heavy Lift (85KV). Industrial Weatherproof 85KV teknik donanımıyla, hassas FPV dron montajları ve atölye projeleri için geliştirilmiştir. %100 doğrulanmış orijinal ürün.	https://pozitronmarket.com/products/t-motor-u8-ii-heavy-lift-85kv-46	https://pozitronmarket.com/assets/products/PZTR-MOT-0046.jpg	in_stock	12450.00 TRY	T-Motor	new	5433	no	TR:::Standart Kargo:0.00 TRY
PZTR-CAM-0029	RunCam Thumb Pro 4K (With Heavy Duty Solder Cable)	Orijinal RunCam Thumb Pro 4K (With Heavy Duty Solder Cable). Direct 5V FC Connection teknik donanımıyla, hassas FPV dron montajları ve atölye projeleri için geliştirilmiştir. %100 doğrulanmış orijinal ürün.	https://pozitronmarket.com/products/runcam-thumb-pro-4k-with-heavy-duty-solder-cable-29	https://pozitronmarket.com/assets/products/PZTR-CAM-0029.jpg	in_stock	4600.00 TRY	RunCam	new	5433	no	TR:::Standart Kargo:0.00 TRY
PZTR-TOO-0020	Kester 60/40 Rosin Core Solder Wire (With Flux Paste Pen 10ml)	Orijinal Kester 60/40 Rosin Core Solder Wire (With Flux Paste Pen 10ml). No-Clean RMA Rosin Flux Included teknik donanımıyla, hassas FPV dron montajları ve atölye projeleri için geliştirilmiştir. %100 doğrulanmış orijinal ürün.	https://pozitronmarket.com/products/kester-60-40-rosin-core-solder-wire-with-flux-paste-pen-10ml-20	https://pozitronmarket.com/assets/products/PZTR-TOO-0020.jpg	in_stock	900.00 TRY	Kester	new	5433	no	TR:::Standart Kargo:99.00 TRY
PZTR-SCR-0020	Pozitron Hardware 304 Stainless M4 & M5 Fasteners (M4 x 16mm Alyan Civata (10'lu Paket))	Orijinal Pozitron Hardware 304 Stainless M4 & M5 Fasteners (M4 x 16mm Alyan Civata (10'lu Paket)). DIN 912 304 Paslanmaz Çelik / Ağır Şase teknik donanımıyla, hassas FPV dron montajları ve atölye projeleri için geliştirilmiştir. %100 doğrulanmış orijinal ürün.	https://pozitronmarket.com/products/pozitron-hardware-304-stainless-m4-m5-fasteners-m4-x-16mm-alyan-civata-10-lu-paket-20	https://pozitronmarket.com/assets/products/PZTR-SCR-0020.jpg	in_stock	85.00 TRY	Pozitron Hardware	new	5433	no	TR:::Standart Kargo:99.00 TRY
PZTR-TXR-0023	TBS Crossfire Nano RX Pro (With Special Edition Blackwrap)	Orijinal TBS Crossfire Nano RX Pro (With Special Edition Blackwrap). Extra Weather & Moisture Protection teknik donanımıyla, hassas FPV dron montajları ve atölye projeleri için geliştirilmiştir. %100 doğrulanmış orijinal ürün.	https://pozitronmarket.com/products/tbs-crossfire-nano-rx-pro-with-special-edition-blackwrap-23	https://pozitronmarket.com/assets/products/PZTR-TXR-0023.jpg	in_stock	1600.00 TRY	TBS	new	5433	no	TR:::Standart Kargo:0.00 TRY
PZTR-CNV-0028	Matek Systems FCHUB-12S Power Hub (Dual Flat Ribbon Cable Kit)	Orijinal Matek Systems FCHUB-12S Power Hub (Dual Flat Ribbon Cable Kit). Zero Solder Connection to FC teknik donanımıyla, hassas FPV dron montajları ve atölye projeleri için geliştirilmiştir. %100 doğrulanmış orijinal ürün.	https://pozitronmarket.com/products/matek-systems-fchub-12s-power-hub-dual-flat-ribbon-cable-kit-28	https://pozitronmarket.com/assets/products/PZTR-CNV-0028.jpg	in_stock	1000.00 TRY	Matek Systems	new	5433	no	TR:::Standart Kargo:99.00 TRY
PZTR-CNV-0017	Matek Systems Buck-Boost Converter 12V 2A (With Aluminum Shield Casing)	Orijinal Matek Systems Buck-Boost Converter 12V 2A (With Aluminum Shield Casing). Zero EMI Radiation Spec teknik donanımıyla, hassas FPV dron montajları ve atölye projeleri için geliştirilmiştir. %100 doğrulanmış orijinal ürün.	https://pozitronmarket.com/products/matek-systems-buck-boost-converter-12v-2a-with-aluminum-shield-casing-17	https://pozitronmarket.com/assets/products/PZTR-CNV-0017.jpg	in_stock	795.00 TRY	Matek Systems	new	5433	no	TR:::Standart Kargo:99.00 TRY
PZTR-FRM-0021	BetaFPV Pavo25 V2 Cinewhoop (Standard Ducted Pusher Design)	Orijinal BetaFPV Pavo25 V2 Cinewhoop (Standard Ducted Pusher Design). Aerodynamic Injection Molded Ducts teknik donanımıyla, hassas FPV dron montajları ve atölye projeleri için geliştirilmiştir. %100 doğrulanmış orijinal ürün.	https://pozitronmarket.com/products/betafpv-pavo25-v2-cinewhoop-standard-ducted-pusher-design-21	https://pozitronmarket.com/assets/products/PZTR-FRM-0021.jpg	in_stock	2149.50 TRY	BetaFPV	new	5433	no	TR:::Standart Kargo:0.00 TRY
PZTR-VTX-0023	Walksnail Avatar GT 2W Module (Includes Dual High Gain Antennas)	Orijinal Walksnail Avatar GT 2W Module (Includes Dual High Gain Antennas). Max Range Penetration Spec teknik donanımıyla, hassas FPV dron montajları ve atölye projeleri için geliştirilmiştir. %100 doğrulanmış orijinal ürün.	https://pozitronmarket.com/products/walksnail-avatar-gt-2w-module-includes-dual-high-gain-antennas-23	https://pozitronmarket.com/assets/products/PZTR-VTX-0023.jpg	in_stock	6700.00 TRY	Walksnail	new	5433	no	TR:::Standart Kargo:0.00 TRY
PZTR-FRM-0005	iFlight Nazgul Evoque F5X V2 (Spare Arms & Hardware Kit Bundle)	Orijinal iFlight Nazgul Evoque F5X V2 (Spare Arms & Hardware Kit Bundle). Includes 2 Spare Carbon Arms teknik donanımıyla, hassas FPV dron montajları ve atölye projeleri için geliştirilmiştir. %100 doğrulanmış orijinal ürün.	https://pozitronmarket.com/products/iflight-nazgul-evoque-f5x-v2-spare-arms-hardware-kit-bundle-5	https://pozitronmarket.com/assets/products/PZTR-FRM-0005.jpg	in_stock	4450.00 TRY	iFlight	new	5433	no	TR:::Standart Kargo:0.00 TRY
PZTR-ESC-0001	SpeedyBee F405 V4 55A 4in1 (Standard 55A BLS)	Orijinal SpeedyBee F405 V4 55A 4in1 (Standard 55A BLS). Aluminum Heat Sink / 30x30 Mount teknik donanımıyla, hassas FPV dron montajları ve atölye projeleri için geliştirilmiştir. %100 doğrulanmış orijinal ürün.	https://pozitronmarket.com/products/speedybee-f405-v4-55a-4in1-standard-55a-bls-1	https://pozitronmarket.com/assets/products/PZTR-ESC-0001.jpg	in_stock	2299.50 TRY	SpeedyBee	new	5433	no	TR:::Standart Kargo:0.00 TRY
PZTR-BAT-0004	Tattu R-Line V5.0 1400mAh (Competition 4-Pack Bundle)	Orijinal Tattu R-Line V5.0 1400mAh (Competition 4-Pack Bundle). Full Race Meet Battery Rotation teknik donanımıyla, hassas FPV dron montajları ve atölye projeleri için geliştirilmiştir. %100 doğrulanmış orijinal ürün.	https://pozitronmarket.com/products/tattu-r-line-v5-0-1400mah-competition-4-pack-bundle-4	https://pozitronmarket.com/assets/products/PZTR-BAT-0004.jpg	in_stock	7950.00 TRY	Tattu	new	5433	no	TR:::Standart Kargo:0.00 TRY
PZTR-FRM-0010	GEPRC Mark5 O3 Freestyle (Pro Crash Pack with 4 Spare Arms)	Orijinal GEPRC Mark5 O3 Freestyle (Pro Crash Pack with 4 Spare Arms). Unbreakable Fleet Readiness teknik donanımıyla, hassas FPV dron montajları ve atölye projeleri için geliştirilmiştir. %100 doğrulanmış orijinal ürün.	https://pozitronmarket.com/products/geprc-mark5-o3-freestyle-pro-crash-pack-with-4-spare-arms-10	https://pozitronmarket.com/assets/products/PZTR-FRM-0010.jpg	in_stock	4950.00 TRY	GEPRC	new	5433	no	TR:::Standart Kargo:0.00 TRY
PZTR-SCR-0001	Pozitron Hardware 304 Stainless M2 Hex Screws (M2 x 6mm Alyan Civata (10'lu Paket))	Orijinal Pozitron Hardware 304 Stainless M2 Hex Screws (M2 x 6mm Alyan Civata (10'lu Paket)). DIN 912 304 Paslanmaz Çelik / Kamera & Whoop teknik donanımıyla, hassas FPV dron montajları ve atölye projeleri için geliştirilmiştir. %100 doğrulanmış orijinal ürün.	https://pozitronmarket.com/products/pozitron-hardware-304-stainless-m2-hex-screws-m2-x-6mm-alyan-civata-10-lu-paket-1	https://pozitronmarket.com/assets/products/PZTR-SCR-0001.jpg	in_stock	45.00 TRY	Pozitron Hardware	new	5433	no	TR:::Standart Kargo:99.00 TRY
PZTR-BAT-0001	Tattu R-Line V5.0 1400mAh (Single Pack (XT60))	Orijinal Tattu R-Line V5.0 1400mAh (Single Pack (XT60)). 150C Continuous / Zero Voltage Sag teknik donanımıyla, hassas FPV dron montajları ve atölye projeleri için geliştirilmiştir. %100 doğrulanmış orijinal ürün.	https://pozitronmarket.com/products/tattu-r-line-v5-0-1400mah-single-pack-xt60-1	https://pozitronmarket.com/assets/products/PZTR-BAT-0001.jpg	in_stock	2149.50 TRY	Tattu	new	5433	no	TR:::Standart Kargo:0.00 TRY
PZTR-TXR-0012	RadioMaster Pocket EdgeTX (Frost White (ELRS 2.4G))	Orijinal RadioMaster Pocket EdgeTX (Frost White (ELRS 2.4G)). Clean Minimalist Travel Companion teknik donanımıyla, hassas FPV dron montajları ve atölye projeleri için geliştirilmiştir. %100 doğrulanmış orijinal ürün.	https://pozitronmarket.com/products/radiomaster-pocket-edgetx-frost-white-elrs-2-4g-12	https://pozitronmarket.com/assets/products/PZTR-TXR-0012.jpg	in_stock	3249.50 TRY	RadioMaster	new	5433	no	TR:::Standart Kargo:0.00 TRY
PZTR-CAM-0024	HDZero Nano 90 Camera (Competition High Refresh Spec)	Orijinal HDZero Nano 90 Camera (Competition High Refresh Spec). Tuned for HDZero Goggle VRX teknik donanımıyla, hassas FPV dron montajları ve atölye projeleri için geliştirilmiştir. %100 doğrulanmış orijinal ürün.	https://pozitronmarket.com/products/hdzero-nano-90-camera-competition-high-refresh-spec-24	https://pozitronmarket.com/assets/products/PZTR-CAM-0024.jpg	in_stock	2550.00 TRY	HDZero	new	5433	no	TR:::Standart Kargo:0.00 TRY
PZTR-FRM-0017	AxisFlying Manta 5-Inch HD (Deadcat Zero-Prop HD View)	Orijinal AxisFlying Manta 5-Inch HD (Deadcat Zero-Prop HD View). Perfect for DJI O3 Air Unit teknik donanımıyla, hassas FPV dron montajları ve atölye projeleri için geliştirilmiştir. %100 doğrulanmış orijinal ürün.	https://pozitronmarket.com/products/axisflying-manta-5-inch-hd-deadcat-zero-prop-hd-view-17	https://pozitronmarket.com/assets/products/PZTR-FRM-0017.jpg	in_stock	3725.00 TRY	AxisFlying	new	5433	no	TR:::Standart Kargo:0.00 TRY
PZTR-INS-0008	Ktehloy Brass Heat-Set Threaded Inserts (M3 x 5.7mm (Tekli Adet))	Orijinal Ktehloy Brass Heat-Set Threaded Inserts (M3 x 5.7mm (Tekli Adet)). 45° Spiral Tırtıklı Pirinç / Kol & Canopy Güçlendirme teknik donanımıyla, hassas FPV dron montajları ve atölye projeleri için geliştirilmiştir. %100 doğrulanmış orijinal ürün.	https://pozitronmarket.com/products/ktehloy-brass-heat-set-threaded-inserts-m3-x-5-7mm-tekli-adet-8	https://pozitronmarket.com/assets/products/PZTR-INS-0008.jpg	in_stock	12.50 TRY	Ktehloy	new	5433	no	TR:::Standart Kargo:99.00 TRY
PZTR-MOT-0017	iFlight XING-E Pro 2207 (2450KV)	Orijinal iFlight XING-E Pro 2207 (2450KV). Black/Red Unibell teknik donanımıyla, hassas FPV dron montajları ve atölye projeleri için geliştirilmiştir. %100 doğrulanmış orijinal ürün.	https://pozitronmarket.com/products/iflight-xing-e-pro-2207-2450kv-17	https://pozitronmarket.com/assets/products/PZTR-MOT-0017.jpg	in_stock	849.50 TRY	iFlight	new	5433	no	TR:::Standart Kargo:99.00 TRY
PZTR-FRM-0042	iFlight Chimera7 Pro V2 (With DJI O3 HD TPU Mount Set)	Orijinal iFlight Chimera7 Pro V2 (With DJI O3 HD TPU Mount Set). Zero Vibration High Altitude HD Feed teknik donanımıyla, hassas FPV dron montajları ve atölye projeleri için geliştirilmiştir. %100 doğrulanmış orijinal ürün.	https://pozitronmarket.com/products/iflight-chimera7-pro-v2-with-dji-o3-hd-tpu-mount-set-42	https://pozitronmarket.com/assets/products/PZTR-FRM-0042.jpg	in_stock	4825.00 TRY	iFlight	new	5433	no	TR:::Standart Kargo:0.00 TRY
PZTR-VTX-0002	TBS Unify Pro32 HV (High Power 1W Clean Spec)	Orijinal TBS Unify Pro32 HV (High Power 1W Clean Spec). Zero Power Spike On Channel Change teknik donanımıyla, hassas FPV dron montajları ve atölye projeleri için geliştirilmiştir. %100 doğrulanmış orijinal ürün.	https://pozitronmarket.com/products/tbs-unify-pro32-hv-high-power-1w-clean-spec-2	https://pozitronmarket.com/assets/products/PZTR-VTX-0002.jpg	in_stock	2625.00 TRY	TBS	new	5433	no	TR:::Standart Kargo:0.00 TRY
PZTR-TOO-0028	Vifly Finder 2 Autonomous Buzzer (Finder Beacon Daylight Sensor)	Orijinal Vifly Finder 2 Autonomous Buzzer (Finder Beacon Daylight Sensor). Automatic Day/Night Sensor teknik donanımıyla, hassas FPV dron montajları ve atölye projeleri için geliştirilmiştir. %100 doğrulanmış orijinal ürün.	https://pozitronmarket.com/products/vifly-finder-2-autonomous-buzzer-finder-beacon-daylight-sensor-28	https://pozitronmarket.com/assets/products/PZTR-TOO-0028.jpg	in_stock	775.00 TRY	Vifly	new	5433	no	TR:::Standart Kargo:99.00 TRY
PZTR-MOT-0054	GEPRC GR1404 Micro Freestyle (2750KV (4-Pack))	Orijinal GEPRC GR1404 Micro Freestyle (2750KV (4-Pack)). Matte Black Set of 4 teknik donanımıyla, hassas FPV dron montajları ve atölye projeleri için geliştirilmiştir. %100 doğrulanmış orijinal ürün.	https://pozitronmarket.com/products/geprc-gr1404-micro-freestyle-2750kv-4-pack-54	https://pozitronmarket.com/assets/products/PZTR-MOT-0054.jpg	in_stock	2750.00 TRY	GEPRC	new	5433	no	TR:::Standart Kargo:0.00 TRY
PZTR-CNV-0009	Matek Systems PDB-XT60 Dual BEC (With Genuine Amass XT60)	Orijinal Matek Systems PDB-XT60 Dual BEC (With Genuine Amass XT60). Gold-Plated High Current Terminals teknik donanımıyla, hassas FPV dron montajları ve atölye projeleri için geliştirilmiştir. %100 doğrulanmış orijinal ürün.	https://pozitronmarket.com/products/matek-systems-pdb-xt60-dual-bec-with-genuine-amass-xt60-9	https://pozitronmarket.com/assets/products/PZTR-CNV-0009.jpg	in_stock	645.00 TRY	Matek Systems	new	5433	no	TR:::Standart Kargo:99.00 TRY
PZTR-CNV-0025	RadioMaster ERS-CU01 Current Sensor (Heavy Duty 200A Peak Spec)	Orijinal RadioMaster ERS-CU01 Current Sensor (Heavy Duty 200A Peak Spec). High Power 7-Inch & 8-Inch Drones teknik donanımıyla, hassas FPV dron montajları ve atölye projeleri için geliştirilmiştir. %100 doğrulanmış orijinal ürün.	https://pozitronmarket.com/products/radiomaster-ers-cu01-current-sensor-heavy-duty-200a-peak-spec-25	https://pozitronmarket.com/assets/products/PZTR-CNV-0025.jpg	in_stock	975.00 TRY	RadioMaster	new	5433	no	TR:::Standart Kargo:99.00 TRY
PZTR-SCR-0004	Pozitron Hardware 304 Stainless M2 Hex Screws (M2 x 12mm Alyan Civata (10'lu Paket))	Orijinal Pozitron Hardware 304 Stainless M2 Hex Screws (M2 x 12mm Alyan Civata (10'lu Paket)). DIN 912 304 Paslanmaz Çelik / Uzun Montaj teknik donanımıyla, hassas FPV dron montajları ve atölye projeleri için geliştirilmiştir. %100 doğrulanmış orijinal ürün.	https://pozitronmarket.com/products/pozitron-hardware-304-stainless-m2-hex-screws-m2-x-12mm-alyan-civata-10-lu-paket-4	https://pozitronmarket.com/assets/products/PZTR-SCR-0004.jpg	in_stock	55.00 TRY	Pozitron Hardware	new	5433	no	TR:::Standart Kargo:99.00 TRY
PZTR-FRM-0031	BetaFPV Pavo20 Pro Whoop (2-Inch Ducted Frame Spec)	Orijinal BetaFPV Pavo20 Pro Whoop (2-Inch Ducted Frame Spec). Crash-Resilient PA12 Plastic Ducts teknik donanımıyla, hassas FPV dron montajları ve atölye projeleri için geliştirilmiştir. %100 doğrulanmış orijinal ürün.	https://pozitronmarket.com/products/betafpv-pavo20-pro-whoop-2-inch-ducted-frame-spec-31	https://pozitronmarket.com/assets/products/PZTR-FRM-0031.jpg	in_stock	1249.50 TRY	BetaFPV	new	5433	no	TR:::Standart Kargo:99.00 TRY
PZTR-MOT-0015	iFlight XING2 2207 (2755KV (4-Pack))	Orijinal iFlight XING2 2207 (2755KV (4-Pack)). Titanium Grey Set of 4 teknik donanımıyla, hassas FPV dron montajları ve atölye projeleri için geliştirilmiştir. %100 doğrulanmış orijinal ürün.	https://pozitronmarket.com/products/iflight-xing2-2207-2755kv-4-pack-15	https://pozitronmarket.com/assets/products/PZTR-MOT-0015.jpg	in_stock	4700.00 TRY	iFlight	new	5433	no	TR:::Standart Kargo:0.00 TRY
PZTR-TOO-0022	RDQ M2 & M3 Hardware Standoff Kit (Aluminum Anodized M3 Standoffs)	Orijinal RDQ M2 & M3 Hardware Standoff Kit (Aluminum Anodized M3 Standoffs). Textured CNC Knurled (20 Pcs) teknik donanımıyla, hassas FPV dron montajları ve atölye projeleri için geliştirilmiştir. %100 doğrulanmış orijinal ürün.	https://pozitronmarket.com/products/rdq-m2-m3-hardware-standoff-kit-aluminum-anodized-m3-standoffs-22	https://pozitronmarket.com/assets/products/PZTR-TOO-0022.jpg	in_stock	625.00 TRY	RDQ	new	5433	no	TR:::Standart Kargo:99.00 TRY
PZTR-MOT-0051	GEPRC GR1404 Micro Freestyle (2750KV)	Orijinal GEPRC GR1404 Micro Freestyle (2750KV). Matte Black CNC teknik donanımıyla, hassas FPV dron montajları ve atölye projeleri için geliştirilmiştir. %100 doğrulanmış orijinal ürün.	https://pozitronmarket.com/products/geprc-gr1404-micro-freestyle-2750kv-51	https://pozitronmarket.com/assets/products/PZTR-MOT-0051.jpg	in_stock	725.00 TRY	GEPRC	new	5433	no	TR:::Standart Kargo:99.00 TRY
PZTR-FRM-0032	BetaFPV Pavo20 Pro Whoop (DJI O3 Direct Screw Mount)	Orijinal BetaFPV Pavo20 Pro Whoop (DJI O3 Direct Screw Mount). Smallest DJI O3 Flying Platform teknik donanımıyla, hassas FPV dron montajları ve atölye projeleri için geliştirilmiştir. %100 doğrulanmış orijinal ürün.	https://pozitronmarket.com/products/betafpv-pavo20-pro-whoop-dji-o3-direct-screw-mount-32	https://pozitronmarket.com/assets/products/PZTR-FRM-0032.jpg	in_stock	1375.00 TRY	BetaFPV	new	5433	no	TR:::Standart Kargo:99.00 TRY
PZTR-BAT-0020	ISDT K4 Smart Dual Charger (Field Charging Bundle with XT60 In)	Orijinal ISDT K4 Smart Dual Charger (Field Charging Bundle with XT60 In). Car Battery / Solar Field Charging teknik donanımıyla, hassas FPV dron montajları ve atölye projeleri için geliştirilmiştir. %100 doğrulanmış orijinal ürün.	https://pozitronmarket.com/products/isdt-k4-smart-dual-charger-field-charging-bundle-with-xt60-in-20	https://pozitronmarket.com/assets/products/PZTR-BAT-0020.jpg	in_stock	7950.00 TRY	ISDT	new	5433	no	TR:::Standart Kargo:0.00 TRY
PZTR-ANT-0005	Foxeer Lollipop 4 Plus (Angle MMCX 90° (Set of 2))	Orijinal Foxeer Lollipop 4 Plus (Angle MMCX 90° (Set of 2)). Low Profile Tight Carbon Routing teknik donanımıyla, hassas FPV dron montajları ve atölye projeleri için geliştirilmiştir. %100 doğrulanmış orijinal ürün.	https://pozitronmarket.com/products/foxeer-lollipop-4-plus-angle-mmcx-90-set-of-2-5	https://pozitronmarket.com/assets/products/PZTR-ANT-0005.jpg	in_stock	975.00 TRY	Foxeer	new	5433	no	TR:::Standart Kargo:99.00 TRY
PZTR-CNV-0019	Matek Systems Buck-Boost Converter 12V 2A (Thermal Protected Circuit)	Orijinal Matek Systems Buck-Boost Converter 12V 2A (Thermal Protected Circuit). Auto Cutoff at Overheating teknik donanımıyla, hassas FPV dron montajları ve atölye projeleri için geliştirilmiştir. %100 doğrulanmış orijinal ürün.	https://pozitronmarket.com/products/matek-systems-buck-boost-converter-12v-2a-thermal-protected-circuit-19	https://pozitronmarket.com/assets/products/PZTR-CNV-0019.jpg	in_stock	700.00 TRY	Matek Systems	new	5433	no	TR:::Standart Kargo:99.00 TRY
PZTR-ESC-0015	Holybro Tekko32 F4 4in1 50A (Sub-100A Peak Rated Spec)	Orijinal Holybro Tekko32 F4 4in1 50A (Sub-100A Peak Rated Spec). F4 Microcontroller Precision teknik donanımıyla, hassas FPV dron montajları ve atölye projeleri için geliştirilmiştir. %100 doğrulanmış orijinal ürün.	https://pozitronmarket.com/products/holybro-tekko32-f4-4in1-50a-sub-100a-peak-rated-spec-15	https://pozitronmarket.com/assets/products/PZTR-ESC-0015.jpg	in_stock	3900.00 TRY	Holybro	new	5433	no	TR:::Standart Kargo:0.00 TRY
PZTR-VTX-0024	Walksnail Avatar GT 2W Module (Active Airflow Channel Casing)	Orijinal Walksnail Avatar GT 2W Module (Active Airflow Channel Casing). Heavy Duty Thermal Dissipation teknik donanımıyla, hassas FPV dron montajları ve atölye projeleri için geliştirilmiştir. %100 doğrulanmış orijinal ürün.	https://pozitronmarket.com/products/walksnail-avatar-gt-2w-module-active-airflow-channel-casing-24	https://pozitronmarket.com/assets/products/PZTR-VTX-0024.jpg	in_stock	6200.00 TRY	Walksnail	new	5433	no	TR:::Standart Kargo:0.00 TRY
PZTR-VTX-0027	AKK FX2 Ultimate 1200mW (With Built-In Microphone)	Orijinal AKK FX2 Ultimate 1200mW (With Built-In Microphone). Live Motor Audio to Ground Station teknik donanımıyla, hassas FPV dron montajları ve atölye projeleri için geliştirilmiştir. %100 doğrulanmış orijinal ürün.	https://pozitronmarket.com/products/akk-fx2-ultimate-1200mw-with-built-in-microphone-27	https://pozitronmarket.com/assets/products/PZTR-VTX-0027.jpg	in_stock	1700.00 TRY	AKK	new	5433	no	TR:::Standart Kargo:0.00 TRY
PZTR-CAM-0007	Walksnail Avatar HD Pro Kit (With 32GB Internal Storage)	Orijinal Walksnail Avatar HD Pro Kit (With 32GB Internal Storage). Full Onboard 1080P HD Recording teknik donanımıyla, hassas FPV dron montajları ve atölye projeleri için geliştirilmiştir. %100 doğrulanmış orijinal ürün.	https://pozitronmarket.com/products/walksnail-avatar-hd-pro-kit-with-32gb-internal-storage-7	https://pozitronmarket.com/assets/products/PZTR-CAM-0007.jpg	in_stock	8450.00 TRY	Walksnail	new	5433	no	TR:::Standart Kargo:0.00 TRY
PZTR-FLC-0028	Happymodel Crazybee G473 AIO (Ultra-Lightweight 3.2 Grams)	Orijinal Happymodel Crazybee G473 AIO (Ultra-Lightweight 3.2 Grams). Featherweight 65mm Whoop King teknik donanımıyla, hassas FPV dron montajları ve atölye projeleri için geliştirilmiştir. %100 doğrulanmış orijinal ürün.	https://pozitronmarket.com/products/happymodel-crazybee-g473-aio-ultra-lightweight-3-2-grams-28	https://pozitronmarket.com/assets/products/PZTR-FLC-0028.jpg	in_stock	2400.00 TRY	Happymodel	new	5433	no	TR:::Standart Kargo:0.00 TRY
PZTR-FLC-0030	Happymodel Crazybee G473 AIO (With PH2.0 & BT2.0 Power Cable)	Orijinal Happymodel Crazybee G473 AIO (With PH2.0 & BT2.0 Power Cable). Low Resistance Battery Lead teknik donanımıyla, hassas FPV dron montajları ve atölye projeleri için geliştirilmiştir. %100 doğrulanmış orijinal ürün.	https://pozitronmarket.com/products/happymodel-crazybee-g473-aio-with-ph2-0-bt2-0-power-cable-30	https://pozitronmarket.com/assets/products/PZTR-FLC-0030.jpg	in_stock	2425.00 TRY	Happymodel	new	5433	no	TR:::Standart Kargo:0.00 TRY
PZTR-ANT-0022	Lumenier AXII 2 5.8GHz (LHCP SMA (Set of 2))	Orijinal Lumenier AXII 2 5.8GHz (LHCP SMA (Set of 2)). Digital FPV Ready Performance teknik donanımıyla, hassas FPV dron montajları ve atölye projeleri için geliştirilmiştir. %100 doğrulanmış orijinal ürün.	https://pozitronmarket.com/products/lumenier-axii-2-5-8ghz-lhcp-sma-set-of-2-22	https://pozitronmarket.com/assets/products/PZTR-ANT-0022.jpg	in_stock	1495.00 TRY	Lumenier	new	5433	no	TR:::Standart Kargo:99.00 TRY
PZTR-SCR-0009	Pozitron Hardware 304 Stainless M3 Hex Screws (M3 x 8mm Alyan Civata (10'lu Paket))	Orijinal Pozitron Hardware 304 Stainless M3 Hex Screws (M3 x 8mm Alyan Civata (10'lu Paket)). DIN 912 304 Paslanmaz Çelik / Motor & Kol Vida teknik donanımıyla, hassas FPV dron montajları ve atölye projeleri için geliştirilmiştir. %100 doğrulanmış orijinal ürün.	https://pozitronmarket.com/products/pozitron-hardware-304-stainless-m3-hex-screws-m3-x-8mm-alyan-civata-10-lu-paket-9	https://pozitronmarket.com/assets/products/PZTR-SCR-0009.jpg	in_stock	55.00 TRY	Pozitron Hardware	new	5433	no	TR:::Standart Kargo:99.00 TRY
PZTR-FRM-0006	GEPRC Mark5 O3 Freestyle (Wide X Geometry (O3 Optimized))	Orijinal GEPRC Mark5 O3 Freestyle (Wide X Geometry (O3 Optimized)). Aerospace Aluminum CNC Camera Cage teknik donanımıyla, hassas FPV dron montajları ve atölye projeleri için geliştirilmiştir. %100 doğrulanmış orijinal ürün.	https://pozitronmarket.com/products/geprc-mark5-o3-freestyle-wide-x-geometry-o3-optimized-6	https://pozitronmarket.com/assets/products/PZTR-FRM-0006.jpg	in_stock	3749.50 TRY	GEPRC	new	5433	no	TR:::Standart Kargo:0.00 TRY
PZTR-GPS-0023	Flywoo GOKU GM10 Nano GPS (With Flexible Silicone Wiring)	Orijinal Flywoo GOKU GM10 Nano GPS (With Flexible Silicone Wiring). Easy Routing in Tight Frames teknik donanımıyla, hassas FPV dron montajları ve atölye projeleri için geliştirilmiştir. %100 doğrulanmış orijinal ürün.	https://pozitronmarket.com/products/flywoo-goku-gm10-nano-gps-with-flexible-silicone-wiring-23	https://pozitronmarket.com/assets/products/PZTR-GPS-0023.jpg	in_stock	1225.00 TRY	Flywoo	new	5433	no	TR:::Standart Kargo:99.00 TRY
PZTR-ESC-0002	SpeedyBee F405 V4 55A 4in1 (Burst 70A Heavy Duty)	Orijinal SpeedyBee F405 V4 55A 4in1 (Burst 70A Heavy Duty). Copper PCB Upgrade teknik donanımıyla, hassas FPV dron montajları ve atölye projeleri için geliştirilmiştir. %100 doğrulanmış orijinal ürün.	https://pozitronmarket.com/products/speedybee-f405-v4-55a-4in1-burst-70a-heavy-duty-2	https://pozitronmarket.com/assets/products/PZTR-ESC-0002.jpg	in_stock	2499.50 TRY	SpeedyBee	new	5433	no	TR:::Standart Kargo:0.00 TRY
PZTR-PRP-0025	Gemfan Flash 7040 Tri-Blade (Fleet Pack (24 Props))	Orijinal Gemfan Flash 7040 Tri-Blade (Fleet Pack (24 Props)). 6 Complete Sets for Long Range teknik donanımıyla, hassas FPV dron montajları ve atölye projeleri için geliştirilmiştir. %100 doğrulanmış orijinal ürün.	https://pozitronmarket.com/products/gemfan-flash-7040-tri-blade-fleet-pack-24-props-25	https://pozitronmarket.com/assets/products/PZTR-PRP-0025.jpg	in_stock	1400.00 TRY	Gemfan	new	5433	no	TR:::Standart Kargo:99.00 TRY
PZTR-MOT-0043	AxisFlying C2807 Long Range (1700KV)	Orijinal AxisFlying C2807 Long Range (1700KV). Matte Black teknik donanımıyla, hassas FPV dron montajları ve atölye projeleri için geliştirilmiştir. %100 doğrulanmış orijinal ürün.	https://pozitronmarket.com/products/axisflying-c2807-long-range-1700kv-43	https://pozitronmarket.com/assets/products/PZTR-MOT-0043.jpg	in_stock	1595.00 TRY	AxisFlying	new	5433	no	TR:::Standart Kargo:0.00 TRY
PZTR-ESC-0022	Flywoo GOKU G45M 45A AIO (Ultra-Thin Heatsink Spec)	Orijinal Flywoo GOKU G45M 45A AIO (Ultra-Thin Heatsink Spec). Cinewhoop Low Profile Fit teknik donanımıyla, hassas FPV dron montajları ve atölye projeleri için geliştirilmiştir. %100 doğrulanmış orijinal ürün.	https://pozitronmarket.com/products/flywoo-goku-g45m-45a-aio-ultra-thin-heatsink-spec-22	https://pozitronmarket.com/assets/products/PZTR-ESC-0022.jpg	in_stock	2875.00 TRY	Flywoo	new	5433	no	TR:::Standart Kargo:0.00 TRY
PZTR-BAT-0035	Tattu FunFly 1300mAh 6S (Low Resistance 12AWG Leads)	Orijinal Tattu FunFly 1300mAh 6S (Low Resistance 12AWG Leads). Fast Amp Discharge Ready teknik donanımıyla, hassas FPV dron montajları ve atölye projeleri için geliştirilmiştir. %100 doğrulanmış orijinal ürün.	https://pozitronmarket.com/products/tattu-funfly-1300mah-6s-low-resistance-12awg-leads-35	https://pozitronmarket.com/assets/products/PZTR-BAT-0035.jpg	in_stock	1460.00 TRY	Tattu	new	5433	no	TR:::Standart Kargo:99.00 TRY
PZTR-INS-0005	Ktehloy Brass Heat-Set Threaded Inserts (M2.5 x 5.0mm (10'lu Paket))	Orijinal Ktehloy Brass Heat-Set Threaded Inserts (M2.5 x 5.0mm (10'lu Paket)). 45° Spiral Tırtıklı Pirinç / 2.5 İnç Yapılar teknik donanımıyla, hassas FPV dron montajları ve atölye projeleri için geliştirilmiştir. %100 doğrulanmış orijinal ürün.	https://pozitronmarket.com/products/ktehloy-brass-heat-set-threaded-inserts-m2-5-x-5-0mm-10-lu-paket-5	https://pozitronmarket.com/assets/products/PZTR-INS-0005.jpg	in_stock	75.00 TRY	Ktehloy	new	5433	no	TR:::Standart Kargo:99.00 TRY
PZTR-SCR-0021	Pozitron Hardware 304 Stainless M4 & M5 Fasteners (M4 Paslanmaz Somun & Pul (10'lu Set))	Orijinal Pozitron Hardware 304 Stainless M4 & M5 Fasteners (M4 Paslanmaz Somun & Pul (10'lu Set)). 304 Paslanmaz Çelik M4 Donanım teknik donanımıyla, hassas FPV dron montajları ve atölye projeleri için geliştirilmiştir. %100 doğrulanmış orijinal ürün.	https://pozitronmarket.com/products/pozitron-hardware-304-stainless-m4-m5-fasteners-m4-paslanmaz-somun-pul-10-lu-set-21	https://pozitronmarket.com/assets/products/PZTR-SCR-0021.jpg	in_stock	60.00 TRY	Pozitron Hardware	new	5433	no	TR:::Standart Kargo:99.00 TRY
PZTR-FLC-0001	SpeedyBee F405 V4 Master FC (Standard 30x30 Bluetooth FC)	Orijinal SpeedyBee F405 V4 Master FC (Standard 30x30 Bluetooth FC). Wireless Betaflight Config via App teknik donanımıyla, hassas FPV dron montajları ve atölye projeleri için geliştirilmiştir. %100 doğrulanmış orijinal ürün.	https://pozitronmarket.com/products/speedybee-f405-v4-master-fc-standard-30x30-bluetooth-fc-1	https://pozitronmarket.com/assets/products/PZTR-FLC-0001.jpg	in_stock	2149.50 TRY	SpeedyBee	new	5433	no	TR:::Standart Kargo:0.00 TRY
PZTR-PRP-0023	Gemfan Flash 7040 Tri-Blade (Reinforced 7040 Carbon-Poly)	Orijinal Gemfan Flash 7040 Tri-Blade (Reinforced 7040 Carbon-Poly). High Altitude Heavy Payload teknik donanımıyla, hassas FPV dron montajları ve atölye projeleri için geliştirilmiştir. %100 doğrulanmış orijinal ürün.	https://pozitronmarket.com/products/gemfan-flash-7040-tri-blade-reinforced-7040-carbon-poly-23	https://pozitronmarket.com/assets/products/PZTR-PRP-0023.jpg	in_stock	275.00 TRY	Gemfan	new	5433	no	TR:::Standart Kargo:99.00 TRY
PZTR-VTX-0022	Walksnail Avatar GT 2W Module (With 32GB MicroSD High Speed)	Orijinal Walksnail Avatar GT 2W Module (With 32GB MicroSD High Speed). Standalone 1080P DVR Recording teknik donanımıyla, hassas FPV dron montajları ve atölye projeleri için geliştirilmiştir. %100 doğrulanmış orijinal ürün.	https://pozitronmarket.com/products/walksnail-avatar-gt-2w-module-with-32gb-microsd-high-speed-22	https://pozitronmarket.com/assets/products/PZTR-VTX-0022.jpg	in_stock	6450.00 TRY	Walksnail	new	5433	no	TR:::Standart Kargo:0.00 TRY
PZTR-SCR-0010	Pozitron Hardware 304 Stainless M3 Hex Screws (M3 x 10mm Alyan Civata (10'lu Paket))	Orijinal Pozitron Hardware 304 Stainless M3 Hex Screws (M3 x 10mm Alyan Civata (10'lu Paket)). DIN 912 304 Paslanmaz Çelik / Kol Bağlantı teknik donanımıyla, hassas FPV dron montajları ve atölye projeleri için geliştirilmiştir. %100 doğrulanmış orijinal ürün.	https://pozitronmarket.com/products/pozitron-hardware-304-stainless-m3-hex-screws-m3-x-10mm-alyan-civata-10-lu-paket-10	https://pozitronmarket.com/assets/products/PZTR-SCR-0010.jpg	in_stock	60.00 TRY	Pozitron Hardware	new	5433	no	TR:::Standart Kargo:99.00 TRY
PZTR-TXR-0030	BetaFPV SuperD ELRS 2.4G (Twin Pack Fleet Bundle)	Orijinal BetaFPV SuperD ELRS 2.4G (Twin Pack Fleet Bundle). 2 Complete Diversity Receivers teknik donanımıyla, hassas FPV dron montajları ve atölye projeleri için geliştirilmiştir. %100 doğrulanmış orijinal ürün.	https://pozitronmarket.com/products/betafpv-superd-elrs-2-4g-twin-pack-fleet-bundle-30	https://pozitronmarket.com/assets/products/PZTR-TXR-0030.jpg	in_stock	1900.00 TRY	BetaFPV	new	5433	no	TR:::Standart Kargo:0.00 TRY
PZTR-FLC-0032	iFlight Blitz F7 Pro FC (Dual HD/Analog Camera Port)	Orijinal iFlight Blitz F7 Pro FC (Dual HD/Analog Camera Port). Camera Control via OSD teknik donanımıyla, hassas FPV dron montajları ve atölye projeleri için geliştirilmiştir. %100 doğrulanmış orijinal ürün.	https://pozitronmarket.com/products/iflight-blitz-f7-pro-fc-dual-hd-analog-camera-port-32	https://pozitronmarket.com/assets/products/PZTR-FLC-0032.jpg	in_stock	3175.00 TRY	iFlight	new	5433	no	TR:::Standart Kargo:0.00 TRY
PZTR-GPS-0002	Matek Systems M10-5883 High Precision GPS (With Patch Antenna & Ceramic Plate)	Orijinal Matek Systems M10-5883 High Precision GPS (With Patch Antenna & Ceramic Plate). Fast 15-Second Cold Lock Spec teknik donanımıyla, hassas FPV dron montajları ve atölye projeleri için geliştirilmiştir. %100 doğrulanmış orijinal ürün.	https://pozitronmarket.com/products/matek-systems-m10-5883-high-precision-gps-with-patch-antenna-ceramic-plate-2	https://pozitronmarket.com/assets/products/PZTR-GPS-0002.jpg	in_stock	1575.00 TRY	Matek Systems	new	5433	no	TR:::Standart Kargo:0.00 TRY
PZTR-CNV-0027	Matek Systems FCHUB-12S Power Hub (With 5A Continuous BEC Output)	Orijinal Matek Systems FCHUB-12S Power Hub (With 5A Continuous BEC Output). Powers Large Pan-Tilt Servos teknik donanımıyla, hassas FPV dron montajları ve atölye projeleri için geliştirilmiştir. %100 doğrulanmış orijinal ürün.	https://pozitronmarket.com/products/matek-systems-fchub-12s-power-hub-with-5a-continuous-bec-output-27	https://pozitronmarket.com/assets/products/PZTR-CNV-0027.jpg	in_stock	1075.00 TRY	Matek Systems	new	5433	no	TR:::Standart Kargo:99.00 TRY
PZTR-CAM-0031	Caddx Ant Nano 1200TVL (Standard 1.8mm Lens (4:3))	Orijinal Caddx Ant Nano 1200TVL (Standard 1.8mm Lens (4:3)). Weighs Only 2.0 Grams / 1200TVL teknik donanımıyla, hassas FPV dron montajları ve atölye projeleri için geliştirilmiştir. %100 doğrulanmış orijinal ürün.	https://pozitronmarket.com/products/caddx-ant-nano-1200tvl-standard-1-8mm-lens-4-3-31	https://pozitronmarket.com/assets/products/PZTR-CAM-0031.jpg	in_stock	995.00 TRY	Caddx	new	5433	no	TR:::Standart Kargo:99.00 TRY
PZTR-ESC-0024	Flywoo GOKU G45M 45A AIO (Includes Low-ESR 35V Cap)	Orijinal Flywoo GOKU G45M 45A AIO (Includes Low-ESR 35V Cap). Clean O3 Video Feed Spec teknik donanımıyla, hassas FPV dron montajları ve atölye projeleri için geliştirilmiştir. %100 doğrulanmış orijinal ürün.	https://pozitronmarket.com/products/flywoo-goku-g45m-45a-aio-includes-low-esr-35v-cap-24	https://pozitronmarket.com/assets/products/PZTR-ESC-0024.jpg	in_stock	2900.00 TRY	Flywoo	new	5433	no	TR:::Standart Kargo:0.00 TRY
PZTR-FRM-0015	TBS Source One V5 (Twin Pack Frame Bundle)	Orijinal TBS Source One V5 (Twin Pack Frame Bundle). Build Two Identical Freestyle Quads teknik donanımıyla, hassas FPV dron montajları ve atölye projeleri için geliştirilmiştir. %100 doğrulanmış orijinal ürün.	https://pozitronmarket.com/products/tbs-source-one-v5-twin-pack-frame-bundle-15	https://pozitronmarket.com/assets/products/PZTR-FRM-0015.jpg	in_stock	2750.00 TRY	TBS	new	5433	no	TR:::Standart Kargo:0.00 TRY
PZTR-PRP-0004	Gemfan Hurricane 51466 V2 (Fluor Green)	Orijinal Gemfan Hurricane 51466 V2 (Fluor Green). Fast Spotting Race Finish teknik donanımıyla, hassas FPV dron montajları ve atölye projeleri için geliştirilmiştir. %100 doğrulanmış orijinal ürün.	https://pozitronmarket.com/products/gemfan-hurricane-51466-v2-fluor-green-4	https://pozitronmarket.com/assets/products/PZTR-PRP-0004.jpg	in_stock	199.50 TRY	Gemfan	new	5433	no	TR:::Standart Kargo:99.00 TRY
PZTR-BAT-0005	Tattu R-Line V5.0 1400mAh (With High Grip Kevlar Strap)	Orijinal Tattu R-Line V5.0 1400mAh (With High Grip Kevlar Strap). Non-Slip Battery Retention teknik donanımıyla, hassas FPV dron montajları ve atölye projeleri için geliştirilmiştir. %100 doğrulanmış orijinal ürün.	https://pozitronmarket.com/products/tattu-r-line-v5-0-1400mah-with-high-grip-kevlar-strap-5	https://pozitronmarket.com/assets/products/PZTR-BAT-0005.jpg	in_stock	2225.00 TRY	Tattu	new	5433	no	TR:::Standart Kargo:0.00 TRY
PZTR-MOT-0026	BrotherHobby Avenger V3 2306.5 (1750KV)	Orijinal BrotherHobby Avenger V3 2306.5 (1750KV). Titanium Black Bell teknik donanımıyla, hassas FPV dron montajları ve atölye projeleri için geliştirilmiştir. %100 doğrulanmış orijinal ürün.	https://pozitronmarket.com/products/brotherhobby-avenger-v3-2306-5-1750kv-26	https://pozitronmarket.com/assets/products/PZTR-MOT-0026.jpg	in_stock	1399.50 TRY	BrotherHobby	new	5433	no	TR:::Standart Kargo:99.00 TRY
PZTR-CNV-0022	RadioMaster ERS-CU01 Current Sensor (With Pre-Tinned 10AWG Leads)	Orijinal RadioMaster ERS-CU01 Current Sensor (With Pre-Tinned 10AWG Leads). High Amp Racing Connections teknik donanımıyla, hassas FPV dron montajları ve atölye projeleri için geliştirilmiştir. %100 doğrulanmış orijinal ürün.	https://pozitronmarket.com/products/radiomaster-ers-cu01-current-sensor-with-pre-tinned-10awg-leads-22	https://pozitronmarket.com/assets/products/PZTR-CNV-0022.jpg	in_stock	875.00 TRY	RadioMaster	new	5433	no	TR:::Standart Kargo:99.00 TRY
PZTR-BAT-0016	ISDT K4 Smart Dual Charger (AC 400W / DC 600W Dual Output)	Orijinal ISDT K4 Smart Dual Charger (AC 400W / DC 600W Dual Output). Charges 2 LiPo Batteries Simultaneously teknik donanımıyla, hassas FPV dron montajları ve atölye projeleri için geliştirilmiştir. %100 doğrulanmış orijinal ürün.	https://pozitronmarket.com/products/isdt-k4-smart-dual-charger-ac-400w-dc-600w-dual-output-16	https://pozitronmarket.com/assets/products/PZTR-BAT-0016.jpg	in_stock	7450.00 TRY	ISDT	new	5433	no	TR:::Standart Kargo:0.00 TRY
PZTR-PRP-0010	HQProp Ethix S3 Watermelon (Bulk Pack (24 Props))	Orijinal HQProp Ethix S3 Watermelon (Bulk Pack (24 Props)). 6 Full Sets of Watermelon S3 teknik donanımıyla, hassas FPV dron montajları ve atölye projeleri için geliştirilmiştir. %100 doğrulanmış orijinal ürün.	https://pozitronmarket.com/products/hqprop-ethix-s3-watermelon-bulk-pack-24-props-10	https://pozitronmarket.com/assets/products/PZTR-PRP-0010.jpg	in_stock	1125.00 TRY	HQProp	new	5433	no	TR:::Standart Kargo:99.00 TRY
PZTR-MOT-0016	iFlight XING-E Pro 2207 (1800KV)	Orijinal iFlight XING-E Pro 2207 (1800KV). Black/Red Unibell teknik donanımıyla, hassas FPV dron montajları ve atölye projeleri için geliştirilmiştir. %100 doğrulanmış orijinal ürün.	https://pozitronmarket.com/products/iflight-xing-e-pro-2207-1800kv-16	https://pozitronmarket.com/assets/products/PZTR-MOT-0016.jpg	in_stock	849.50 TRY	iFlight	new	5433	no	TR:::Standart Kargo:99.00 TRY
PZTR-BAT-0023	ISDT 608AC Pocket Charger (With Parallel Charging Board)	Orijinal ISDT 608AC Pocket Charger (With Parallel Charging Board). Charge 4 Whoop/Freestyle Packs teknik donanımıyla, hassas FPV dron montajları ve atölye projeleri için geliştirilmiştir. %100 doğrulanmış orijinal ürün.	https://pozitronmarket.com/products/isdt-608ac-pocket-charger-with-parallel-charging-board-23	https://pozitronmarket.com/assets/products/PZTR-BAT-0023.jpg	in_stock	3495.00 TRY	ISDT	new	5433	no	TR:::Standart Kargo:0.00 TRY
PZTR-TOO-0030	Vifly Finder 2 Autonomous Buzzer (With TPU Arm Mounting Sleeve)	Orijinal Vifly Finder 2 Autonomous Buzzer (With TPU Arm Mounting Sleeve). Protective Carbon Mount teknik donanımıyla, hassas FPV dron montajları ve atölye projeleri için geliştirilmiştir. %100 doğrulanmış orijinal ürün.	https://pozitronmarket.com/products/vifly-finder-2-autonomous-buzzer-with-tpu-arm-mounting-sleeve-30	https://pozitronmarket.com/assets/products/PZTR-TOO-0030.jpg	in_stock	800.00 TRY	Vifly	new	5433	no	TR:::Standart Kargo:99.00 TRY
PZTR-INS-0002	Ktehloy Brass Heat-Set Threaded Inserts (M2 x 3.0mm (10'lu Paket))	Orijinal Ktehloy Brass Heat-Set Threaded Inserts (M2 x 3.0mm (10'lu Paket)). 45° Spiral Tırtıklı Pirinç / Whoop & Mikro Kamera teknik donanımıyla, hassas FPV dron montajları ve atölye projeleri için geliştirilmiştir. %100 doğrulanmış orijinal ürün.	https://pozitronmarket.com/products/ktehloy-brass-heat-set-threaded-inserts-m2-x-3-0mm-10-lu-paket-2	https://pozitronmarket.com/assets/products/PZTR-INS-0002.jpg	in_stock	60.00 TRY	Ktehloy	new	5433	no	TR:::Standart Kargo:99.00 TRY
PZTR-MOT-0044	AxisFlying C2807 Long Range (1300KV (4-Pack))	Orijinal AxisFlying C2807 Long Range (1300KV (4-Pack)). Matte Black Set of 4 teknik donanımıyla, hassas FPV dron montajları ve atölye projeleri için geliştirilmiştir. %100 doğrulanmış orijinal ürün.	https://pozitronmarket.com/products/axisflying-c2807-long-range-1300kv-4-pack-44	https://pozitronmarket.com/assets/products/PZTR-MOT-0044.jpg	in_stock	6100.00 TRY	AxisFlying	new	5433	no	TR:::Standart Kargo:0.00 TRY
PZTR-BAT-0013	Lumenier NAV 21700 8000mAh (Genuine Samsung 40T Cells)	Orijinal Lumenier NAV 21700 8000mAh (Genuine Samsung 40T Cells). High Energy Density Chemistry teknik donanımıyla, hassas FPV dron montajları ve atölye projeleri için geliştirilmiştir. %100 doğrulanmış orijinal ürün.	https://pozitronmarket.com/products/lumenier-nav-21700-8000mah-genuine-samsung-40t-cells-13	https://pozitronmarket.com/assets/products/PZTR-BAT-0013.jpg	in_stock	4900.00 TRY	Lumenier	new	5433	no	TR:::Standart Kargo:0.00 TRY
PZTR-BAT-0012	Lumenier NAV 21700 8000mAh (With XT90 High Current Connector)	Orijinal Lumenier NAV 21700 8000mAh (With XT90 High Current Connector). Zero Pin Heating on Heavy Lift teknik donanımıyla, hassas FPV dron montajları ve atölye projeleri için geliştirilmiştir. %100 doğrulanmış orijinal ürün.	https://pozitronmarket.com/products/lumenier-nav-21700-8000mah-with-xt90-high-current-connector-12	https://pozitronmarket.com/assets/products/PZTR-BAT-0012.jpg	in_stock	4700.00 TRY	Lumenier	new	5433	no	TR:::Standart Kargo:0.00 TRY
PZTR-ESC-0026	Skystars AM32 KM45A Mini (Standard 45A Mini)	Orijinal Skystars AM32 KM45A Mini (Standard 45A Mini). Native AM32 Telemetry Engine teknik donanımıyla, hassas FPV dron montajları ve atölye projeleri için geliştirilmiştir. %100 doğrulanmış orijinal ürün.	https://pozitronmarket.com/products/skystars-am32-km45a-mini-standard-45a-mini-26	https://pozitronmarket.com/assets/products/PZTR-ESC-0026.jpg	in_stock	2125.00 TRY	Skystars	new	5433	no	TR:::Standart Kargo:0.00 TRY
PZTR-CNV-0029	Matek Systems FCHUB-12S Power Hub (Industrial UAV Spec Board)	Orijinal Matek Systems FCHUB-12S Power Hub (Industrial UAV Spec Board). Heavy 6oz Copper Core teknik donanımıyla, hassas FPV dron montajları ve atölye projeleri için geliştirilmiştir. %100 doğrulanmış orijinal ürün.	https://pozitronmarket.com/products/matek-systems-fchub-12s-power-hub-industrial-uav-spec-board-29	https://pozitronmarket.com/assets/products/PZTR-CNV-0029.jpg	in_stock	1200.00 TRY	Matek Systems	new	5433	no	TR:::Standart Kargo:99.00 TRY
PZTR-MOT-0034	GEPRC SPEEDX2 2107.5 (1960KV (4-Pack))	Orijinal GEPRC SPEEDX2 2107.5 (1960KV (4-Pack)). Space Grey Set of 4 teknik donanımıyla, hassas FPV dron montajları ve atölye projeleri için geliştirilmiştir. %100 doğrulanmış orijinal ürün.	https://pozitronmarket.com/products/geprc-speedx2-2107-5-1960kv-4-pack-34	https://pozitronmarket.com/assets/products/PZTR-MOT-0034.jpg	in_stock	4100.00 TRY	GEPRC	new	5433	no	TR:::Standart Kargo:0.00 TRY
PZTR-GPS-0019	Holybro Micro M10 GPS (Compact 12g Carbon Pod Mount)	Orijinal Holybro Micro M10 GPS (Compact 12g Carbon Pod Mount). Lightweight Long Range Mount teknik donanımıyla, hassas FPV dron montajları ve atölye projeleri için geliştirilmiştir. %100 doğrulanmış orijinal ürün.	https://pozitronmarket.com/products/holybro-micro-m10-gps-compact-12g-carbon-pod-mount-19	https://pozitronmarket.com/assets/products/PZTR-GPS-0019.jpg	in_stock	1950.00 TRY	Holybro	new	5433	no	TR:::Standart Kargo:0.00 TRY
PZTR-TXR-0003	RadioMaster TX16S MKII MAX (AG01 Full CNC Hall Gimbals Edition)	Orijinal RadioMaster TX16S MKII MAX (AG01 Full CNC Hall Gimbals Edition). Aviation Grade Precision Bearing Feel teknik donanımıyla, hassas FPV dron montajları ve atölye projeleri için geliştirilmiştir. %100 doğrulanmış orijinal ürün.	https://pozitronmarket.com/products/radiomaster-tx16s-mkii-max-ag01-full-cnc-hall-gimbals-edition-3	https://pozitronmarket.com/assets/products/PZTR-TXR-0003.jpg	in_stock	19450.00 TRY	RadioMaster	new	5433	no	TR:::Standart Kargo:0.00 TRY
PZTR-MOT-0038	Flywoo ROBO RB 1202.5 (14800KV)	Orijinal Flywoo ROBO RB 1202.5 (14800KV). Gold/Purple Anodized teknik donanımıyla, hassas FPV dron montajları ve atölye projeleri için geliştirilmiştir. %100 doğrulanmış orijinal ürün.	https://pozitronmarket.com/products/flywoo-robo-rb-1202-5-14800kv-38	https://pozitronmarket.com/assets/products/PZTR-MOT-0038.jpg	in_stock	660.00 TRY	Flywoo	new	5433	no	TR:::Standart Kargo:99.00 TRY
PZTR-CAM-0002	DJI O3 Air Unit Digital HD (With 3D TPU Mount Set)	Orijinal DJI O3 Air Unit Digital HD (With 3D TPU Mount Set). Universal 5-Inch Freestyle Fit teknik donanımıyla, hassas FPV dron montajları ve atölye projeleri için geliştirilmiştir. %100 doğrulanmış orijinal ürün.	https://pozitronmarket.com/products/dji-o3-air-unit-digital-hd-with-3d-tpu-mount-set-2	https://pozitronmarket.com/assets/products/PZTR-CAM-0002.jpg	in_stock	11950.00 TRY	DJI	new	5433	no	TR:::Standart Kargo:0.00 TRY
PZTR-VTX-0007	Foxeer Reaper Extreme 2.5W (CNC Aluminum Full Enclosure)	Orijinal Foxeer Reaper Extreme 2.5W (CNC Aluminum Full Enclosure). Extreme Passive & Airflow Cooling teknik donanımıyla, hassas FPV dron montajları ve atölye projeleri için geliştirilmiştir. %100 doğrulanmış orijinal ürün.	https://pozitronmarket.com/products/foxeer-reaper-extreme-2-5w-cnc-aluminum-full-enclosure-7	https://pozitronmarket.com/assets/products/PZTR-VTX-0007.jpg	in_stock	3200.00 TRY	Foxeer	new	5433	no	TR:::Standart Kargo:0.00 TRY
PZTR-MOT-0027	BrotherHobby Avenger V3 2306.5 (1950KV)	Orijinal BrotherHobby Avenger V3 2306.5 (1950KV). Titanium Black Bell teknik donanımıyla, hassas FPV dron montajları ve atölye projeleri için geliştirilmiştir. %100 doğrulanmış orijinal ürün.	https://pozitronmarket.com/products/brotherhobby-avenger-v3-2306-5-1950kv-27	https://pozitronmarket.com/assets/products/PZTR-MOT-0027.jpg	in_stock	1399.50 TRY	BrotherHobby	new	5433	no	TR:::Standart Kargo:99.00 TRY
PZTR-GPS-0005	Matek Systems M10-5883 High Precision GPS (Twin Pack Fleet Bundle)	Orijinal Matek Systems M10-5883 High Precision GPS (Twin Pack Fleet Bundle). 2 Complete M10-5883 Units teknik donanımıyla, hassas FPV dron montajları ve atölye projeleri için geliştirilmiştir. %100 doğrulanmış orijinal ürün.	https://pozitronmarket.com/products/matek-systems-m10-5883-high-precision-gps-twin-pack-fleet-bundle-5	https://pozitronmarket.com/assets/products/PZTR-GPS-0005.jpg	in_stock	2700.00 TRY	Matek Systems	new	5433	no	TR:::Standart Kargo:0.00 TRY
PZTR-SCR-0006	Pozitron Hardware 304 Stainless M2 Hex Screws (M2 Paslanmaz Somun & Pul (10'lu Set))	Orijinal Pozitron Hardware 304 Stainless M2 Hex Screws (M2 Paslanmaz Somun & Pul (10'lu Set)). Altıgen Somun + Düz Pul 304 Paslanmaz Çelik teknik donanımıyla, hassas FPV dron montajları ve atölye projeleri için geliştirilmiştir. %100 doğrulanmış orijinal ürün.	https://pozitronmarket.com/products/pozitron-hardware-304-stainless-m2-hex-screws-m2-paslanmaz-somun-pul-10-lu-set-6	https://pozitronmarket.com/assets/products/PZTR-SCR-0006.jpg	in_stock	40.00 TRY	Pozitron Hardware	new	5433	no	TR:::Standart Kargo:99.00 TRY
PZTR-TXR-0013	RadioMaster Pocket EdgeTX (Transparent Clear (ELRS 2.4G))	Orijinal RadioMaster Pocket EdgeTX (Transparent Clear (ELRS 2.4G)). Retro Cyber Visual Architecture teknik donanımıyla, hassas FPV dron montajları ve atölye projeleri için geliştirilmiştir. %100 doğrulanmış orijinal ürün.	https://pozitronmarket.com/products/radiomaster-pocket-edgetx-transparent-clear-elrs-2-4g-13	https://pozitronmarket.com/assets/products/PZTR-TXR-0013.jpg	in_stock	3375.00 TRY	RadioMaster	new	5433	no	TR:::Standart Kargo:0.00 TRY
PZTR-CAM-0006	Walksnail Avatar HD Pro Kit (Standard Avatar HD Pro Kit)	Orijinal Walksnail Avatar HD Pro Kit (Standard Avatar HD Pro Kit). Sony Starvis Night Vision Sensor teknik donanımıyla, hassas FPV dron montajları ve atölye projeleri için geliştirilmiştir. %100 doğrulanmış orijinal ürün.	https://pozitronmarket.com/products/walksnail-avatar-hd-pro-kit-standard-avatar-hd-pro-kit-6	https://pozitronmarket.com/assets/products/PZTR-CAM-0006.jpg	in_stock	7950.00 TRY	Walksnail	new	5433	no	TR:::Standart Kargo:0.00 TRY
PZTR-TXR-0022	TBS Crossfire Nano RX Pro (With Immortal T V2 Antenna)	Orijinal TBS Crossfire Nano RX Pro (With Immortal T V2 Antenna). High Durability Carbon Standoff Mount teknik donanımıyla, hassas FPV dron montajları ve atölye projeleri için geliştirilmiştir. %100 doğrulanmış orijinal ürün.	https://pozitronmarket.com/products/tbs-crossfire-nano-rx-pro-with-immortal-t-v2-antenna-22	https://pozitronmarket.com/assets/products/PZTR-TXR-0022.jpg	in_stock	1675.00 TRY	TBS	new	5433	no	TR:::Standart Kargo:0.00 TRY
PZTR-MOT-0003	T-Motor F60 PRO V (2020KV)	Orijinal T-Motor F60 PRO V (2020KV). Teal Blue teknik donanımıyla, hassas FPV dron montajları ve atölye projeleri için geliştirilmiştir. %100 doğrulanmış orijinal ürün.	https://pozitronmarket.com/products/t-motor-f60-pro-v-2020kv-3	https://pozitronmarket.com/assets/products/PZTR-MOT-0003.jpg	in_stock	1425.00 TRY	T-Motor	new	5433	no	TR:::Standart Kargo:99.00 TRY
PZTR-INS-0015	Ktehloy 400Pcs Brass Heat Set Inserts Kit (400 Parça Set + Çakma Ucu)	Orijinal Ktehloy 400Pcs Brass Heat Set Inserts Kit (400 Parça Set + Çakma Ucu). Havya Çakma Ucu Adaptörü Dahil Komple Atölye Paketi teknik donanımıyla, hassas FPV dron montajları ve atölye projeleri için geliştirilmiştir. %100 doğrulanmış orijinal ürün.	https://pozitronmarket.com/products/ktehloy-400pcs-brass-heat-set-inserts-kit-400-par-a-set-akma-ucu-15	https://pozitronmarket.com/assets/products/PZTR-INS-0015.jpg	in_stock	1225.00 TRY	Ktehloy	new	5433	no	TR:::Standart Kargo:99.00 TRY
PZTR-MOT-0045	AxisFlying C2807 Long Range (1500KV (4-Pack))	Orijinal AxisFlying C2807 Long Range (1500KV (4-Pack)). Matte Black Set of 4 teknik donanımıyla, hassas FPV dron montajları ve atölye projeleri için geliştirilmiştir. %100 doğrulanmış orijinal ürün.	https://pozitronmarket.com/products/axisflying-c2807-long-range-1500kv-4-pack-45	https://pozitronmarket.com/assets/products/PZTR-MOT-0045.jpg	in_stock	6100.00 TRY	AxisFlying	new	5433	no	TR:::Standart Kargo:0.00 TRY
PZTR-VTX-0028	AKK FX2 Ultimate 1200mW (With Aluminum Cooling Jacket)	Orijinal AKK FX2 Ultimate 1200mW (With Aluminum Cooling Jacket). Stable Full Output in Static Hover teknik donanımıyla, hassas FPV dron montajları ve atölye projeleri için geliştirilmiştir. %100 doğrulanmış orijinal ürün.	https://pozitronmarket.com/products/akk-fx2-ultimate-1200mw-with-aluminum-cooling-jacket-28	https://pozitronmarket.com/assets/products/PZTR-VTX-0028.jpg	in_stock	1775.00 TRY	AKK	new	5433	no	TR:::Standart Kargo:0.00 TRY
PZTR-ANT-0019	TrueRC Matchstick 5.8GHz (Angle MMCX 90°)	Orijinal TrueRC Matchstick 5.8GHz (Angle MMCX 90°). Fits Inside Tight Top Plates teknik donanımıyla, hassas FPV dron montajları ve atölye projeleri için geliştirilmiştir. %100 doğrulanmış orijinal ürün.	https://pozitronmarket.com/products/truerc-matchstick-5-8ghz-angle-mmcx-90-19	https://pozitronmarket.com/assets/products/PZTR-ANT-0019.jpg	in_stock	825.00 TRY	TrueRC	new	5433	no	TR:::Standart Kargo:99.00 TRY
PZTR-ESC-0013	Holybro Tekko32 F4 4in1 50A (Burst 65A Extreme Spec)	Orijinal Holybro Tekko32 F4 4in1 50A (Burst 65A Extreme Spec). Heavy Gauge 12AWG Power Leads teknik donanımıyla, hassas FPV dron montajları ve atölye projeleri için geliştirilmiştir. %100 doğrulanmış orijinal ürün.	https://pozitronmarket.com/products/holybro-tekko32-f4-4in1-50a-burst-65a-extreme-spec-13	https://pozitronmarket.com/assets/products/PZTR-ESC-0013.jpg	in_stock	3825.00 TRY	Holybro	new	5433	no	TR:::Standart Kargo:0.00 TRY
PZTR-ESC-0033	TBS PowerCube 60A 4in1 (High Burst 80A Racing Spec)	Orijinal TBS PowerCube 60A 4in1 (High Burst 80A Racing Spec). Low Internal Resistance FETs teknik donanımıyla, hassas FPV dron montajları ve atölye projeleri için geliştirilmiştir. %100 doğrulanmış orijinal ürün.	https://pozitronmarket.com/products/tbs-powercube-60a-4in1-high-burst-80a-racing-spec-33	https://pozitronmarket.com/assets/products/PZTR-ESC-0033.jpg	in_stock	4825.00 TRY	TBS	new	5433	no	TR:::Standart Kargo:0.00 TRY
PZTR-SCR-0015	Pozitron Hardware 304 Stainless M3 Hex Screws (M3 x 30mm Alyan Civata (10'lu Paket))	Orijinal Pozitron Hardware 304 Stainless M3 Hex Screws (M3 x 30mm Alyan Civata (10'lu Paket)). DIN 912 304 Paslanmaz Çelik / Ekstra Uzun Montaj teknik donanımıyla, hassas FPV dron montajları ve atölye projeleri için geliştirilmiştir. %100 doğrulanmış orijinal ürün.	https://pozitronmarket.com/products/pozitron-hardware-304-stainless-m3-hex-screws-m3-x-30mm-alyan-civata-10-lu-paket-15	https://pozitronmarket.com/assets/products/PZTR-SCR-0015.jpg	in_stock	90.00 TRY	Pozitron Hardware	new	5433	no	TR:::Standart Kargo:99.00 TRY
PZTR-PRP-0039	Gemfan Micro 31mm 4-Blade (4 Sets Mega Pack (16 Props))	Orijinal Gemfan Micro 31mm 4-Blade (4 Sets Mega Pack (16 Props)). Indoor Whoop Crash Spares teknik donanımıyla, hassas FPV dron montajları ve atölye projeleri için geliştirilmiştir. %100 doğrulanmış orijinal ürün.	https://pozitronmarket.com/products/gemfan-micro-31mm-4-blade-4-sets-mega-pack-16-props-39	https://pozitronmarket.com/assets/products/PZTR-PRP-0039.jpg	in_stock	495.00 TRY	Gemfan	new	5433	no	TR:::Standart Kargo:99.00 TRY
PZTR-PRP-0030	Gemfan Flash 5152 2-Blade (Track Pack (24 Props))	Orijinal Gemfan Flash 5152 2-Blade (Track Pack (24 Props)). 6 Full Sets of 5152 teknik donanımıyla, hassas FPV dron montajları ve atölye projeleri için geliştirilmiştir. %100 doğrulanmış orijinal ürün.	https://pozitronmarket.com/products/gemfan-flash-5152-2-blade-track-pack-24-props-30	https://pozitronmarket.com/assets/products/PZTR-PRP-0030.jpg	in_stock	995.00 TRY	Gemfan	new	5433	no	TR:::Standart Kargo:99.00 TRY
PZTR-VTX-0021	Walksnail Avatar GT 2W Module (2000mW Extreme Digital HD Output)	Orijinal Walksnail Avatar GT 2W Module (2000mW Extreme Digital HD Output). Dual Antenna True Diversity Link teknik donanımıyla, hassas FPV dron montajları ve atölye projeleri için geliştirilmiştir. %100 doğrulanmış orijinal ürün.	https://pozitronmarket.com/products/walksnail-avatar-gt-2w-module-2000mw-extreme-digital-hd-output-21	https://pozitronmarket.com/assets/products/PZTR-VTX-0021.jpg	in_stock	5950.00 TRY	Walksnail	new	5433	no	TR:::Standart Kargo:0.00 TRY
PZTR-VTX-0018	SpeedyBee TX800 800mW Mini (With JST-SH Connector Kit)	Orijinal SpeedyBee TX800 800mW Mini (With JST-SH Connector Kit). Solder-Free SpeedyBee FC Pairing teknik donanımıyla, hassas FPV dron montajları ve atölye projeleri için geliştirilmiştir. %100 doğrulanmış orijinal ürün.	https://pozitronmarket.com/products/speedybee-tx800-800mw-mini-with-jst-sh-connector-kit-18	https://pozitronmarket.com/assets/products/PZTR-VTX-0018.jpg	in_stock	1250.00 TRY	SpeedyBee	new	5433	no	TR:::Standart Kargo:99.00 TRY
PZTR-CNV-0010	Matek Systems PDB-XT60 Dual BEC (Stack Mount 30.5x30.5mm)	Orijinal Matek Systems PDB-XT60 Dual BEC (Stack Mount 30.5x30.5mm). Fits Under Standard Flight Controller teknik donanımıyla, hassas FPV dron montajları ve atölye projeleri için geliştirilmiştir. %100 doğrulanmış orijinal ürün.	https://pozitronmarket.com/products/matek-systems-pdb-xt60-dual-bec-stack-mount-30-5x30-5mm-10	https://pozitronmarket.com/assets/products/PZTR-CNV-0010.jpg	in_stock	610.00 TRY	Matek Systems	new	5433	no	TR:::Standart Kargo:99.00 TRY
PZTR-CAM-0009	Walksnail Avatar HD Pro Kit (Low-Latency High Frame Rate Spec)	Orijinal Walksnail Avatar HD Pro Kit (Low-Latency High Frame Rate Spec). 1080P 100FPS Smooth Racing Feed teknik donanımıyla, hassas FPV dron montajları ve atölye projeleri için geliştirilmiştir. %100 doğrulanmış orijinal ürün.	https://pozitronmarket.com/products/walksnail-avatar-hd-pro-kit-low-latency-high-frame-rate-spec-9	https://pozitronmarket.com/assets/products/PZTR-CAM-0009.jpg	in_stock	8250.00 TRY	Walksnail	new	5433	no	TR:::Standart Kargo:0.00 TRY
PZTR-CAM-0004	DJI O3 Air Unit Digital HD (With Long Coaxial Camera Cable)	Orijinal DJI O3 Air Unit Digital HD (With Long Coaxial Camera Cable). 200mm Cable for Long Range Rigs teknik donanımıyla, hassas FPV dron montajları ve atölye projeleri için geliştirilmiştir. %100 doğrulanmış orijinal ürün.	https://pozitronmarket.com/products/dji-o3-air-unit-digital-hd-with-long-coaxial-camera-cable-4	https://pozitronmarket.com/assets/products/PZTR-CAM-0004.jpg	in_stock	12100.00 TRY	DJI	new	5433	no	TR:::Standart Kargo:0.00 TRY
PZTR-TXR-0004	RadioMaster TX16S MKII MAX (With 5000mAh Li-ion Battery Pack)	Orijinal RadioMaster TX16S MKII MAX (With 5000mAh Li-ion Battery Pack). 12+ Hours Flight Day Endurance teknik donanımıyla, hassas FPV dron montajları ve atölye projeleri için geliştirilmiştir. %100 doğrulanmış orijinal ürün.	https://pozitronmarket.com/products/radiomaster-tx16s-mkii-max-with-5000mah-li-ion-battery-pack-4	https://pozitronmarket.com/assets/products/PZTR-TXR-0004.jpg	in_stock	15750.00 TRY	RadioMaster	new	5433	no	TR:::Standart Kargo:0.00 TRY
PZTR-CNV-0011	iFlight LC Filter 3A 5-36V (Standard 3A Filter Board)	Orijinal iFlight LC Filter 3A 5-36V (Standard 3A Filter Board). Eliminates Video Static & Lines teknik donanımıyla, hassas FPV dron montajları ve atölye projeleri için geliştirilmiştir. %100 doğrulanmış orijinal ürün.	https://pozitronmarket.com/products/iflight-lc-filter-3a-5-36v-standard-3a-filter-board-11	https://pozitronmarket.com/assets/products/PZTR-CNV-0011.jpg	in_stock	349.50 TRY	iFlight	new	5433	no	TR:::Standart Kargo:99.00 TRY
PZTR-INS-0012	Ktehloy Brass Heat-Set Threaded Inserts (M5 x 8.0mm (10'lu Paket))	Orijinal Ktehloy Brass Heat-Set Threaded Inserts (M5 x 8.0mm (10'lu Paket)). 45° Spiral Tırtıklı Pirinç / Büyük Boy FPV & Robotik teknik donanımıyla, hassas FPV dron montajları ve atölye projeleri için geliştirilmiştir. %100 doğrulanmış orijinal ürün.	https://pozitronmarket.com/products/ktehloy-brass-heat-set-threaded-inserts-m5-x-8-0mm-10-lu-paket-12	https://pozitronmarket.com/assets/products/PZTR-INS-0012.jpg	in_stock	145.00 TRY	Ktehloy	new	5433	no	TR:::Standart Kargo:99.00 TRY
PZTR-FLC-0015	Matek Systems H743-WING V3 (Includes Extended Servo Rail)	Orijinal Matek Systems H743-WING V3 (Includes Extended Servo Rail). 13 PWM Outputs for Complex Wings teknik donanımıyla, hassas FPV dron montajları ve atölye projeleri için geliştirilmiştir. %100 doğrulanmış orijinal ürün.	https://pozitronmarket.com/products/matek-systems-h743-wing-v3-includes-extended-servo-rail-15	https://pozitronmarket.com/assets/products/PZTR-FLC-0015.jpg	in_stock	4825.00 TRY	Matek Systems	new	5433	no	TR:::Standart Kargo:0.00 TRY
PZTR-PRP-0005	Gemfan Hurricane 51466 V2 (Mega Pack (20 Props))	Orijinal Gemfan Hurricane 51466 V2 (Mega Pack (20 Props)). 5 Sets of 4 Clear Grey teknik donanımıyla, hassas FPV dron montajları ve atölye projeleri için geliştirilmiştir. %100 doğrulanmış orijinal ürün.	https://pozitronmarket.com/products/gemfan-hurricane-51466-v2-mega-pack-20-props-5	https://pozitronmarket.com/assets/products/PZTR-PRP-0005.jpg	in_stock	925.00 TRY	Gemfan	new	5433	no	TR:::Standart Kargo:99.00 TRY
PZTR-ESC-0031	TBS PowerCube 60A 4in1 (Standard 60A PowerCube)	Orijinal TBS PowerCube 60A 4in1 (Standard 60A PowerCube). TBS Bulletproof Power Architecture teknik donanımıyla, hassas FPV dron montajları ve atölye projeleri için geliştirilmiştir. %100 doğrulanmış orijinal ürün.	https://pozitronmarket.com/products/tbs-powercube-60a-4in1-standard-60a-powercube-31	https://pozitronmarket.com/assets/products/PZTR-ESC-0031.jpg	in_stock	4495.00 TRY	TBS	new	5433	no	TR:::Standart Kargo:0.00 TRY
PZTR-PRP-0013	HQProp Ethix P3 Peanut Butter (Balanced Polycarbonate)	Orijinal HQProp Ethix P3 Peanut Butter (Balanced Polycarbonate). Zero Jello Vibration Finish teknik donanımıyla, hassas FPV dron montajları ve atölye projeleri için geliştirilmiştir. %100 doğrulanmış orijinal ürün.	https://pozitronmarket.com/products/hqprop-ethix-p3-peanut-butter-balanced-polycarbonate-13	https://pozitronmarket.com/assets/products/PZTR-PRP-0013.jpg	in_stock	215.00 TRY	HQProp	new	5433	no	TR:::Standart Kargo:99.00 TRY
PZTR-TOO-0037	Sequre SQ-001 Soldering Iron (Black Shell with TS-BC2 Tip)	Orijinal Sequre SQ-001 Soldering Iron (Black Shell with TS-BC2 Tip). XT60 Power Cable Included teknik donanımıyla, hassas FPV dron montajları ve atölye projeleri için geliştirilmiştir. %100 doğrulanmış orijinal ürün.	https://pozitronmarket.com/products/sequre-sq-001-soldering-iron-black-shell-with-ts-bc2-tip-37	https://pozitronmarket.com/assets/products/PZTR-TOO-0037.jpg	in_stock	2495.00 TRY	Sequre	new	5433	no	TR:::Standart Kargo:0.00 TRY
PZTR-VTX-0008	Foxeer Reaper Extreme 2.5W (With Built-In Fan Mount)	Orijinal Foxeer Reaper Extreme 2.5W (With Built-In Fan Mount). Active Fan Cooling for Stationary Bench teknik donanımıyla, hassas FPV dron montajları ve atölye projeleri için geliştirilmiştir. %100 doğrulanmış orijinal ürün.	https://pozitronmarket.com/products/foxeer-reaper-extreme-2-5w-with-built-in-fan-mount-8	https://pozitronmarket.com/assets/products/PZTR-VTX-0008.jpg	in_stock	3375.00 TRY	Foxeer	new	5433	no	TR:::Standart Kargo:0.00 TRY
PZTR-FRM-0039	GEPRC CineLog35 V2 HD (With High Visibility EVA Foam Strip)	Orijinal GEPRC CineLog35 V2 HD (With High Visibility EVA Foam Strip). Extra Soft Impact Buffer teknik donanımıyla, hassas FPV dron montajları ve atölye projeleri için geliştirilmiştir. %100 doğrulanmış orijinal ürün.	https://pozitronmarket.com/products/geprc-cinelog35-v2-hd-with-high-visibility-eva-foam-strip-39	https://pozitronmarket.com/assets/products/PZTR-FRM-0039.jpg	in_stock	3050.00 TRY	GEPRC	new	5433	no	TR:::Standart Kargo:0.00 TRY
PZTR-FRM-0003	iFlight Nazgul Evoque F5X V2 (With Ambient RGB LED Light Blades)	Orijinal iFlight Nazgul Evoque F5X V2 (With Ambient RGB LED Light Blades). Night Flight Illumination Built-in teknik donanımıyla, hassas FPV dron montajları ve atölye projeleri için geliştirilmiştir. %100 doğrulanmış orijinal ürün.	https://pozitronmarket.com/products/iflight-nazgul-evoque-f5x-v2-with-ambient-rgb-led-light-blades-3	https://pozitronmarket.com/assets/products/PZTR-FRM-0003.jpg	in_stock	4200.00 TRY	iFlight	new	5433	no	TR:::Standart Kargo:0.00 TRY
PZTR-ESC-0011	Holybro Tekko32 F4 4in1 50A (Standard 50A Tekko32)	Orijinal Holybro Tekko32 F4 4in1 50A (Standard 50A Tekko32). High Thermal Efficiency Metal Case teknik donanımıyla, hassas FPV dron montajları ve atölye projeleri için geliştirilmiştir. %100 doğrulanmış orijinal ürün.	https://pozitronmarket.com/products/holybro-tekko32-f4-4in1-50a-standard-50a-tekko32-11	https://pozitronmarket.com/assets/products/PZTR-ESC-0011.jpg	in_stock	3495.00 TRY	Holybro	new	5433	no	TR:::Standart Kargo:0.00 TRY
PZTR-CAM-0003	DJI O3 Air Unit Digital HD (With ND Filter 4-Pack (ND8/16/32/64))	Orijinal DJI O3 Air Unit Digital HD (With ND Filter 4-Pack (ND8/16/32/64)). Cinema Shutter Speed Control teknik donanımıyla, hassas FPV dron montajları ve atölye projeleri için geliştirilmiştir. %100 doğrulanmış orijinal ürün.	https://pozitronmarket.com/products/dji-o3-air-unit-digital-hd-with-nd-filter-4-pack-nd8-16-32-64-3	https://pozitronmarket.com/assets/products/PZTR-CAM-0003.jpg	in_stock	12950.00 TRY	DJI	new	5433	no	TR:::Standart Kargo:0.00 TRY
PZTR-ESC-0037	Spedix IS45 Single Arm ESC (Set of 4 Quad Pack)	Orijinal Spedix IS45 Single Arm ESC (Set of 4 Quad Pack). Complete Drone Set of 4 ESCs teknik donanımıyla, hassas FPV dron montajları ve atölye projeleri için geliştirilmiştir. %100 doğrulanmış orijinal ürün.	https://pozitronmarket.com/products/spedix-is45-single-arm-esc-set-of-4-quad-pack-37	https://pozitronmarket.com/assets/products/PZTR-ESC-0037.jpg	in_stock	2800.00 TRY	Spedix	new	5433	no	TR:::Standart Kargo:0.00 TRY
PZTR-BAT-0026	ToolkitRC M6D Dual Charger (500W Dual Asynchronous Channels)	Orijinal ToolkitRC M6D Dual Charger (500W Dual Asynchronous Channels). IPS Color Screen & Scroll Wheel teknik donanımıyla, hassas FPV dron montajları ve atölye projeleri için geliştirilmiştir. %100 doğrulanmış orijinal ürün.	https://pozitronmarket.com/products/toolkitrc-m6d-dual-charger-500w-dual-asynchronous-channels-26	https://pozitronmarket.com/assets/products/PZTR-BAT-0026.jpg	in_stock	2745.00 TRY	ToolkitRC	new	5433	no	TR:::Standart Kargo:0.00 TRY
PZTR-FRM-0012	TBS Source One V5 (With 3D TPU Armor Package)	Orijinal TBS Source One V5 (With 3D TPU Armor Package). Bumper Guards & Motor Soft Mounts teknik donanımıyla, hassas FPV dron montajları ve atölye projeleri için geliştirilmiştir. %100 doğrulanmış orijinal ürün.	https://pozitronmarket.com/products/tbs-source-one-v5-with-3d-tpu-armor-package-12	https://pozitronmarket.com/assets/products/PZTR-FRM-0012.jpg	in_stock	1825.00 TRY	TBS	new	5433	no	TR:::Standart Kargo:0.00 TRY
PZTR-TXR-0018	RadioMaster RP1 ExpressLRS RX (With Spare High Gain T-Antenna)	Orijinal RadioMaster RP1 ExpressLRS RX (With Spare High Gain T-Antenna). Extra Range & Crash Backup teknik donanımıyla, hassas FPV dron montajları ve atölye projeleri için geliştirilmiştir. %100 doğrulanmış orijinal ürün.	https://pozitronmarket.com/products/radiomaster-rp1-expresslrs-rx-with-spare-high-gain-t-antenna-18	https://pozitronmarket.com/assets/products/PZTR-TXR-0018.jpg	in_stock	850.00 TRY	RadioMaster	new	5433	no	TR:::Standart Kargo:99.00 TRY
PZTR-INS-0010	Ktehloy Brass Heat-Set Threaded Inserts (M4 x 6.0mm (10'lu Paket))	Orijinal Ktehloy Brass Heat-Set Threaded Inserts (M4 x 6.0mm (10'lu Paket)). 45° Spiral Tırtıklı Pirinç / Ağır Hizmet Montaj teknik donanımıyla, hassas FPV dron montajları ve atölye projeleri için geliştirilmiştir. %100 doğrulanmış orijinal ürün.	https://pozitronmarket.com/products/ktehloy-brass-heat-set-threaded-inserts-m4-x-6-0mm-10-lu-paket-10	https://pozitronmarket.com/assets/products/PZTR-INS-0010.jpg	in_stock	110.00 TRY	Ktehloy	new	5433	no	TR:::Standart Kargo:99.00 TRY
PZTR-BAT-0014	Lumenier NAV 21700 8000mAh (Reinforced Carbon Skin Cover)	Orijinal Lumenier NAV 21700 8000mAh (Reinforced Carbon Skin Cover). Scratch & Puncture Resistant teknik donanımıyla, hassas FPV dron montajları ve atölye projeleri için geliştirilmiştir. %100 doğrulanmış orijinal ürün.	https://pozitronmarket.com/products/lumenier-nav-21700-8000mah-reinforced-carbon-skin-cover-14	https://pozitronmarket.com/assets/products/PZTR-BAT-0014.jpg	in_stock	4625.00 TRY	Lumenier	new	5433	no	TR:::Standart Kargo:0.00 TRY
PZTR-VTX-0010	Foxeer Reaper Extreme 2.5W (Long Range Record Breaker Spec)	Orijinal Foxeer Reaper Extreme 2.5W (Long Range Record Breaker Spec). Tuned for Mountain & Bando Ranges teknik donanımıyla, hassas FPV dron montajları ve atölye projeleri için geliştirilmiştir. %100 doğrulanmış orijinal ürün.	https://pozitronmarket.com/products/foxeer-reaper-extreme-2-5w-long-range-record-breaker-spec-10	https://pozitronmarket.com/assets/products/PZTR-VTX-0010.jpg	in_stock	3400.00 TRY	Foxeer	new	5433	no	TR:::Standart Kargo:0.00 TRY
PZTR-MOT-0001	T-Motor F60 PRO V (1750KV)	Orijinal T-Motor F60 PRO V (1750KV). Grey Titanium teknik donanımıyla, hassas FPV dron montajları ve atölye projeleri için geliştirilmiştir. %100 doğrulanmış orijinal ürün.	https://pozitronmarket.com/products/t-motor-f60-pro-v-1750kv-1	https://pozitronmarket.com/assets/products/PZTR-MOT-0001.jpg	in_stock	1395.00 TRY	T-Motor	new	5433	no	TR:::Standart Kargo:99.00 TRY
PZTR-CNV-0021	RadioMaster ERS-CU01 Current Sensor (Standard 150A Hall Sensor)	Orijinal RadioMaster ERS-CU01 Current Sensor (Standard 150A Hall Sensor). Zero Voltage Drop Measurement teknik donanımıyla, hassas FPV dron montajları ve atölye projeleri için geliştirilmiştir. %100 doğrulanmış orijinal ürün.	https://pozitronmarket.com/products/radiomaster-ers-cu01-current-sensor-standard-150a-hall-sensor-21	https://pozitronmarket.com/assets/products/PZTR-CNV-0021.jpg	in_stock	745.00 TRY	RadioMaster	new	5433	no	TR:::Standart Kargo:99.00 TRY
PZTR-BAT-0040	ToolkitRC M4AC Pocket Charger (Twin Pack (Set of 2))	Orijinal ToolkitRC M4AC Pocket Charger (Twin Pack (Set of 2)). Charge Two 4S Packs Independently teknik donanımıyla, hassas FPV dron montajları ve atölye projeleri için geliştirilmiştir. %100 doğrulanmış orijinal ürün.	https://pozitronmarket.com/products/toolkitrc-m4ac-pocket-charger-twin-pack-set-of-2-40	https://pozitronmarket.com/assets/products/PZTR-BAT-0040.jpg	in_stock	2350.00 TRY	ToolkitRC	new	5433	no	TR:::Standart Kargo:0.00 TRY
PZTR-TOO-0009	Vifly ShortSaver 2 Smoke Stopper (Twin Pack Workshop Set)	Orijinal Vifly ShortSaver 2 Smoke Stopper (Twin Pack Workshop Set). One on Bench, One in Travel Bag teknik donanımıyla, hassas FPV dron montajları ve atölye projeleri için geliştirilmiştir. %100 doğrulanmış orijinal ürün.	https://pozitronmarket.com/products/vifly-shortsaver-2-smoke-stopper-twin-pack-workshop-set-9	https://pozitronmarket.com/assets/products/PZTR-TOO-0009.jpg	in_stock	1375.00 TRY	Vifly	new	5433	no	TR:::Standart Kargo:99.00 TRY
PZTR-BAT-0015	Lumenier NAV 21700 8000mAh (Twin Pack Mountain Explorer)	Orijinal Lumenier NAV 21700 8000mAh (Twin Pack Mountain Explorer). 2 Complete Packs for Epic Expeditions teknik donanımıyla, hassas FPV dron montajları ve atölye projeleri için geliştirilmiştir. %100 doğrulanmış orijinal ürün.	https://pozitronmarket.com/products/lumenier-nav-21700-8000mah-twin-pack-mountain-explorer-15	https://pozitronmarket.com/assets/products/PZTR-BAT-0015.jpg	in_stock	8750.00 TRY	Lumenier	new	5433	no	TR:::Standart Kargo:0.00 TRY
PZTR-BAT-0036	ToolkitRC M4AC Pocket Charger (Standard M4AC (Built-In AC))	Orijinal ToolkitRC M4AC Pocket Charger (Standard M4AC (Built-In AC)). Plugs Directly Into Wall Socket (No Brick) teknik donanımıyla, hassas FPV dron montajları ve atölye projeleri için geliştirilmiştir. %100 doğrulanmış orijinal ürün.	https://pozitronmarket.com/products/toolkitrc-m4ac-pocket-charger-standard-m4ac-built-in-ac-36	https://pozitronmarket.com/assets/products/PZTR-BAT-0036.jpg	in_stock	1245.00 TRY	ToolkitRC	new	5433	no	TR:::Standart Kargo:99.00 TRY
PZTR-GPS-0011	Matek Systems MicoAir MTF-01 Optical Flow (Optical Flow + 8m Laser LiDAR)	Orijinal Matek Systems MicoAir MTF-01 Optical Flow (Optical Flow + 8m Laser LiDAR). Indoor Autonomous Hover Without GPS teknik donanımıyla, hassas FPV dron montajları ve atölye projeleri için geliştirilmiştir. %100 doğrulanmış orijinal ürün.	https://pozitronmarket.com/products/matek-systems-micoair-mtf-01-optical-flow-optical-flow-8m-laser-lidar-11	https://pozitronmarket.com/assets/products/PZTR-GPS-0011.jpg	in_stock	1925.00 TRY	Matek Systems	new	5433	no	TR:::Standart Kargo:0.00 TRY
PZTR-FLC-0026	Happymodel Crazybee G473 AIO (STM32G473 High Clock MCU)	Orijinal Happymodel Crazybee G473 AIO (STM32G473 High Clock MCU). Integrated 12A 4-in-1 ESC teknik donanımıyla, hassas FPV dron montajları ve atölye projeleri için geliştirilmiştir. %100 doğrulanmış orijinal ürün.	https://pozitronmarket.com/products/happymodel-crazybee-g473-aio-stm32g473-high-clock-mcu-26	https://pozitronmarket.com/assets/products/PZTR-FLC-0026.jpg	in_stock	2325.00 TRY	Happymodel	new	5433	no	TR:::Standart Kargo:0.00 TRY
PZTR-BAT-0009	CNHL Black Series 1500mAh (With Fireproof LiPo Safe Bag)	Orijinal CNHL Black Series 1500mAh (With Fireproof LiPo Safe Bag). Safe Storage & Transport Setup teknik donanımıyla, hassas FPV dron montajları ve atölye projeleri için geliştirilmiştir. %100 doğrulanmış orijinal ürün.	https://pozitronmarket.com/products/cnhl-black-series-1500mah-with-fireproof-lipo-safe-bag-9	https://pozitronmarket.com/assets/products/PZTR-BAT-0009.jpg	in_stock	1325.00 TRY	CNHL	new	5433	no	TR:::Standart Kargo:99.00 TRY
PZTR-MOT-0047	T-Motor U8 II Heavy Lift (100KV)	Orijinal T-Motor U8 II Heavy Lift (100KV). Industrial Weatherproof 100KV teknik donanımıyla, hassas FPV dron montajları ve atölye projeleri için geliştirilmiştir. %100 doğrulanmış orijinal ürün.	https://pozitronmarket.com/products/t-motor-u8-ii-heavy-lift-100kv-47	https://pozitronmarket.com/assets/products/PZTR-MOT-0047.jpg	in_stock	12450.00 TRY	T-Motor	new	5433	no	TR:::Standart Kargo:0.00 TRY
PZTR-SCR-0012	Pozitron Hardware 304 Stainless M3 Hex Screws (M3 x 16mm Alyan Civata (10'lu Paket))	Orijinal Pozitron Hardware 304 Stainless M3 Hex Screws (M3 x 16mm Alyan Civata (10'lu Paket)). DIN 912 304 Paslanmaz Çelik / Uzun Kol Montaj teknik donanımıyla, hassas FPV dron montajları ve atölye projeleri için geliştirilmiştir. %100 doğrulanmış orijinal ürün.	https://pozitronmarket.com/products/pozitron-hardware-304-stainless-m3-hex-screws-m3-x-16mm-alyan-civata-10-lu-paket-12	https://pozitronmarket.com/assets/products/PZTR-SCR-0012.jpg	in_stock	65.00 TRY	Pozitron Hardware	new	5433	no	TR:::Standart Kargo:99.00 TRY
PZTR-BAT-0030	ToolkitRC M6D Dual Charger (Field Tool Kit with Servo Tester Mode)	Orijinal ToolkitRC M6D Dual Charger (Field Tool Kit with Servo Tester Mode). Test Servos & Signal Inputs teknik donanımıyla, hassas FPV dron montajları ve atölye projeleri için geliştirilmiştir. %100 doğrulanmış orijinal ürün.	https://pozitronmarket.com/products/toolkitrc-m6d-dual-charger-field-tool-kit-with-servo-tester-mode-30	https://pozitronmarket.com/assets/products/PZTR-BAT-0030.jpg	in_stock	2995.00 TRY	ToolkitRC	new	5433	no	TR:::Standart Kargo:0.00 TRY
PZTR-FRM-0033	BetaFPV Pavo20 Pro Whoop (With Colorful Duct Inserts (Red/Blue))	Orijinal BetaFPV Pavo20 Pro Whoop (With Colorful Duct Inserts (Red/Blue)). Custom Aesthetic Look teknik donanımıyla, hassas FPV dron montajları ve atölye projeleri için geliştirilmiştir. %100 doğrulanmış orijinal ürün.	https://pozitronmarket.com/products/betafpv-pavo20-pro-whoop-with-colorful-duct-inserts-red-blue-33	https://pozitronmarket.com/assets/products/PZTR-FRM-0033.jpg	in_stock	1345.00 TRY	BetaFPV	new	5433	no	TR:::Standart Kargo:99.00 TRY
PZTR-TOO-0034	Ethix Prop Tool Wrench (Twin Pack Tool Set)	Orijinal Ethix Prop Tool Wrench (Twin Pack Tool Set). Includes 2 Prop Tools teknik donanımıyla, hassas FPV dron montajları ve atölye projeleri için geliştirilmiştir. %100 doğrulanmış orijinal ürün.	https://pozitronmarket.com/products/ethix-prop-tool-wrench-twin-pack-tool-set-34	https://pozitronmarket.com/assets/products/PZTR-TOO-0034.jpg	in_stock	875.00 TRY	Ethix	new	5433	no	TR:::Standart Kargo:99.00 TRY
PZTR-CNV-0008	Matek Systems PDB-XT60 Dual BEC (Heavy Copper 4-Layer Spec)	Orijinal Matek Systems PDB-XT60 Dual BEC (Heavy Copper 4-Layer Spec). Supports Up to 140A Continuous teknik donanımıyla, hassas FPV dron montajları ve atölye projeleri için geliştirilmiştir. %100 doğrulanmış orijinal ürün.	https://pozitronmarket.com/products/matek-systems-pdb-xt60-dual-bec-heavy-copper-4-layer-spec-8	https://pozitronmarket.com/assets/products/PZTR-CNV-0008.jpg	in_stock	675.00 TRY	Matek Systems	new	5433	no	TR:::Standart Kargo:99.00 TRY
PZTR-CAM-0001	DJI O3 Air Unit Digital HD (Standard O3 Air Unit Kit)	Orijinal DJI O3 Air Unit Digital HD (Standard O3 Air Unit Kit). Camera Module + VTX + Dual Antenna teknik donanımıyla, hassas FPV dron montajları ve atölye projeleri için geliştirilmiştir. %100 doğrulanmış orijinal ürün.	https://pozitronmarket.com/products/dji-o3-air-unit-digital-hd-standard-o3-air-unit-kit-1	https://pozitronmarket.com/assets/products/PZTR-CAM-0001.jpg	in_stock	11450.00 TRY	DJI	new	5433	no	TR:::Standart Kargo:0.00 TRY
PZTR-GPS-0022	Flywoo GOKU GM10 Nano GPS (With Built-In Compass)	Orijinal Flywoo GOKU GM10 Nano GPS (With Built-In Compass). Precise Home Direction Heading teknik donanımıyla, hassas FPV dron montajları ve atölye projeleri için geliştirilmiştir. %100 doğrulanmış orijinal ürün.	https://pozitronmarket.com/products/flywoo-goku-gm10-nano-gps-with-built-in-compass-22	https://pozitronmarket.com/assets/products/PZTR-GPS-0022.jpg	in_stock	1275.00 TRY	Flywoo	new	5433	no	TR:::Standart Kargo:99.00 TRY
PZTR-FLC-0020	Holybro Pixhawk 6C (PX4 & ArduPlane Autopilot Ready)	Orijinal Holybro Pixhawk 6C (PX4 & ArduPlane Autopilot Ready). Full Commercial Mission Software teknik donanımıyla, hassas FPV dron montajları ve atölye projeleri için geliştirilmiştir. %100 doğrulanmış orijinal ürün.	https://pozitronmarket.com/products/holybro-pixhawk-6c-px4-arduplane-autopilot-ready-20	https://pozitronmarket.com/assets/products/PZTR-FLC-0020.jpg	in_stock	9600.00 TRY	Holybro	new	5433	no	TR:::Standart Kargo:0.00 TRY
PZTR-CAM-0020	Foxeer Predator 5 Nano (Twin Pack Fleet Bundle)	Orijinal Foxeer Predator 5 Nano (Twin Pack Fleet Bundle). 2 Complete Predator 5 Cameras teknik donanımıyla, hassas FPV dron montajları ve atölye projeleri için geliştirilmiştir. %100 doğrulanmış orijinal ürün.	https://pozitronmarket.com/products/foxeer-predator-5-nano-twin-pack-fleet-bundle-20	https://pozitronmarket.com/assets/products/PZTR-CAM-0020.jpg	in_stock	2700.00 TRY	Foxeer	new	5433	no	TR:::Standart Kargo:0.00 TRY
PZTR-CAM-0027	RunCam Thumb Pro 4K (With ND Filter Kit (ND8/16/32))	Orijinal RunCam Thumb Pro 4K (With ND Filter Kit (ND8/16/32)). Cinematic Motion Blur Exposure teknik donanımıyla, hassas FPV dron montajları ve atölye projeleri için geliştirilmiştir. %100 doğrulanmış orijinal ürün.	https://pozitronmarket.com/products/runcam-thumb-pro-4k-with-nd-filter-kit-nd8-16-32-27	https://pozitronmarket.com/assets/products/PZTR-CAM-0027.jpg	in_stock	5200.00 TRY	RunCam	new	5433	no	TR:::Standart Kargo:0.00 TRY
PZTR-SCR-0002	Pozitron Hardware 304 Stainless M2 Hex Screws (M2 x 8mm Alyan Civata (10'lu Paket))	Orijinal Pozitron Hardware 304 Stainless M2 Hex Screws (M2 x 8mm Alyan Civata (10'lu Paket)). DIN 912 304 Paslanmaz Çelik / Kamera Mount teknik donanımıyla, hassas FPV dron montajları ve atölye projeleri için geliştirilmiştir. %100 doğrulanmış orijinal ürün.	https://pozitronmarket.com/products/pozitron-hardware-304-stainless-m2-hex-screws-m2-x-8mm-alyan-civata-10-lu-paket-2	https://pozitronmarket.com/assets/products/PZTR-SCR-0002.jpg	in_stock	45.00 TRY	Pozitron Hardware	new	5433	no	TR:::Standart Kargo:99.00 TRY
PZTR-BAT-0003	Tattu R-Line V5.0 1400mAh (Twin Pack (2 Batteries))	Orijinal Tattu R-Line V5.0 1400mAh (Twin Pack (2 Batteries)). Double the Flight Time Session teknik donanımıyla, hassas FPV dron montajları ve atölye projeleri için geliştirilmiştir. %100 doğrulanmış orijinal ürün.	https://pozitronmarket.com/products/tattu-r-line-v5-0-1400mah-twin-pack-2-batteries-3	https://pozitronmarket.com/assets/products/PZTR-BAT-0003.jpg	in_stock	4100.00 TRY	Tattu	new	5433	no	TR:::Standart Kargo:0.00 TRY
PZTR-TXR-0016	RadioMaster RP1 ExpressLRS RX (Standard RP1 w/ T-Antenna)	Orijinal RadioMaster RP1 ExpressLRS RX (Standard RP1 w/ T-Antenna). Ultra-low Latency / Up to 1000Hz Rate teknik donanımıyla, hassas FPV dron montajları ve atölye projeleri için geliştirilmiştir. %100 doğrulanmış orijinal ürün.	https://pozitronmarket.com/products/radiomaster-rp1-expresslrs-rx-standard-rp1-w-t-antenna-16	https://pozitronmarket.com/assets/products/PZTR-TXR-0016.jpg	in_stock	725.00 TRY	RadioMaster	new	5433	no	TR:::Standart Kargo:99.00 TRY
PZTR-ESC-0025	Flywoo GOKU G45M 45A AIO (Lightweight 8.5g Racing Spec)	Orijinal Flywoo GOKU G45M 45A AIO (Lightweight 8.5g Racing Spec). Zero Drag Component Layout teknik donanımıyla, hassas FPV dron montajları ve atölye projeleri için geliştirilmiştir. %100 doğrulanmış orijinal ürün.	https://pozitronmarket.com/products/flywoo-goku-g45m-45a-aio-lightweight-8-5g-racing-spec-25	https://pozitronmarket.com/assets/products/PZTR-ESC-0025.jpg	in_stock	2775.00 TRY	Flywoo	new	5433	no	TR:::Standart Kargo:0.00 TRY
PZTR-ESC-0003	SpeedyBee F405 V4 55A 4in1 (With 1000uF Low-ESR Cap)	Orijinal SpeedyBee F405 V4 55A 4in1 (With 1000uF Low-ESR Cap). Includes Rubycon Capacitor teknik donanımıyla, hassas FPV dron montajları ve atölye projeleri için geliştirilmiştir. %100 doğrulanmış orijinal ürün.	https://pozitronmarket.com/products/speedybee-f405-v4-55a-4in1-with-1000uf-low-esr-cap-3	https://pozitronmarket.com/assets/products/PZTR-ESC-0003.jpg	in_stock	2399.50 TRY	SpeedyBee	new	5433	no	TR:::Standart Kargo:0.00 TRY
PZTR-MOT-0012	iFlight XING2 2207 (2755KV)	Orijinal iFlight XING2 2207 (2755KV). Titanium Grey teknik donanımıyla, hassas FPV dron montajları ve atölye projeleri için geliştirilmiştir. %100 doğrulanmış orijinal ürün.	https://pozitronmarket.com/products/iflight-xing2-2207-2755kv-12	https://pozitronmarket.com/assets/products/PZTR-MOT-0012.jpg	in_stock	1225.00 TRY	iFlight	new	5433	no	TR:::Standart Kargo:99.00 TRY
PZTR-BAT-0032	Tattu FunFly 1300mAh 6S (Twin Pack (2 Batteries))	Orijinal Tattu FunFly 1300mAh 6S (Twin Pack (2 Batteries)). Freestyle Practice Flight Day teknik donanımıyla, hassas FPV dron montajları ve atölye projeleri için geliştirilmiştir. %100 doğrulanmış orijinal ürün.	https://pozitronmarket.com/products/tattu-funfly-1300mah-6s-twin-pack-2-batteries-32	https://pozitronmarket.com/assets/products/PZTR-BAT-0032.jpg	in_stock	2700.00 TRY	Tattu	new	5433	no	TR:::Standart Kargo:0.00 TRY
PZTR-CNV-0003	Matek Systems Micro BEC 6-60V (With Heatshrink Tube Kit)	Orijinal Matek Systems Micro BEC 6-60V (With Heatshrink Tube Kit). Includes JST-SH Cables teknik donanımıyla, hassas FPV dron montajları ve atölye projeleri için geliştirilmiştir. %100 doğrulanmış orijinal ürün.	https://pozitronmarket.com/products/matek-systems-micro-bec-6-60v-with-heatshrink-tube-kit-3	https://pozitronmarket.com/assets/products/PZTR-CNV-0003.jpg	in_stock	545.00 TRY	Matek Systems	new	5433	no	TR:::Standart Kargo:99.00 TRY
PZTR-FLC-0011	Matek Systems H743-WING V3 (480MHz STM32H743 MCU)	Orijinal Matek Systems H743-WING V3 (480MHz STM32H743 MCU). Dual Gyro ICM42688P + DPS310 Baro teknik donanımıyla, hassas FPV dron montajları ve atölye projeleri için geliştirilmiştir. %100 doğrulanmış orijinal ürün.	https://pozitronmarket.com/products/matek-systems-h743-wing-v3-480mhz-stm32h743-mcu-11	https://pozitronmarket.com/assets/products/PZTR-FLC-0011.jpg	in_stock	4495.00 TRY	Matek Systems	new	5433	no	TR:::Standart Kargo:0.00 TRY
PZTR-VTX-0020	SpeedyBee TX800 800mW Mini (Twin Pack (Set of 2))	Orijinal SpeedyBee TX800 800mW Mini (Twin Pack (Set of 2)). Keep One in Every Racing Bag teknik donanımıyla, hassas FPV dron montajları ve atölye projeleri için geliştirilmiştir. %100 doğrulanmış orijinal ürün.	https://pozitronmarket.com/products/speedybee-tx800-800mw-mini-twin-pack-set-of-2-20	https://pozitronmarket.com/assets/products/PZTR-VTX-0020.jpg	in_stock	2250.00 TRY	SpeedyBee	new	5433	no	TR:::Standart Kargo:0.00 TRY
PZTR-PRP-0021	Gemfan Flash 7040 Tri-Blade (Clear Black)	Orijinal Gemfan Flash 7040 Tri-Blade (Clear Black). High Efficiency Long Distance Spec teknik donanımıyla, hassas FPV dron montajları ve atölye projeleri için geliştirilmiştir. %100 doğrulanmış orijinal ürün.	https://pozitronmarket.com/products/gemfan-flash-7040-tri-blade-clear-black-21	https://pozitronmarket.com/assets/products/PZTR-PRP-0021.jpg	in_stock	260.00 TRY	Gemfan	new	5433	no	TR:::Standart Kargo:99.00 TRY
PZTR-PRP-0034	Master Airscrew 1045 Foldable Carbon (Quad Set (2xCW + 2xCCW))	Orijinal Master Airscrew 1045 Foldable Carbon (Quad Set (2xCW + 2xCCW)). Complete 4-Motor Heavy Lifter Set teknik donanımıyla, hassas FPV dron montajları ve atölye projeleri için geliştirilmiştir. %100 doğrulanmış orijinal ürün.	https://pozitronmarket.com/products/master-airscrew-1045-foldable-carbon-quad-set-2xcw-2xccw-34	https://pozitronmarket.com/assets/products/PZTR-PRP-0034.jpg	in_stock	2250.00 TRY	Master Airscrew	new	5433	no	TR:::Standart Kargo:0.00 TRY
PZTR-ESC-0036	Spedix IS45 Single Arm ESC (Single ESC 45A)	Orijinal Spedix IS45 Single Arm ESC (Single ESC 45A). Arm-Mounted Compact Form Factor teknik donanımıyla, hassas FPV dron montajları ve atölye projeleri için geliştirilmiştir. %100 doğrulanmış orijinal ürün.	https://pozitronmarket.com/products/spedix-is45-single-arm-esc-single-esc-45a-36	https://pozitronmarket.com/assets/products/PZTR-ESC-0036.jpg	in_stock	745.00 TRY	Spedix	new	5433	no	TR:::Standart Kargo:99.00 TRY
PZTR-SCR-0011	Pozitron Hardware 304 Stainless M3 Hex Screws (M3 x 12mm Alyan Civata (10'lu Paket))	Orijinal Pozitron Hardware 304 Stainless M3 Hex Screws (M3 x 12mm Alyan Civata (10'lu Paket)). DIN 912 304 Paslanmaz Çelik / Stack Alt Montaj teknik donanımıyla, hassas FPV dron montajları ve atölye projeleri için geliştirilmiştir. %100 doğrulanmış orijinal ürün.	https://pozitronmarket.com/products/pozitron-hardware-304-stainless-m3-hex-screws-m3-x-12mm-alyan-civata-10-lu-paket-11	https://pozitronmarket.com/assets/products/PZTR-SCR-0011.jpg	in_stock	60.00 TRY	Pozitron Hardware	new	5433	no	TR:::Standart Kargo:99.00 TRY
PZTR-CNV-0012	iFlight LC Filter 3A 5-36V (With Pre-soldered Silicone Leads)	Orijinal iFlight LC Filter 3A 5-36V (With Pre-soldered Silicone Leads). Plug & Play Installation teknik donanımıyla, hassas FPV dron montajları ve atölye projeleri için geliştirilmiştir. %100 doğrulanmış orijinal ürün.	https://pozitronmarket.com/products/iflight-lc-filter-3a-5-36v-with-pre-soldered-silicone-leads-12	https://pozitronmarket.com/assets/products/PZTR-CNV-0012.jpg	in_stock	425.00 TRY	iFlight	new	5433	no	TR:::Standart Kargo:99.00 TRY
PZTR-ANT-0009	TBS Triumph Pro 5.8GHz (U.FL Long Stem Spec)	Orijinal TBS Triumph Pro 5.8GHz (U.FL Long Stem Spec). Duct Route Away from Carbon Plates teknik donanımıyla, hassas FPV dron montajları ve atölye projeleri için geliştirilmiştir. %100 doğrulanmış orijinal ürün.	https://pozitronmarket.com/products/tbs-triumph-pro-5-8ghz-u-fl-long-stem-spec-9	https://pozitronmarket.com/assets/products/PZTR-ANT-0009.jpg	in_stock	925.00 TRY	TBS	new	5433	no	TR:::Standart Kargo:99.00 TRY
PZTR-MOT-0031	GEPRC SPEEDX2 2107.5 (1960KV)	Orijinal GEPRC SPEEDX2 2107.5 (1960KV). Space Grey Anodized teknik donanımıyla, hassas FPV dron montajları ve atölye projeleri için geliştirilmiştir. %100 doğrulanmış orijinal ürün.	https://pozitronmarket.com/products/geprc-speedx2-2107-5-1960kv-31	https://pozitronmarket.com/assets/products/PZTR-MOT-0031.jpg	in_stock	1075.00 TRY	GEPRC	new	5433	no	TR:::Standart Kargo:99.00 TRY
PZTR-TOO-0038	Sequre SQ-001 Soldering Iron (With XT60 4S/6S LiPo Cable)	Orijinal Sequre SQ-001 Soldering Iron (With XT60 4S/6S LiPo Cable). Field Solder from Drone Battery teknik donanımıyla, hassas FPV dron montajları ve atölye projeleri için geliştirilmiştir. %100 doğrulanmış orijinal ürün.	https://pozitronmarket.com/products/sequre-sq-001-soldering-iron-with-xt60-4s-6s-lipo-cable-38	https://pozitronmarket.com/assets/products/PZTR-TOO-0038.jpg	in_stock	2725.00 TRY	Sequre	new	5433	no	TR:::Standart Kargo:0.00 TRY
PZTR-GPS-0013	Matek Systems MicoAir MTF-01 Optical Flow (High Speed 100Hz Refresh Spec)	Orijinal Matek Systems MicoAir MTF-01 Optical Flow (High Speed 100Hz Refresh Spec). Instant Surface Tracking Control teknik donanımıyla, hassas FPV dron montajları ve atölye projeleri için geliştirilmiştir. %100 doğrulanmış orijinal ürün.	https://pozitronmarket.com/products/matek-systems-micoair-mtf-01-optical-flow-high-speed-100hz-refresh-spec-13	https://pozitronmarket.com/assets/products/PZTR-GPS-0013.jpg	in_stock	2125.00 TRY	Matek Systems	new	5433	no	TR:::Standart Kargo:0.00 TRY
PZTR-CAM-0021	HDZero Nano 90 Camera (Standard 90FPS High Speed)	Orijinal HDZero Nano 90 Camera (Standard 90FPS High Speed). True Zero-Latency Digital Stream teknik donanımıyla, hassas FPV dron montajları ve atölye projeleri için geliştirilmiştir. %100 doğrulanmış orijinal ürün.	https://pozitronmarket.com/products/hdzero-nano-90-camera-standard-90fps-high-speed-21	https://pozitronmarket.com/assets/products/PZTR-CAM-0021.jpg	in_stock	2495.00 TRY	HDZero	new	5433	no	TR:::Standart Kargo:0.00 TRY
PZTR-FLC-0008	Foxeer F722 V4 Dual Gyro (With 16MB Blackbox Flash)	Orijinal Foxeer F722 V4 Dual Gyro (With 16MB Blackbox Flash). High Speed High Rate Logging teknik donanımıyla, hassas FPV dron montajları ve atölye projeleri için geliştirilmiştir. %100 doğrulanmış orijinal ürün.	https://pozitronmarket.com/products/foxeer-f722-v4-dual-gyro-with-16mb-blackbox-flash-8	https://pozitronmarket.com/assets/products/PZTR-FLC-0008.jpg	in_stock	2825.00 TRY	Foxeer	new	5433	no	TR:::Standart Kargo:0.00 TRY
PZTR-CAM-0035	Caddx Ant Nano 1200TVL (Twin Pack (Set of 2))	Orijinal Caddx Ant Nano 1200TVL (Twin Pack (Set of 2)). Essential Whoop & Toothpick Spares teknik donanımıyla, hassas FPV dron montajları ve atölye projeleri için geliştirilmiştir. %100 doğrulanmış orijinal ürün.	https://pozitronmarket.com/products/caddx-ant-nano-1200tvl-twin-pack-set-of-2-35	https://pozitronmarket.com/assets/products/PZTR-CAM-0035.jpg	in_stock	1850.00 TRY	Caddx	new	5433	no	TR:::Standart Kargo:0.00 TRY
PZTR-MOT-0036	Flywoo ROBO RB 1202.5 (6000KV)	Orijinal Flywoo ROBO RB 1202.5 (6000KV). Gold/Purple Anodized teknik donanımıyla, hassas FPV dron montajları ve atölye projeleri için geliştirilmiştir. %100 doğrulanmış orijinal ürün.	https://pozitronmarket.com/products/flywoo-robo-rb-1202-5-6000kv-36	https://pozitronmarket.com/assets/products/PZTR-MOT-0036.jpg	in_stock	645.00 TRY	Flywoo	new	5433	no	TR:::Standart Kargo:99.00 TRY
PZTR-CNV-0014	iFlight LC Filter 3A 5-36V (Twin Pack (Set of 2))	Orijinal iFlight LC Filter 3A 5-36V (Twin Pack (Set of 2)). Essential for Analog & HD VTX teknik donanımıyla, hassas FPV dron montajları ve atölye projeleri için geliştirilmiştir. %100 doğrulanmış orijinal ürün.	https://pozitronmarket.com/products/iflight-lc-filter-3a-5-36v-twin-pack-set-of-2-14	https://pozitronmarket.com/assets/products/PZTR-CNV-0014.jpg	in_stock	625.00 TRY	iFlight	new	5433	no	TR:::Standart Kargo:99.00 TRY
PZTR-SCR-0019	Pozitron Hardware 304 Stainless M4 & M5 Fasteners (M4 x 10mm Alyan Civata (10'lu Paket))	"Orijinal Pozitron Hardware 304 Stainless M4 & M5 Fasteners (M4 x 10mm Alyan Civata (10'lu Paket)). DIN 912 304 Paslanmaz Çelik / 7"" Kol teknik donanımıyla, hassas FPV dron montajları ve atölye projeleri için geliştirilmiştir. %100 doğrulanmış orijinal ürün."	https://pozitronmarket.com/products/pozitron-hardware-304-stainless-m4-m5-fasteners-m4-x-10mm-alyan-civata-10-lu-paket-19	https://pozitronmarket.com/assets/products/PZTR-SCR-0019.jpg	in_stock	75.00 TRY	Pozitron Hardware	new	5433	no	TR:::Standart Kargo:99.00 TRY
PZTR-PRP-0027	Gemfan Flash 5152 2-Blade (Electric Yellow)	Orijinal Gemfan Flash 5152 2-Blade (Electric Yellow). Instant Throttle Spool Up teknik donanımıyla, hassas FPV dron montajları ve atölye projeleri için geliştirilmiştir. %100 doğrulanmış orijinal ürün.	https://pozitronmarket.com/products/gemfan-flash-5152-2-blade-electric-yellow-27	https://pozitronmarket.com/assets/products/PZTR-PRP-0027.jpg	in_stock	190.00 TRY	Gemfan	new	5433	no	TR:::Standart Kargo:99.00 TRY
PZTR-CNV-0024	RadioMaster ERS-CU01 Current Sensor (Waterproof Silicone Coated)	Orijinal RadioMaster ERS-CU01 Current Sensor (Waterproof Silicone Coated). Outdoor Long Range Reliability teknik donanımıyla, hassas FPV dron montajları ve atölye projeleri için geliştirilmiştir. %100 doğrulanmış orijinal ürün.	https://pozitronmarket.com/products/radiomaster-ers-cu01-current-sensor-waterproof-silicone-coated-24	https://pozitronmarket.com/assets/products/PZTR-CNV-0024.jpg	in_stock	900.00 TRY	RadioMaster	new	5433	no	TR:::Standart Kargo:99.00 TRY
PZTR-MOT-0025	EMAX ECO II 2207 (1900KV (4-Pack))	Orijinal EMAX ECO II 2207 (1900KV (4-Pack)). Anodized Black Set of 4 teknik donanımıyla, hassas FPV dron montajları ve atölye projeleri için geliştirilmiştir. %100 doğrulanmış orijinal ürün.	https://pozitronmarket.com/products/emax-eco-ii-2207-1900kv-4-pack-25	https://pozitronmarket.com/assets/products/PZTR-MOT-0025.jpg	in_stock	2995.00 TRY	EMAX	new	5433	no	TR:::Standart Kargo:0.00 TRY
PZTR-FLC-0018	Holybro Pixhawk 6C (Bundle with PM02 Power Module)	Orijinal Holybro Pixhawk 6C (Bundle with PM02 Power Module). Complete Power & Telemetry Pack teknik donanımıyla, hassas FPV dron montajları ve atölye projeleri için geliştirilmiştir. %100 doğrulanmış orijinal ürün.	https://pozitronmarket.com/products/holybro-pixhawk-6c-bundle-with-pm02-power-module-18	https://pozitronmarket.com/assets/products/PZTR-FLC-0018.jpg	in_stock	10750.00 TRY	Holybro	new	5433	no	TR:::Standart Kargo:0.00 TRY
PZTR-ESC-0030	Skystars AM32 KM45A Mini (Freestyle 20x20 Mount)	Orijinal Skystars AM32 KM45A Mini (Freestyle 20x20 Mount). Includes M2 & M3 Dampers teknik donanımıyla, hassas FPV dron montajları ve atölye projeleri için geliştirilmiştir. %100 doğrulanmış orijinal ürün.	https://pozitronmarket.com/products/skystars-am32-km45a-mini-freestyle-20x20-mount-30	https://pozitronmarket.com/assets/products/PZTR-ESC-0030.jpg	in_stock	2250.00 TRY	Skystars	new	5433	no	TR:::Standart Kargo:0.00 TRY
PZTR-FRM-0036	GEPRC CineLog35 V2 HD (Standard 3.5-Inch Pusher Frame)	Orijinal GEPRC CineLog35 V2 HD (Standard 3.5-Inch Pusher Frame). Full Prop Guard & Carbon Top Plate teknik donanımıyla, hassas FPV dron montajları ve atölye projeleri için geliştirilmiştir. %100 doğrulanmış orijinal ürün.	https://pozitronmarket.com/products/geprc-cinelog35-v2-hd-standard-3-5-inch-pusher-frame-36	https://pozitronmarket.com/assets/products/PZTR-FRM-0036.jpg	in_stock	2900.00 TRY	GEPRC	new	5433	no	TR:::Standart Kargo:0.00 TRY
PZTR-FRM-0002	iFlight Nazgul Evoque F5X V2 (With O3 Digital HD TPU Kit)	Orijinal iFlight Nazgul Evoque F5X V2 (With O3 Digital HD TPU Kit). Jello-Free Vibration Dampening Mount teknik donanımıyla, hassas FPV dron montajları ve atölye projeleri için geliştirilmiştir. %100 doğrulanmış orijinal ürün.	https://pozitronmarket.com/products/iflight-nazgul-evoque-f5x-v2-with-o3-digital-hd-tpu-kit-2	https://pozitronmarket.com/assets/products/PZTR-FRM-0002.jpg	in_stock	3825.00 TRY	iFlight	new	5433	no	TR:::Standart Kargo:0.00 TRY
PZTR-ANT-0003	Foxeer Lollipop 4 Plus (U.FL / IPEX (Set of 2))	Orijinal Foxeer Lollipop 4 Plus (U.FL / IPEX (Set of 2)). Micro Direct Plug for Tiny Whoops teknik donanımıyla, hassas FPV dron montajları ve atölye projeleri için geliştirilmiştir. %100 doğrulanmış orijinal ürün.	https://pozitronmarket.com/products/foxeer-lollipop-4-plus-u-fl-ipex-set-of-2-3	https://pozitronmarket.com/assets/products/PZTR-ANT-0003.jpg	in_stock	925.00 TRY	Foxeer	new	5433	no	TR:::Standart Kargo:99.00 TRY
PZTR-FRM-0020	AxisFlying Manta 5-Inch HD (With Spare Carbon Arm Pair)	Orijinal AxisFlying Manta 5-Inch HD (With Spare Carbon Arm Pair). Keep 2 Arms Ready in Bag teknik donanımıyla, hassas FPV dron montajları ve atölye projeleri için geliştirilmiştir. %100 doğrulanmış orijinal ürün.	https://pozitronmarket.com/products/axisflying-manta-5-inch-hd-with-spare-carbon-arm-pair-20	https://pozitronmarket.com/assets/products/PZTR-FRM-0020.jpg	in_stock	4400.00 TRY	AxisFlying	new	5433	no	TR:::Standart Kargo:0.00 TRY
PZTR-VTX-0019	SpeedyBee TX800 800mW Mini (Compact 5.6g Whoop Spec)	Orijinal SpeedyBee TX800 800mW Mini (Compact 5.6g Whoop Spec). Lightweight Long Range Micro Rig teknik donanımıyla, hassas FPV dron montajları ve atölye projeleri için geliştirilmiştir. %100 doğrulanmış orijinal ürün.	https://pozitronmarket.com/products/speedybee-tx800-800mw-mini-compact-5-6g-whoop-spec-19	https://pozitronmarket.com/assets/products/PZTR-VTX-0019.jpg	in_stock	1225.00 TRY	SpeedyBee	new	5433	no	TR:::Standart Kargo:99.00 TRY
PZTR-FRM-0024	BetaFPV Pavo25 V2 Cinewhoop (Ultralight Naked GoPro Spec)	Orijinal BetaFPV Pavo25 V2 Cinewhoop (Ultralight Naked GoPro Spec). Max Payload Flight Time Setup teknik donanımıyla, hassas FPV dron montajları ve atölye projeleri için geliştirilmiştir. %100 doğrulanmış orijinal ürün.	https://pozitronmarket.com/products/betafpv-pavo25-v2-cinewhoop-ultralight-naked-gopro-spec-24	https://pozitronmarket.com/assets/products/PZTR-FRM-0024.jpg	in_stock	2250.00 TRY	BetaFPV	new	5433	no	TR:::Standart Kargo:0.00 TRY
PZTR-BAT-0018	ISDT K4 Smart Dual Charger (With 2x Parallel Balance Boards)	Orijinal ISDT K4 Smart Dual Charger (With 2x Parallel Balance Boards). Charge Up to 8 Batteries at Once teknik donanımıyla, hassas FPV dron montajları ve atölye projeleri için geliştirilmiştir. %100 doğrulanmış orijinal ürün.	https://pozitronmarket.com/products/isdt-k4-smart-dual-charger-with-2x-parallel-balance-boards-18	https://pozitronmarket.com/assets/products/PZTR-BAT-0018.jpg	in_stock	8750.00 TRY	ISDT	new	5433	no	TR:::Standart Kargo:0.00 TRY
PZTR-FLC-0033	iFlight Blitz F7 Pro FC (With DJI O3 Plug & Play Cable)	Orijinal iFlight Blitz F7 Pro FC (With DJI O3 Plug & Play Cable). Clean 9V 2.5A Regulated Rail teknik donanımıyla, hassas FPV dron montajları ve atölye projeleri için geliştirilmiştir. %100 doğrulanmış orijinal ürün.	https://pozitronmarket.com/products/iflight-blitz-f7-pro-fc-with-dji-o3-plug-play-cable-33	https://pozitronmarket.com/assets/products/PZTR-FLC-0033.jpg	in_stock	3100.00 TRY	iFlight	new	5433	no	TR:::Standart Kargo:0.00 TRY
PZTR-CAM-0011	Caddx Ratel 2 Micro (Black 2.1mm Lens)	"Orijinal Caddx Ratel 2 Micro (Black 2.1mm Lens). 1/1.8"" Starlight HDR Sensor / 16:9 & 4:3 teknik donanımıyla, hassas FPV dron montajları ve atölye projeleri için geliştirilmiştir. %100 doğrulanmış orijinal ürün."	https://pozitronmarket.com/products/caddx-ratel-2-micro-black-2-1mm-lens-11	https://pozitronmarket.com/assets/products/PZTR-CAM-0011.jpg	in_stock	1645.00 TRY	Caddx	new	5433	no	TR:::Standart Kargo:0.00 TRY
PZTR-GPS-0021	Flywoo GOKU GM10 Nano GPS (Standard GM10 Nano V3)	Orijinal Flywoo GOKU GM10 Nano GPS (Standard GM10 Nano V3). Weighs Only 4.1g / 10th Gen u-blox teknik donanımıyla, hassas FPV dron montajları ve atölye projeleri için geliştirilmiştir. %100 doğrulanmış orijinal ürün.	https://pozitronmarket.com/products/flywoo-goku-gm10-nano-gps-standard-gm10-nano-v3-21	https://pozitronmarket.com/assets/products/PZTR-GPS-0021.jpg	in_stock	1145.00 TRY	Flywoo	new	5433	no	TR:::Standart Kargo:99.00 TRY
PZTR-TXR-0011	RadioMaster Pocket EdgeTX (Charcoal Black (ELRS 2.4G))	Orijinal RadioMaster Pocket EdgeTX (Charcoal Black (ELRS 2.4G)). Removable Stick Ends & Folding Antenna teknik donanımıyla, hassas FPV dron montajları ve atölye projeleri için geliştirilmiştir. %100 doğrulanmış orijinal ürün.	https://pozitronmarket.com/products/radiomaster-pocket-edgetx-charcoal-black-elrs-2-4g-11	https://pozitronmarket.com/assets/products/PZTR-TXR-0011.jpg	in_stock	3249.50 TRY	RadioMaster	new	5433	no	TR:::Standart Kargo:0.00 TRY
PZTR-FLC-0003	SpeedyBee F405 V4 Master FC (DJI O3 Direct Plug-and-Play)	Orijinal SpeedyBee F405 V4 Master FC (DJI O3 Direct Plug-and-Play). Includes 6-Pin Silicon Harness teknik donanımıyla, hassas FPV dron montajları ve atölye projeleri için geliştirilmiştir. %100 doğrulanmış orijinal ürün.	https://pozitronmarket.com/products/speedybee-f405-v4-master-fc-dji-o3-direct-plug-and-play-3	https://pozitronmarket.com/assets/products/PZTR-FLC-0003.jpg	in_stock	2299.50 TRY	SpeedyBee	new	5433	no	TR:::Standart Kargo:0.00 TRY
PZTR-CAM-0030	RunCam Thumb Pro 4K (Field Filmmaker Bundle)	Orijinal RunCam Thumb Pro 4K (Field Filmmaker Bundle). Camera + ND Filters + 3D Mount teknik donanımıyla, hassas FPV dron montajları ve atölye projeleri için geliştirilmiştir. %100 doğrulanmış orijinal ürün.	https://pozitronmarket.com/products/runcam-thumb-pro-4k-field-filmmaker-bundle-30	https://pozitronmarket.com/assets/products/PZTR-CAM-0030.jpg	in_stock	5450.00 TRY	RunCam	new	5433	no	TR:::Standart Kargo:0.00 TRY
PZTR-BAT-0034	Tattu FunFly 1300mAh 6S (With Silicon End Protector Cap)	Orijinal Tattu FunFly 1300mAh 6S (With Silicon End Protector Cap). Shields Cells in Frontal Crashes teknik donanımıyla, hassas FPV dron montajları ve atölye projeleri için geliştirilmiştir. %100 doğrulanmış orijinal ürün.	https://pozitronmarket.com/products/tattu-funfly-1300mah-6s-with-silicon-end-protector-cap-34	https://pozitronmarket.com/assets/products/PZTR-BAT-0034.jpg	in_stock	1500.00 TRY	Tattu	new	5433	no	TR:::Standart Kargo:0.00 TRY
PZTR-BAT-0039	ToolkitRC M4AC Pocket Charger (Compact Travel Pocket Spec)	Orijinal ToolkitRC M4AC Pocket Charger (Compact Travel Pocket Spec). Keep in Backpack for Emergency Charges teknik donanımıyla, hassas FPV dron montajları ve atölye projeleri için geliştirilmiştir. %100 doğrulanmış orijinal ürün.	https://pozitronmarket.com/products/toolkitrc-m4ac-pocket-charger-compact-travel-pocket-spec-39	https://pozitronmarket.com/assets/products/PZTR-BAT-0039.jpg	in_stock	1275.00 TRY	ToolkitRC	new	5433	no	TR:::Standart Kargo:99.00 TRY
PZTR-FLC-0023	BetaFPV F722 AIO 40A (Built-In ExpressLRS 2.4G RX)	Orijinal BetaFPV F722 AIO 40A (Built-In ExpressLRS 2.4G RX). Zero Additional Wire Weight teknik donanımıyla, hassas FPV dron montajları ve atölye projeleri için geliştirilmiştir. %100 doğrulanmış orijinal ürün.	https://pozitronmarket.com/products/betafpv-f722-aio-40a-built-in-expresslrs-2-4g-rx-23	https://pozitronmarket.com/assets/products/PZTR-FLC-0023.jpg	in_stock	3600.00 TRY	BetaFPV	new	5433	no	TR:::Standart Kargo:0.00 TRY
PZTR-CNV-0018	Matek Systems Buck-Boost Converter 12V 2A (High Current 2.5A Peak Spec)	Orijinal Matek Systems Buck-Boost Converter 12V 2A (High Current 2.5A Peak Spec). Powers HD VTX & Goggles teknik donanımıyla, hassas FPV dron montajları ve atölye projeleri için geliştirilmiştir. %100 doğrulanmış orijinal ürün.	https://pozitronmarket.com/products/matek-systems-buck-boost-converter-12v-2a-high-current-2-5a-peak-spec-18	https://pozitronmarket.com/assets/products/PZTR-CNV-0018.jpg	in_stock	745.00 TRY	Matek Systems	new	5433	no	TR:::Standart Kargo:99.00 TRY
PZTR-TOO-0004	Miniware TS101 Soldering Iron (Pro Bundle with 3 Extra Tips)	Orijinal Miniware TS101 Soldering Iron (Pro Bundle with 3 Extra Tips). Includes B2, BC2, and K Chisel Tips teknik donanımıyla, hassas FPV dron montajları ve atölye projeleri için geliştirilmiştir. %100 doğrulanmış orijinal ürün.	https://pozitronmarket.com/products/miniware-ts101-soldering-iron-pro-bundle-with-3-extra-tips-4	https://pozitronmarket.com/assets/products/PZTR-TOO-0004.jpg	in_stock	3995.00 TRY	Miniware	new	5433	no	TR:::Standart Kargo:0.00 TRY
PZTR-GPS-0020	Holybro Micro M10 GPS (Twin Pack (Set of 2))	Orijinal Holybro Micro M10 GPS (Twin Pack (Set of 2)). Equip Two Autonomous Drones teknik donanımıyla, hassas FPV dron montajları ve atölye projeleri için geliştirilmiştir. %100 doğrulanmış orijinal ürün.	https://pozitronmarket.com/products/holybro-micro-m10-gps-twin-pack-set-of-2-20	https://pozitronmarket.com/assets/products/PZTR-GPS-0020.jpg	in_stock	3250.00 TRY	Holybro	new	5433	no	TR:::Standart Kargo:0.00 TRY
PZTR-PRP-0011	HQProp Ethix P3 Peanut Butter (Peanut Butter Brown)	Orijinal HQProp Ethix P3 Peanut Butter (Peanut Butter Brown). Juicy Throttle Control Spec teknik donanımıyla, hassas FPV dron montajları ve atölye projeleri için geliştirilmiştir. %100 doğrulanmış orijinal ürün.	https://pozitronmarket.com/products/hqprop-ethix-p3-peanut-butter-peanut-butter-brown-11	https://pozitronmarket.com/assets/products/PZTR-PRP-0011.jpg	in_stock	210.00 TRY	HQProp	new	5433	no	TR:::Standart Kargo:99.00 TRY
PZTR-CNV-0016	Matek Systems Buck-Boost Converter 12V 2A (Constant 12V 2A Output)	Orijinal Matek Systems Buck-Boost Converter 12V 2A (Constant 12V 2A Output). Maintains 12V Even at Low LiPo Voltage teknik donanımıyla, hassas FPV dron montajları ve atölye projeleri için geliştirilmiştir. %100 doğrulanmış orijinal ürün.	https://pozitronmarket.com/products/matek-systems-buck-boost-converter-12v-2a-constant-12v-2a-output-16	https://pozitronmarket.com/assets/products/PZTR-CNV-0016.jpg	in_stock	675.00 TRY	Matek Systems	new	5433	no	TR:::Standart Kargo:99.00 TRY
PZTR-PRP-0040	Gemfan Micro 31mm 4-Blade (10 Sets Fleet Pack (40 Props))	Orijinal Gemfan Micro 31mm 4-Blade (10 Sets Fleet Pack (40 Props)). School & Training Lab Bulk Pack teknik donanımıyla, hassas FPV dron montajları ve atölye projeleri için geliştirilmiştir. %100 doğrulanmış orijinal ürün.	https://pozitronmarket.com/products/gemfan-micro-31mm-4-blade-10-sets-fleet-pack-40-props-40	https://pozitronmarket.com/assets/products/PZTR-PRP-0040.jpg	in_stock	1100.00 TRY	Gemfan	new	5433	no	TR:::Standart Kargo:99.00 TRY
PZTR-FLC-0029	Happymodel Crazybee G473 AIO (Includes JST-SH 1.0 Motor Plugs)	Orijinal Happymodel Crazybee G473 AIO (Includes JST-SH 1.0 Motor Plugs). Solder-Free Motor Replacement teknik donanımıyla, hassas FPV dron montajları ve atölye projeleri için geliştirilmiştir. %100 doğrulanmış orijinal ürün.	https://pozitronmarket.com/products/happymodel-crazybee-g473-aio-includes-jst-sh-1-0-motor-plugs-29	https://pozitronmarket.com/assets/products/PZTR-FLC-0029.jpg	in_stock	2375.00 TRY	Happymodel	new	5433	no	TR:::Standart Kargo:0.00 TRY
PZTR-TXR-0017	RadioMaster RP1 ExpressLRS RX (With Pre-soldered Silicone Lead)	Orijinal RadioMaster RP1 ExpressLRS RX (With Pre-soldered Silicone Lead). Plug & Play Flight Controller Hookup teknik donanımıyla, hassas FPV dron montajları ve atölye projeleri için geliştirilmiştir. %100 doğrulanmış orijinal ürün.	https://pozitronmarket.com/products/radiomaster-rp1-expresslrs-rx-with-pre-soldered-silicone-lead-17	https://pozitronmarket.com/assets/products/PZTR-TXR-0017.jpg	in_stock	825.00 TRY	RadioMaster	new	5433	no	TR:::Standart Kargo:99.00 TRY
PZTR-TXR-0025	TBS Crossfire Nano RX Pro (Complete Wiring & Header Pack)	Orijinal TBS Crossfire Nano RX Pro (Complete Wiring & Header Pack). Includes Pin Headers & Silicone Wires teknik donanımıyla, hassas FPV dron montajları ve atölye projeleri için geliştirilmiştir. %100 doğrulanmış orijinal ürün.	https://pozitronmarket.com/products/tbs-crossfire-nano-rx-pro-complete-wiring-header-pack-25	https://pozitronmarket.com/assets/products/PZTR-TXR-0025.jpg	in_stock	1575.00 TRY	TBS	new	5433	no	TR:::Standart Kargo:0.00 TRY
PZTR-MOT-0013	iFlight XING2 2207 (1855KV Gold)	Orijinal iFlight XING2 2207 (1855KV Gold). Cyberpunk Gold teknik donanımıyla, hassas FPV dron montajları ve atölye projeleri için geliştirilmiştir. %100 doğrulanmış orijinal ürün.	https://pozitronmarket.com/products/iflight-xing2-2207-1855kv-gold-13	https://pozitronmarket.com/assets/products/PZTR-MOT-0013.jpg	in_stock	1275.00 TRY	iFlight	new	5433	no	TR:::Standart Kargo:99.00 TRY
PZTR-MOT-0037	Flywoo ROBO RB 1202.5 (11500KV)	Orijinal Flywoo ROBO RB 1202.5 (11500KV). Gold/Purple Anodized teknik donanımıyla, hassas FPV dron montajları ve atölye projeleri için geliştirilmiştir. %100 doğrulanmış orijinal ürün.	https://pozitronmarket.com/products/flywoo-robo-rb-1202-5-11500kv-37	https://pozitronmarket.com/assets/products/PZTR-MOT-0037.jpg	in_stock	645.00 TRY	Flywoo	new	5433	no	TR:::Standart Kargo:99.00 TRY
PZTR-TOO-0007	Vifly ShortSaver 2 Smoke Stopper (With 3ms Super Fast Auto Shutoff)	Orijinal Vifly ShortSaver 2 Smoke Stopper (With 3ms Super Fast Auto Shutoff). Zero Risk of Burning ESC or FC teknik donanımıyla, hassas FPV dron montajları ve atölye projeleri için geliştirilmiştir. %100 doğrulanmış orijinal ürün.	https://pozitronmarket.com/products/vifly-shortsaver-2-smoke-stopper-with-3ms-super-fast-auto-shutoff-7	https://pozitronmarket.com/assets/products/PZTR-TOO-0007.jpg	in_stock	825.00 TRY	Vifly	new	5433	no	TR:::Standart Kargo:99.00 TRY
PZTR-ESC-0018	T-Motor F55A PRO II 4in1 (High Current 75A Burst Spec)	Orijinal T-Motor F55A PRO II 4in1 (High Current 75A Burst Spec). Gold Plated Solder Tabs teknik donanımıyla, hassas FPV dron montajları ve atölye projeleri için geliştirilmiştir. %100 doğrulanmış orijinal ürün.	https://pozitronmarket.com/products/t-motor-f55a-pro-ii-4in1-high-current-75a-burst-spec-18	https://pozitronmarket.com/assets/products/PZTR-ESC-0018.jpg	in_stock	4495.00 TRY	T-Motor	new	5433	no	TR:::Standart Kargo:0.00 TRY
PZTR-ANT-0002	Foxeer Lollipop 4 Plus (LHCP SMA (Set of 2))	Orijinal Foxeer Lollipop 4 Plus (LHCP SMA (Set of 2)). Ideal for DJI Digital HD Systems teknik donanımıyla, hassas FPV dron montajları ve atölye projeleri için geliştirilmiştir. %100 doğrulanmış orijinal ürün.	https://pozitronmarket.com/products/foxeer-lollipop-4-plus-lhcp-sma-set-of-2-2	https://pozitronmarket.com/assets/products/PZTR-ANT-0002.jpg	in_stock	995.00 TRY	Foxeer	new	5433	no	TR:::Standart Kargo:99.00 TRY
PZTR-INS-0009	Ktehloy Brass Heat-Set Threaded Inserts (M3 x 5.7mm (10'lu Paket))	Orijinal Ktehloy Brass Heat-Set Threaded Inserts (M3 x 5.7mm (10'lu Paket)). 45° Spiral Tırtıklı Pirinç / Kol & Canopy Güçlendirme teknik donanımıyla, hassas FPV dron montajları ve atölye projeleri için geliştirilmiştir. %100 doğrulanmış orijinal ürün.	https://pozitronmarket.com/products/ktehloy-brass-heat-set-threaded-inserts-m3-x-5-7mm-10-lu-paket-9	https://pozitronmarket.com/assets/products/PZTR-INS-0009.jpg	in_stock	95.00 TRY	Ktehloy	new	5433	no	TR:::Standart Kargo:99.00 TRY
PZTR-VTX-0004	TBS Unify Pro32 HV (With Aluminum Heat Sink)	Orijinal TBS Unify Pro32 HV (With Aluminum Heat Sink). Heavy Duty Extended Full Power Spec teknik donanımıyla, hassas FPV dron montajları ve atölye projeleri için geliştirilmiştir. %100 doğrulanmış orijinal ürün.	https://pozitronmarket.com/products/tbs-unify-pro32-hv-with-aluminum-heat-sink-4	https://pozitronmarket.com/assets/products/PZTR-VTX-0004.jpg	in_stock	2825.00 TRY	TBS	new	5433	no	TR:::Standart Kargo:0.00 TRY
PZTR-VTX-0025	Walksnail Avatar GT 2W Module (Fixed Wing Long Distance Bundle)	Orijinal Walksnail Avatar GT 2W Module (Fixed Wing Long Distance Bundle). 20km+ Video Transmission Setup teknik donanımıyla, hassas FPV dron montajları ve atölye projeleri için geliştirilmiştir. %100 doğrulanmış orijinal ürün.	https://pozitronmarket.com/products/walksnail-avatar-gt-2w-module-fixed-wing-long-distance-bundle-25	https://pozitronmarket.com/assets/products/PZTR-VTX-0025.jpg	in_stock	6950.00 TRY	Walksnail	new	5433	no	TR:::Standart Kargo:0.00 TRY
PZTR-TOO-0015	Sequre Titanium Hex Screwdriver Set (Pro Race Pit Crew Spec)	Orijinal Sequre Titanium Hex Screwdriver Set (Pro Race Pit Crew Spec). Essential for Fast Prop & Motor Swaps teknik donanımıyla, hassas FPV dron montajları ve atölye projeleri için geliştirilmiştir. %100 doğrulanmış orijinal ürün.	https://pozitronmarket.com/products/sequre-titanium-hex-screwdriver-set-pro-race-pit-crew-spec-15	https://pozitronmarket.com/assets/products/PZTR-TOO-0015.jpg	in_stock	1350.00 TRY	Sequre	new	5433	no	TR:::Standart Kargo:99.00 TRY
PZTR-BAT-0008	CNHL Black Series 1500mAh (Quad Pack (4 Batteries))	Orijinal CNHL Black Series 1500mAh (Quad Pack (4 Batteries)). Full Afternoon Flying Session teknik donanımıyla, hassas FPV dron montajları ve atölye projeleri için geliştirilmiştir. %100 doğrulanmış orijinal ürün.	https://pozitronmarket.com/products/cnhl-black-series-1500mah-quad-pack-4-batteries-8	https://pozitronmarket.com/assets/products/PZTR-BAT-0008.jpg	in_stock	3995.00 TRY	CNHL	new	5433	no	TR:::Standart Kargo:0.00 TRY
PZTR-TOO-0027	Vifly Finder 2 Autonomous Buzzer (Finder Mini (4.5 Grams))	Orijinal Vifly Finder 2 Autonomous Buzzer (Finder Mini (4.5 Grams)). Ultra Featherweight Whoop Spec teknik donanımıyla, hassas FPV dron montajları ve atölye projeleri için geliştirilmiştir. %100 doğrulanmış orijinal ürün.	https://pozitronmarket.com/products/vifly-finder-2-autonomous-buzzer-finder-mini-4-5-grams-27	https://pozitronmarket.com/assets/products/PZTR-TOO-0027.jpg	in_stock	649.50 TRY	Vifly	new	5433	no	TR:::Standart Kargo:99.00 TRY
PZTR-FLC-0024	BetaFPV F722 AIO 40A (Sub-10g Ultra-Light Spec)	Orijinal BetaFPV F722 AIO 40A (Sub-10g Ultra-Light Spec). Ideal for 3-Inch Ultralight Rigs teknik donanımıyla, hassas FPV dron montajları ve atölye projeleri için geliştirilmiştir. %100 doğrulanmış orijinal ürün.	https://pozitronmarket.com/products/betafpv-f722-aio-40a-sub-10g-ultra-light-spec-24	https://pozitronmarket.com/assets/products/PZTR-FLC-0024.jpg	in_stock	3275.00 TRY	BetaFPV	new	5433	no	TR:::Standart Kargo:0.00 TRY
PZTR-FRM-0019	AxisFlying Manta 5-Inch HD (Lightweight Titanium Screw Spec)	Orijinal AxisFlying Manta 5-Inch HD (Lightweight Titanium Screw Spec). Weighs Less for Faster Throttle teknik donanımıyla, hassas FPV dron montajları ve atölye projeleri için geliştirilmiştir. %100 doğrulanmış orijinal ürün.	https://pozitronmarket.com/products/axisflying-manta-5-inch-hd-lightweight-titanium-screw-spec-19	https://pozitronmarket.com/assets/products/PZTR-FRM-0019.jpg	in_stock	3850.00 TRY	AxisFlying	new	5433	no	TR:::Standart Kargo:0.00 TRY
PZTR-TOO-0035	Ethix Prop Tool Wrench (Heavy Duty Steel Socket Spec)	Orijinal Ethix Prop Tool Wrench (Heavy Duty Steel Socket Spec). Wear Resistant Steel Head teknik donanımıyla, hassas FPV dron montajları ve atölye projeleri için geliştirilmiştir. %100 doğrulanmış orijinal ürün.	https://pozitronmarket.com/products/ethix-prop-tool-wrench-heavy-duty-steel-socket-spec-35	https://pozitronmarket.com/assets/products/PZTR-TOO-0035.jpg	in_stock	575.00 TRY	Ethix	new	5433	no	TR:::Standart Kargo:99.00 TRY
PZTR-TOO-0036	Sequre SQ-001 Soldering Iron (Blue Shell with TS-B2 Tip)	Orijinal Sequre SQ-001 Soldering Iron (Blue Shell with TS-B2 Tip). DC12-24V Input / OLED Display teknik donanımıyla, hassas FPV dron montajları ve atölye projeleri için geliştirilmiştir. %100 doğrulanmış orijinal ürün.	https://pozitronmarket.com/products/sequre-sq-001-soldering-iron-blue-shell-with-ts-b2-tip-36	https://pozitronmarket.com/assets/products/PZTR-TOO-0036.jpg	in_stock	2495.00 TRY	Sequre	new	5433	no	TR:::Standart Kargo:0.00 TRY
PZTR-BAT-0017	ISDT K4 Smart Dual Charger (With BattAir Bluetooth Sensor Kit)	Orijinal ISDT K4 Smart Dual Charger (With BattAir Bluetooth Sensor Kit). Automatic Battery Health Logging teknik donanımıyla, hassas FPV dron montajları ve atölye projeleri için geliştirilmiştir. %100 doğrulanmış orijinal ürün.	https://pozitronmarket.com/products/isdt-k4-smart-dual-charger-with-battair-bluetooth-sensor-kit-17	https://pozitronmarket.com/assets/products/PZTR-BAT-0017.jpg	in_stock	8200.00 TRY	ISDT	new	5433	no	TR:::Standart Kargo:0.00 TRY
PZTR-MOT-0007	T-Motor Velox V3 (1950KV)	Orijinal T-Motor Velox V3 (1950KV). Orange Anodized teknik donanımıyla, hassas FPV dron montajları ve atölye projeleri için geliştirilmiştir. %100 doğrulanmış orijinal ürün.	https://pozitronmarket.com/products/t-motor-velox-v3-1950kv-7	https://pozitronmarket.com/assets/products/PZTR-MOT-0007.jpg	in_stock	875.00 TRY	T-Motor	new	5433	no	TR:::Standart Kargo:99.00 TRY
PZTR-CNV-0020	Matek Systems Buck-Boost Converter 12V 2A (Twin Pack Fleet Bundle)	Orijinal Matek Systems Buck-Boost Converter 12V 2A (Twin Pack Fleet Bundle). Includes 2 Buck-Boost Units teknik donanımıyla, hassas FPV dron montajları ve atölye projeleri için geliştirilmiştir. %100 doğrulanmış orijinal ürün.	https://pozitronmarket.com/products/matek-systems-buck-boost-converter-12v-2a-twin-pack-fleet-bundle-20	https://pozitronmarket.com/assets/products/PZTR-CNV-0020.jpg	in_stock	1250.00 TRY	Matek Systems	new	5433	no	TR:::Standart Kargo:99.00 TRY
PZTR-TOO-0014	Sequre Titanium Hex Screwdriver Set (Includes Zipper Tool Case)	Orijinal Sequre Titanium Hex Screwdriver Set (Includes Zipper Tool Case). Protects Tools During Field Travel teknik donanımıyla, hassas FPV dron montajları ve atölye projeleri için geliştirilmiştir. %100 doğrulanmış orijinal ürün.	https://pozitronmarket.com/products/sequre-titanium-hex-screwdriver-set-includes-zipper-tool-case-14	https://pozitronmarket.com/assets/products/PZTR-TOO-0014.jpg	in_stock	1475.00 TRY	Sequre	new	5433	no	TR:::Standart Kargo:99.00 TRY
PZTR-PRP-0035	Master Airscrew 1045 Foldable Carbon (Octocopter 8-Pack Bundle)	Orijinal Master Airscrew 1045 Foldable Carbon (Octocopter 8-Pack Bundle). Heavy Lift Cinema Drone Set teknik donanımıyla, hassas FPV dron montajları ve atölye projeleri için geliştirilmiştir. %100 doğrulanmış orijinal ürün.	https://pozitronmarket.com/products/master-airscrew-1045-foldable-carbon-octocopter-8-pack-bundle-35	https://pozitronmarket.com/assets/products/PZTR-PRP-0035.jpg	in_stock	4250.00 TRY	Master Airscrew	new	5433	no	TR:::Standart Kargo:0.00 TRY
PZTR-GPS-0004	Matek Systems M10-5883 High Precision GPS (With 3D TPU Drone Arm Mount)	Orijinal Matek Systems M10-5883 High Precision GPS (With 3D TPU Drone Arm Mount). Interference-Free High Mast Mount teknik donanımıyla, hassas FPV dron montajları ve atölye projeleri için geliştirilmiştir. %100 doğrulanmış orijinal ürün.	https://pozitronmarket.com/products/matek-systems-m10-5883-high-precision-gps-with-3d-tpu-drone-arm-mount-4	https://pozitronmarket.com/assets/products/PZTR-GPS-0004.jpg	in_stock	1600.00 TRY	Matek Systems	new	5433	no	TR:::Standart Kargo:0.00 TRY
PZTR-ESC-0010	Foxeer Reaper F4 65A 128K (Extreme Endurance Edition)	Orijinal Foxeer Reaper F4 65A 128K (Extreme Endurance Edition). High Burst 100A Rating teknik donanımıyla, hassas FPV dron montajları ve atölye projeleri için geliştirilmiştir. %100 doğrulanmış orijinal ürün.	https://pozitronmarket.com/products/foxeer-reaper-f4-65a-128k-extreme-endurance-edition-10	https://pozitronmarket.com/assets/products/PZTR-ESC-0010.jpg	in_stock	4450.00 TRY	Foxeer	new	5433	no	TR:::Standart Kargo:0.00 TRY
PZTR-PRP-0029	Gemfan Flash 5152 2-Blade (Double Pack (8 Props))	Orijinal Gemfan Flash 5152 2-Blade (Double Pack (8 Props)). 2 Full Sets Racing Spares teknik donanımıyla, hassas FPV dron montajları ve atölye projeleri için geliştirilmiştir. %100 doğrulanmış orijinal ürün.	https://pozitronmarket.com/products/gemfan-flash-5152-2-blade-double-pack-8-props-29	https://pozitronmarket.com/assets/products/PZTR-PRP-0029.jpg	in_stock	360.00 TRY	Gemfan	new	5433	no	TR:::Standart Kargo:99.00 TRY
PZTR-BAT-0022	ISDT 608AC Pocket Charger (With XT60 Charging Cable Set)	Orijinal ISDT 608AC Pocket Charger (With XT60 Charging Cable Set). Includes Banana to XT60 Adapters teknik donanımıyla, hassas FPV dron montajları ve atölye projeleri için geliştirilmiştir. %100 doğrulanmış orijinal ürün.	https://pozitronmarket.com/products/isdt-608ac-pocket-charger-with-xt60-charging-cable-set-22	https://pozitronmarket.com/assets/products/PZTR-BAT-0022.jpg	in_stock	3225.00 TRY	ISDT	new	5433	no	TR:::Standart Kargo:0.00 TRY
PZTR-TOO-0032	Ethix Prop Tool Wrench (With Built-In Motor Grip Pliers)	Orijinal Ethix Prop Tool Wrench (With Built-In Motor Grip Pliers). Hold Motor Bell Without Scratch teknik donanımıyla, hassas FPV dron montajları ve atölye projeleri için geliştirilmiştir. %100 doğrulanmış orijinal ürün.	https://pozitronmarket.com/products/ethix-prop-tool-wrench-with-built-in-motor-grip-pliers-32	https://pozitronmarket.com/assets/products/PZTR-TOO-0032.jpg	in_stock	775.00 TRY	Ethix	new	5433	no	TR:::Standart Kargo:99.00 TRY
PZTR-VTX-0017	SpeedyBee TX800 800mW Mini (With Copper Heat Sink Plate)	Orijinal SpeedyBee TX800 800mW Mini (With Copper Heat Sink Plate). Efficient Miniature Thermal Shield teknik donanımıyla, hassas FPV dron montajları ve atölye projeleri için geliştirilmiştir. %100 doğrulanmış orijinal ürün.	https://pozitronmarket.com/products/speedybee-tx800-800mw-mini-with-copper-heat-sink-plate-17	https://pozitronmarket.com/assets/products/PZTR-VTX-0017.jpg	in_stock	1299.50 TRY	SpeedyBee	new	5433	no	TR:::Standart Kargo:99.00 TRY
PZTR-PRP-0022	Gemfan Flash 7040 Tri-Blade (Whisper Clear)	Orijinal Gemfan Flash 7040 Tri-Blade (Whisper Clear). Low Vibration GPS Cruising teknik donanımıyla, hassas FPV dron montajları ve atölye projeleri için geliştirilmiştir. %100 doğrulanmış orijinal ürün.	https://pozitronmarket.com/products/gemfan-flash-7040-tri-blade-whisper-clear-22	https://pozitronmarket.com/assets/products/PZTR-PRP-0022.jpg	in_stock	260.00 TRY	Gemfan	new	5433	no	TR:::Standart Kargo:99.00 TRY
PZTR-ANT-0018	TrueRC Matchstick 5.8GHz (U.FL Micro Cable)	Orijinal TrueRC Matchstick 5.8GHz (U.FL Micro Cable). Whoop & Ultralight Spec teknik donanımıyla, hassas FPV dron montajları ve atölye projeleri için geliştirilmiştir. %100 doğrulanmış orijinal ürün.	https://pozitronmarket.com/products/truerc-matchstick-5-8ghz-u-fl-micro-cable-18	https://pozitronmarket.com/assets/products/PZTR-ANT-0018.jpg	in_stock	775.00 TRY	TrueRC	new	5433	no	TR:::Standart Kargo:99.00 TRY
PZTR-TXR-0021	TBS Crossfire Nano RX Pro (Standard Nano Pro (500mW Telemetry))	Orijinal TBS Crossfire Nano RX Pro (Standard Nano Pro (500mW Telemetry)). Long-Range Proven Reliability teknik donanımıyla, hassas FPV dron montajları ve atölye projeleri için geliştirilmiştir. %100 doğrulanmış orijinal ürün.	https://pozitronmarket.com/products/tbs-crossfire-nano-rx-pro-standard-nano-pro-500mw-telemetry-21	https://pozitronmarket.com/assets/products/PZTR-TXR-0021.jpg	in_stock	1497.50 TRY	TBS	new	5433	no	TR:::Standart Kargo:99.00 TRY
PZTR-MOT-0035	GEPRC SPEEDX2 2107.5 (2450KV (4-Pack))	Orijinal GEPRC SPEEDX2 2107.5 (2450KV (4-Pack)). Space Grey Set of 4 teknik donanımıyla, hassas FPV dron montajları ve atölye projeleri için geliştirilmiştir. %100 doğrulanmış orijinal ürün.	https://pozitronmarket.com/products/geprc-speedx2-2107-5-2450kv-4-pack-35	https://pozitronmarket.com/assets/products/PZTR-MOT-0035.jpg	in_stock	4100.00 TRY	GEPRC	new	5433	no	TR:::Standart Kargo:0.00 TRY
PZTR-PRP-0009	HQProp Ethix S3 Watermelon (Double Pack (8 Props))	Orijinal HQProp Ethix S3 Watermelon (Double Pack (8 Props)). 2 Full Sets of Watermelon S3 teknik donanımıyla, hassas FPV dron montajları ve atölye projeleri için geliştirilmiştir. %100 doğrulanmış orijinal ürün.	https://pozitronmarket.com/products/hqprop-ethix-s3-watermelon-double-pack-8-props-9	https://pozitronmarket.com/assets/products/PZTR-PRP-0009.jpg	in_stock	400.00 TRY	HQProp	new	5433	no	TR:::Standart Kargo:99.00 TRY
PZTR-GPS-0016	Holybro Micro M10 GPS (Standard Micro M10 + IST8310)	Orijinal Holybro Micro M10 GPS (Standard Micro M10 + IST8310). High Precision Electronic Compass teknik donanımıyla, hassas FPV dron montajları ve atölye projeleri için geliştirilmiştir. %100 doğrulanmış orijinal ürün.	https://pozitronmarket.com/products/holybro-micro-m10-gps-standard-micro-m10-ist8310-16	https://pozitronmarket.com/assets/products/PZTR-GPS-0016.jpg	in_stock	1745.00 TRY	Holybro	new	5433	no	TR:::Standart Kargo:0.00 TRY
PZTR-INS-0011	Ktehloy Brass Heat-Set Threaded Inserts (M4 x 8.0mm (10'lu Paket))	Orijinal Ktehloy Brass Heat-Set Threaded Inserts (M4 x 8.0mm (10'lu Paket)). 45° Spiral Tırtıklı Pirinç / Ağır Hizmet Montaj teknik donanımıyla, hassas FPV dron montajları ve atölye projeleri için geliştirilmiştir. %100 doğrulanmış orijinal ürün.	https://pozitronmarket.com/products/ktehloy-brass-heat-set-threaded-inserts-m4-x-8-0mm-10-lu-paket-11	https://pozitronmarket.com/assets/products/PZTR-INS-0011.jpg	in_stock	125.00 TRY	Ktehloy	new	5433	no	TR:::Standart Kargo:99.00 TRY
PZTR-MOT-0008	T-Motor Velox V3 (2050KV)	Orijinal T-Motor Velox V3 (2050KV). Blue Anodized teknik donanımıyla, hassas FPV dron montajları ve atölye projeleri için geliştirilmiştir. %100 doğrulanmış orijinal ürün.	https://pozitronmarket.com/products/t-motor-velox-v3-2050kv-8	https://pozitronmarket.com/assets/products/PZTR-MOT-0008.jpg	in_stock	895.00 TRY	T-Motor	new	5433	no	TR:::Standart Kargo:99.00 TRY
PZTR-SCR-0022	Pozitron Hardware 304 Stainless M4 & M5 Fasteners (M5 x 16mm Alyan Civata (10'lu Paket))	Orijinal Pozitron Hardware 304 Stainless M4 & M5 Fasteners (M5 x 16mm Alyan Civata (10'lu Paket)). DIN 912 304 Paslanmaz Çelik / Ağır Kol teknik donanımıyla, hassas FPV dron montajları ve atölye projeleri için geliştirilmiştir. %100 doğrulanmış orijinal ürün.	https://pozitronmarket.com/products/pozitron-hardware-304-stainless-m4-m5-fasteners-m5-x-16mm-alyan-civata-10-lu-paket-22	https://pozitronmarket.com/assets/products/PZTR-SCR-0022.jpg	in_stock	110.00 TRY	Pozitron Hardware	new	5433	no	TR:::Standart Kargo:99.00 TRY
PZTR-MOT-0014	iFlight XING2 2207 (1855KV (4-Pack))	Orijinal iFlight XING2 2207 (1855KV (4-Pack)). Titanium Grey Set of 4 teknik donanımıyla, hassas FPV dron montajları ve atölye projeleri için geliştirilmiştir. %100 doğrulanmış orijinal ürün.	https://pozitronmarket.com/products/iflight-xing2-2207-1855kv-4-pack-14	https://pozitronmarket.com/assets/products/PZTR-MOT-0014.jpg	in_stock	4700.00 TRY	iFlight	new	5433	no	TR:::Standart Kargo:0.00 TRY
PZTR-PRP-0028	Gemfan Flash 5152 2-Blade (High Speed Drag Spec)	Orijinal Gemfan Flash 5152 2-Blade (High Speed Drag Spec). 200km/h+ Velocity Tuning teknik donanımıyla, hassas FPV dron montajları ve atölye projeleri için geliştirilmiştir. %100 doğrulanmış orijinal ürün.	https://pozitronmarket.com/products/gemfan-flash-5152-2-blade-high-speed-drag-spec-28	https://pozitronmarket.com/assets/products/PZTR-PRP-0028.jpg	in_stock	195.00 TRY	Gemfan	new	5433	no	TR:::Standart Kargo:99.00 TRY
PZTR-FRM-0013	TBS Source One V5 (With Long Range 6-Inch Arms)	Orijinal TBS Source One V5 (With Long Range 6-Inch Arms). Compatible with 6-Inch Propellers teknik donanımıyla, hassas FPV dron montajları ve atölye projeleri için geliştirilmiştir. %100 doğrulanmış orijinal ürün.	https://pozitronmarket.com/products/tbs-source-one-v5-with-long-range-6-inch-arms-13	https://pozitronmarket.com/assets/products/PZTR-FRM-0013.jpg	in_stock	1700.00 TRY	TBS	new	5433	no	TR:::Standart Kargo:0.00 TRY
PZTR-TOO-0029	Vifly Finder 2 Autonomous Buzzer (Twin Pack Fleet Bundle)	Orijinal Vifly Finder 2 Autonomous Buzzer (Twin Pack Fleet Bundle). Includes 2 Autonomous Buzzers teknik donanımıyla, hassas FPV dron montajları ve atölye projeleri için geliştirilmiştir. %100 doğrulanmış orijinal ürün.	https://pozitronmarket.com/products/vifly-finder-2-autonomous-buzzer-twin-pack-fleet-bundle-29	https://pozitronmarket.com/assets/products/PZTR-TOO-0029.jpg	in_stock	1275.00 TRY	Vifly	new	5433	no	TR:::Standart Kargo:99.00 TRY
PZTR-TOO-0031	Ethix Prop Tool Wrench (Standard 8mm Nut Wrench)	Orijinal Ethix Prop Tool Wrench (Standard 8mm Nut Wrench). Quick Swap Propeller Ratchet teknik donanımıyla, hassas FPV dron montajları ve atölye projeleri için geliştirilmiştir. %100 doğrulanmış orijinal ürün.	https://pozitronmarket.com/products/ethix-prop-tool-wrench-standard-8mm-nut-wrench-31	https://pozitronmarket.com/assets/products/PZTR-TOO-0031.jpg	in_stock	495.00 TRY	Ethix	new	5433	no	TR:::Standart Kargo:99.00 TRY
PZTR-GPS-0010	Beitian Micro M8N GPS (Twin Pack (Set of 2))	Orijinal Beitian Micro M8N GPS (Twin Pack (Set of 2)). Keep Spares for Long Range Fleet teknik donanımıyla, hassas FPV dron montajları ve atölye projeleri için geliştirilmiştir. %100 doğrulanmış orijinal ürün.	https://pozitronmarket.com/products/beitian-micro-m8n-gps-twin-pack-set-of-2-10	https://pozitronmarket.com/assets/products/PZTR-GPS-0010.jpg	in_stock	1350.00 TRY	Beitian	new	5433	no	TR:::Standart Kargo:99.00 TRY
PZTR-TOO-0017	Kester 60/40 Rosin Core Solder Wire (Bench Spool (0.8mm / 100g))	Orijinal Kester 60/40 Rosin Core Solder Wire (Bench Spool (0.8mm / 100g)). Workshop Spool for 50+ Drone Builds teknik donanımıyla, hassas FPV dron montajları ve atölye projeleri için geliştirilmiştir. %100 doğrulanmış orijinal ürün.	https://pozitronmarket.com/products/kester-60-40-rosin-core-solder-wire-bench-spool-0-8mm-100g-17	https://pozitronmarket.com/assets/products/PZTR-TOO-0017.jpg	in_stock	1225.00 TRY	Kester	new	5433	no	TR:::Standart Kargo:99.00 TRY
PZTR-CNV-0013	iFlight LC Filter 3A 5-36V (High Inductance 16V Cap Spec)	Orijinal iFlight LC Filter 3A 5-36V (High Inductance 16V Cap Spec). Extreme Noise Suppression teknik donanımıyla, hassas FPV dron montajları ve atölye projeleri için geliştirilmiştir. %100 doğrulanmış orijinal ürün.	https://pozitronmarket.com/products/iflight-lc-filter-3a-5-36v-high-inductance-16v-cap-spec-13	https://pozitronmarket.com/assets/products/PZTR-CNV-0013.jpg	in_stock	395.00 TRY	iFlight	new	5433	no	TR:::Standart Kargo:99.00 TRY
PZTR-VTX-0016	SpeedyBee TX800 800mW Mini (Standard 800mW 20x20 Mount)	Orijinal SpeedyBee TX800 800mW Mini (Standard 800mW 20x20 Mount). IRC Tramp & Button Config / MMCX teknik donanımıyla, hassas FPV dron montajları ve atölye projeleri için geliştirilmiştir. %100 doğrulanmış orijinal ürün.	https://pozitronmarket.com/products/speedybee-tx800-800mw-mini-standard-800mw-20x20-mount-16	https://pozitronmarket.com/assets/products/PZTR-VTX-0016.jpg	in_stock	1199.50 TRY	SpeedyBee	new	5433	no	TR:::Standart Kargo:99.00 TRY
PZTR-ANT-0015	TrueRC Singularity 5.8GHz (Matched Diversity Pair (2 Pack))	Orijinal TrueRC Singularity 5.8GHz (Matched Diversity Pair (2 Pack)). Top Performance Goggle Receiver Setup teknik donanımıyla, hassas FPV dron montajları ve atölye projeleri için geliştirilmiştir. %100 doğrulanmış orijinal ürün.	https://pozitronmarket.com/products/truerc-singularity-5-8ghz-matched-diversity-pair-2-pack-15	https://pozitronmarket.com/assets/products/PZTR-ANT-0015.jpg	in_stock	2325.00 TRY	TrueRC	new	5433	no	TR:::Standart Kargo:0.00 TRY
PZTR-FLC-0006	Foxeer F722 V4 Dual Gyro (Dual BMI270 Gyro Setup)	Orijinal Foxeer F722 V4 Dual Gyro (Dual BMI270 Gyro Setup). Zero Resonance Active Fusion teknik donanımıyla, hassas FPV dron montajları ve atölye projeleri için geliştirilmiştir. %100 doğrulanmış orijinal ürün.	https://pozitronmarket.com/products/foxeer-f722-v4-dual-gyro-dual-bmi270-gyro-setup-6	https://pozitronmarket.com/assets/products/PZTR-FLC-0006.jpg	in_stock	2745.00 TRY	Foxeer	new	5433	no	TR:::Standart Kargo:0.00 TRY
PZTR-PRP-0019	Gemfan Cinewhoop D90S Ducted (Double Pack (8 Props))	Orijinal Gemfan Cinewhoop D90S Ducted (Double Pack (8 Props)). 2 Sets for CineLog35 & Pavo35 teknik donanımıyla, hassas FPV dron montajları ve atölye projeleri için geliştirilmiştir. %100 doğrulanmış orijinal ürün.	https://pozitronmarket.com/products/gemfan-cinewhoop-d90s-ducted-double-pack-8-props-19	https://pozitronmarket.com/assets/products/PZTR-PRP-0019.jpg	in_stock	425.00 TRY	Gemfan	new	5433	no	TR:::Standart Kargo:99.00 TRY
PZTR-TXR-0010	RadioMaster Boxer EdgeTX (With AG01 CNC Metal Gimbals Installed)	Orijinal RadioMaster Boxer EdgeTX (With AG01 CNC Metal Gimbals Installed). Pro Pilot Competition Specification teknik donanımıyla, hassas FPV dron montajları ve atölye projeleri için geliştirilmiştir. %100 doğrulanmış orijinal ürün.	https://pozitronmarket.com/products/radiomaster-boxer-edgetx-with-ag01-cnc-metal-gimbals-installed-10	https://pozitronmarket.com/assets/products/PZTR-TXR-0010.jpg	in_stock	11950.00 TRY	RadioMaster	new	5433	no	TR:::Standart Kargo:0.00 TRY
PZTR-CAM-0018	Foxeer Predator 5 Nano (With Micro-to-Full Bracket)	Orijinal Foxeer Predator 5 Nano (With Micro-to-Full Bracket). Mounts in 14mm, 19mm, 28mm Rigs teknik donanımıyla, hassas FPV dron montajları ve atölye projeleri için geliştirilmiştir. %100 doğrulanmış orijinal ürün.	https://pozitronmarket.com/products/foxeer-predator-5-nano-with-micro-to-full-bracket-18	https://pozitronmarket.com/assets/products/PZTR-CAM-0018.jpg	in_stock	1525.00 TRY	Foxeer	new	5433	no	TR:::Standart Kargo:0.00 TRY
PZTR-FLC-0027	Happymodel Crazybee G473 AIO (With Built-In SPI ELRS 2.4G)	Orijinal Happymodel Crazybee G473 AIO (With Built-In SPI ELRS 2.4G). High Packet Rate 500Hz Ready teknik donanımıyla, hassas FPV dron montajları ve atölye projeleri için geliştirilmiştir. %100 doğrulanmış orijinal ürün.	https://pozitronmarket.com/products/happymodel-crazybee-g473-aio-with-built-in-spi-elrs-2-4g-27	https://pozitronmarket.com/assets/products/PZTR-FLC-0027.jpg	in_stock	2495.00 TRY	Happymodel	new	5433	no	TR:::Standart Kargo:0.00 TRY
PZTR-VTX-0030	AKK FX2 Ultimate 1200mW (Long Distance Pilot Pack)	Orijinal AKK FX2 Ultimate 1200mW (Long Distance Pilot Pack). Includes High-Gain Pigtail teknik donanımıyla, hassas FPV dron montajları ve atölye projeleri için geliştirilmiştir. %100 doğrulanmış orijinal ürün.	https://pozitronmarket.com/products/akk-fx2-ultimate-1200mw-long-distance-pilot-pack-30	https://pozitronmarket.com/assets/products/PZTR-VTX-0030.jpg	in_stock	1800.00 TRY	AKK	new	5433	no	TR:::Standart Kargo:0.00 TRY
PZTR-TOO-0010	Vifly ShortSaver 2 Smoke Stopper (Field Emergency Solder Checker)	Orijinal Vifly ShortSaver 2 Smoke Stopper (Field Emergency Solder Checker). Essential for Every New Drone Build teknik donanımıyla, hassas FPV dron montajları ve atölye projeleri için geliştirilmiştir. %100 doğrulanmış orijinal ürün.	https://pozitronmarket.com/products/vifly-shortsaver-2-smoke-stopper-field-emergency-solder-checker-10	https://pozitronmarket.com/assets/products/PZTR-TOO-0010.jpg	in_stock	775.00 TRY	Vifly	new	5433	no	TR:::Standart Kargo:99.00 TRY
PZTR-PRP-0002	Gemfan Hurricane 51466 V2 (Midnight Black)	Orijinal Gemfan Hurricane 51466 V2 (Midnight Black). Stealth Low Reflection teknik donanımıyla, hassas FPV dron montajları ve atölye projeleri için geliştirilmiştir. %100 doğrulanmış orijinal ürün.	https://pozitronmarket.com/products/gemfan-hurricane-51466-v2-midnight-black-2	https://pozitronmarket.com/assets/products/PZTR-PRP-0002.jpg	in_stock	199.50 TRY	Gemfan	new	5433	no	TR:::Standart Kargo:99.00 TRY
PZTR-CNV-0002	Matek Systems Micro BEC 6-60V (12V 2A Clean Rail Spec)	Orijinal Matek Systems Micro BEC 6-60V (12V 2A Clean Rail Spec). Filtered Power for HD VTX / O3 teknik donanımıyla, hassas FPV dron montajları ve atölye projeleri için geliştirilmiştir. %100 doğrulanmış orijinal ürün.	https://pozitronmarket.com/products/matek-systems-micro-bec-6-60v-12v-2a-clean-rail-spec-2	https://pozitronmarket.com/assets/products/PZTR-CNV-0002.jpg	in_stock	575.00 TRY	Matek Systems	new	5433	no	TR:::Standart Kargo:99.00 TRY
PZTR-ESC-0023	Flywoo GOKU G45M 45A AIO (Pre-Flashed Variable PWM)	Orijinal Flywoo GOKU G45M 45A AIO (Pre-Flashed Variable PWM). Smooth Throttle Response teknik donanımıyla, hassas FPV dron montajları ve atölye projeleri için geliştirilmiştir. %100 doğrulanmış orijinal ürün.	https://pozitronmarket.com/products/flywoo-goku-g45m-45a-aio-pre-flashed-variable-pwm-23	https://pozitronmarket.com/assets/products/PZTR-ESC-0023.jpg	in_stock	2800.00 TRY	Flywoo	new	5433	no	TR:::Standart Kargo:0.00 TRY
PZTR-ANT-0024	Lumenier AXII 2 5.8GHz (Straight MMCX (Set of 2))	Orijinal Lumenier AXII 2 5.8GHz (Straight MMCX (Set of 2)). Direct Stack Connection teknik donanımıyla, hassas FPV dron montajları ve atölye projeleri için geliştirilmiştir. %100 doğrulanmış orijinal ürün.	https://pozitronmarket.com/products/lumenier-axii-2-5-8ghz-straight-mmcx-set-of-2-24	https://pozitronmarket.com/assets/products/PZTR-ANT-0024.jpg	in_stock	1400.00 TRY	Lumenier	new	5433	no	TR:::Standart Kargo:99.00 TRY
PZTR-TXR-0019	RadioMaster RP1 ExpressLRS RX (Twin Pack (Set of 2))	Orijinal RadioMaster RP1 ExpressLRS RX (Twin Pack (Set of 2)). Equip Two Freestyle or Long Range Drones teknik donanımıyla, hassas FPV dron montajları ve atölye projeleri için geliştirilmiştir. %100 doğrulanmış orijinal ürün.	https://pozitronmarket.com/products/radiomaster-rp1-expresslrs-rx-twin-pack-set-of-2-19	https://pozitronmarket.com/assets/products/PZTR-TXR-0019.jpg	in_stock	1375.00 TRY	RadioMaster	new	5433	no	TR:::Standart Kargo:99.00 TRY
PZTR-FRM-0004	iFlight Nazgul Evoque F5X V2 (Includes Action Cam Base Mount)	Orijinal iFlight Nazgul Evoque F5X V2 (Includes Action Cam Base Mount). GoPro & Action 4 Ready teknik donanımıyla, hassas FPV dron montajları ve atölye projeleri için geliştirilmiştir. %100 doğrulanmış orijinal ürün.	https://pozitronmarket.com/products/iflight-nazgul-evoque-f5x-v2-includes-action-cam-base-mount-4	https://pozitronmarket.com/assets/products/PZTR-FRM-0004.jpg	in_stock	3675.00 TRY	iFlight	new	5433	no	TR:::Standart Kargo:0.00 TRY
PZTR-CAM-0032	Caddx Ant Nano 1200TVL (Standard 1.8mm Lens (16:9))	Orijinal Caddx Ant Nano 1200TVL (Standard 1.8mm Lens (16:9)). Widescreen Cinematic Ratio teknik donanımıyla, hassas FPV dron montajları ve atölye projeleri için geliştirilmiştir. %100 doğrulanmış orijinal ürün.	https://pozitronmarket.com/products/caddx-ant-nano-1200tvl-standard-1-8mm-lens-16-9-32	https://pozitronmarket.com/assets/products/PZTR-CAM-0032.jpg	in_stock	995.00 TRY	Caddx	new	5433	no	TR:::Standart Kargo:99.00 TRY
PZTR-BAT-0019	ISDT K4 Smart Dual Charger (Includes Heavy Duty AC Power Cord)	Orijinal ISDT K4 Smart Dual Charger (Includes Heavy Duty AC Power Cord). Official Grounded EU Plug teknik donanımıyla, hassas FPV dron montajları ve atölye projeleri için geliştirilmiştir. %100 doğrulanmış orijinal ürün.	https://pozitronmarket.com/products/isdt-k4-smart-dual-charger-includes-heavy-duty-ac-power-cord-19	https://pozitronmarket.com/assets/products/PZTR-BAT-0019.jpg	in_stock	7600.00 TRY	ISDT	new	5433	no	TR:::Standart Kargo:0.00 TRY
PZTR-ESC-0004	SpeedyBee F405 V4 55A 4in1 (Bluetooth Telemetry Edition)	Orijinal SpeedyBee F405 V4 55A 4in1 (Bluetooth Telemetry Edition). Direct SpeedyBee App Config teknik donanımıyla, hassas FPV dron montajları ve atölye projeleri için geliştirilmiştir. %100 doğrulanmış orijinal ürün.	https://pozitronmarket.com/products/speedybee-f405-v4-55a-4in1-bluetooth-telemetry-edition-4	https://pozitronmarket.com/assets/products/PZTR-ESC-0004.jpg	in_stock	2600.00 TRY	SpeedyBee	new	5433	no	TR:::Standart Kargo:0.00 TRY
PZTR-VTX-0026	AKK FX2 Ultimate 1200mW (Standard 1200mW Output)	Orijinal AKK FX2 Ultimate 1200mW (Standard 1200mW Output). SmartAudio Configuration / MMCX teknik donanımıyla, hassas FPV dron montajları ve atölye projeleri için geliştirilmiştir. %100 doğrulanmış orijinal ürün.	https://pozitronmarket.com/products/akk-fx2-ultimate-1200mw-standard-1200mw-output-26	https://pozitronmarket.com/assets/products/PZTR-VTX-0026.jpg	in_stock	1595.00 TRY	AKK	new	5433	no	TR:::Standart Kargo:0.00 TRY
PZTR-VTX-0011	RushFPV Rush Tank II Ultimate 1W (Standard 1W MMCX)	Orijinal RushFPV Rush Tank II Ultimate 1W (Standard 1W MMCX). Lock-on Channel Tuning / SmartAudio teknik donanımıyla, hassas FPV dron montajları ve atölye projeleri için geliştirilmiştir. %100 doğrulanmış orijinal ürün.	https://pozitronmarket.com/products/rushfpv-rush-tank-ii-ultimate-1w-standard-1w-mmcx-11	https://pozitronmarket.com/assets/products/PZTR-VTX-0011.jpg	in_stock	2245.00 TRY	RushFPV	new	5433	no	TR:::Standart Kargo:0.00 TRY
PZTR-MOT-0024	EMAX ECO II 2207 (1700KV (4-Pack))	Orijinal EMAX ECO II 2207 (1700KV (4-Pack)). Anodized Black Set of 4 teknik donanımıyla, hassas FPV dron montajları ve atölye projeleri için geliştirilmiştir. %100 doğrulanmış orijinal ürün.	https://pozitronmarket.com/products/emax-eco-ii-2207-1700kv-4-pack-24	https://pozitronmarket.com/assets/products/PZTR-MOT-0024.jpg	in_stock	2995.00 TRY	EMAX	new	5433	no	TR:::Standart Kargo:0.00 TRY
PZTR-PRP-0031	Master Airscrew 1045 Foldable Carbon (10x4.5 CCW Black)	Orijinal Master Airscrew 1045 Foldable Carbon (10x4.5 CCW Black). Carbon-Reinforced Aerodynamic Profile teknik donanımıyla, hassas FPV dron montajları ve atölye projeleri için geliştirilmiştir. %100 doğrulanmış orijinal ürün.	https://pozitronmarket.com/products/master-airscrew-1045-foldable-carbon-10x4-5-ccw-black-31	https://pozitronmarket.com/assets/products/PZTR-PRP-0031.jpg	in_stock	625.00 TRY	Master Airscrew	new	5433	no	TR:::Standart Kargo:99.00 TRY
PZTR-ESC-0029	Skystars AM32 KM45A Mini (With Silicon Lead Harness)	Orijinal Skystars AM32 KM45A Mini (With Silicon Lead Harness). Flexible High-Flex 14AWG teknik donanımıyla, hassas FPV dron montajları ve atölye projeleri için geliştirilmiştir. %100 doğrulanmış orijinal ürün.	https://pozitronmarket.com/products/skystars-am32-km45a-mini-with-silicon-lead-harness-29	https://pozitronmarket.com/assets/products/PZTR-ESC-0029.jpg	in_stock	2195.00 TRY	Skystars	new	5433	no	TR:::Standart Kargo:0.00 TRY
PZTR-CAM-0026	RunCam Thumb Pro 4K (Standard 4K 16g Camera)	Orijinal RunCam Thumb Pro 4K (Standard 4K 16g Camera). GyroFlow Stabilization Ready / 4K@60 teknik donanımıyla, hassas FPV dron montajları ve atölye projeleri için geliştirilmiştir. %100 doğrulanmış orijinal ürün.	https://pozitronmarket.com/products/runcam-thumb-pro-4k-standard-4k-16g-camera-26	https://pozitronmarket.com/assets/products/PZTR-CAM-0026.jpg	in_stock	4495.00 TRY	RunCam	new	5433	no	TR:::Standart Kargo:0.00 TRY
PZTR-FRM-0045	iFlight Chimera7 Pro V2 (Explorer Pack with 2 Spare 6mm Arms)	Orijinal iFlight Chimera7 Pro V2 (Explorer Pack with 2 Spare 6mm Arms). High Mountain Expedition Ready teknik donanımıyla, hassas FPV dron montajları ve atölye projeleri için geliştirilmiştir. %100 doğrulanmış orijinal ürün.	https://pozitronmarket.com/products/iflight-chimera7-pro-v2-explorer-pack-with-2-spare-6mm-arms-45	https://pozitronmarket.com/assets/products/PZTR-FRM-0045.jpg	in_stock	5750.00 TRY	iFlight	new	5433	no	TR:::Standart Kargo:0.00 TRY
PZTR-TOO-0023	RDQ M2 & M3 Hardware Standoff Kit (Grade 12.9 High Tensile M3 Screws)	Orijinal RDQ M2 & M3 Hardware Standoff Kit (Grade 12.9 High Tensile M3 Screws). Motor & Frame Screws (100 Pcs) teknik donanımıyla, hassas FPV dron montajları ve atölye projeleri için geliştirilmiştir. %100 doğrulanmış orijinal ürün.	https://pozitronmarket.com/products/rdq-m2-m3-hardware-standoff-kit-grade-12-9-high-tensile-m3-screws-23	https://pozitronmarket.com/assets/products/PZTR-TOO-0023.jpg	in_stock	595.00 TRY	RDQ	new	5433	no	TR:::Standart Kargo:99.00 TRY
PZTR-ANT-0016	TrueRC Matchstick 5.8GHz (RHCP SMA Straight)	Orijinal TrueRC Matchstick 5.8GHz (RHCP SMA Straight). Impact Resistant Polycarbonate Head teknik donanımıyla, hassas FPV dron montajları ve atölye projeleri için geliştirilmiştir. %100 doğrulanmış orijinal ürün.	https://pozitronmarket.com/products/truerc-matchstick-5-8ghz-rhcp-sma-straight-16	https://pozitronmarket.com/assets/products/PZTR-ANT-0016.jpg	in_stock	845.00 TRY	TrueRC	new	5433	no	TR:::Standart Kargo:99.00 TRY
PZTR-FRM-0043	iFlight Chimera7 Pro V2 (With Dual Battery Strap Plate)	Orijinal iFlight Chimera7 Pro V2 (With Dual Battery Strap Plate). Securely Holds 6S 8000mAh Li-ion teknik donanımıyla, hassas FPV dron montajları ve atölye projeleri için geliştirilmiştir. %100 doğrulanmış orijinal ürün.	https://pozitronmarket.com/products/iflight-chimera7-pro-v2-with-dual-battery-strap-plate-43	https://pozitronmarket.com/assets/products/PZTR-FRM-0043.jpg	in_stock	4650.00 TRY	iFlight	new	5433	no	TR:::Standart Kargo:0.00 TRY
PZTR-VTX-0005	TBS Unify Pro32 HV (Long-Range 15km+ Ground Kit)	Orijinal TBS Unify Pro32 HV (Long-Range 15km+ Ground Kit). High Altitude Cinematic Link teknik donanımıyla, hassas FPV dron montajları ve atölye projeleri için geliştirilmiştir. %100 doğrulanmış orijinal ürün.	https://pozitronmarket.com/products/tbs-unify-pro32-hv-long-range-15km-ground-kit-5	https://pozitronmarket.com/assets/products/PZTR-VTX-0005.jpg	in_stock	2900.00 TRY	TBS	new	5433	no	TR:::Standart Kargo:0.00 TRY
PZTR-TXR-0005	RadioMaster TX16S MKII MAX (Carbon Faceplate Luxury Edition)	Orijinal RadioMaster TX16S MKII MAX (Carbon Faceplate Luxury Edition). Official RadioMaster EVA Travel Bag teknik donanımıyla, hassas FPV dron montajları ve atölye projeleri için geliştirilmiştir. %100 doğrulanmış orijinal ürün.	https://pozitronmarket.com/products/radiomaster-tx16s-mkii-max-carbon-faceplate-luxury-edition-5	https://pozitronmarket.com/assets/products/PZTR-TXR-0005.jpg	in_stock	16250.00 TRY	RadioMaster	new	5433	no	TR:::Standart Kargo:0.00 TRY
PZTR-TOO-0003	Miniware TS101 Soldering Iron (Field Kit with XT60 to DC Cable)	Orijinal Miniware TS101 Soldering Iron (Field Kit with XT60 to DC Cable). Powers from 3S-6S LiPo Drone Battery teknik donanımıyla, hassas FPV dron montajları ve atölye projeleri için geliştirilmiştir. %100 doğrulanmış orijinal ürün.	https://pozitronmarket.com/products/miniware-ts101-soldering-iron-field-kit-with-xt60-to-dc-cable-3	https://pozitronmarket.com/assets/products/PZTR-TOO-0003.jpg	in_stock	3300.00 TRY	Miniware	new	5433	no	TR:::Standart Kargo:0.00 TRY
PZTR-ESC-0008	Foxeer Reaper F4 65A 128K (With External Filter Board)	Orijinal Foxeer Reaper F4 65A 128K (With External Filter Board). Zero Electrical Noise Spec teknik donanımıyla, hassas FPV dron montajları ve atölye projeleri için geliştirilmiştir. %100 doğrulanmış orijinal ürün.	https://pozitronmarket.com/products/foxeer-reaper-f4-65a-128k-with-external-filter-board-8	https://pozitronmarket.com/assets/products/PZTR-ESC-0008.jpg	in_stock	4250.00 TRY	Foxeer	new	5433	no	TR:::Standart Kargo:0.00 TRY
PZTR-SCR-0005	Pozitron Hardware 304 Stainless M2 Hex Screws (M2 x 16mm Alyan Civata (10'lu Paket))	Orijinal Pozitron Hardware 304 Stainless M2 Hex Screws (M2 x 16mm Alyan Civata (10'lu Paket)). DIN 912 304 Paslanmaz Çelik / Stack Kolon teknik donanımıyla, hassas FPV dron montajları ve atölye projeleri için geliştirilmiştir. %100 doğrulanmış orijinal ürün.	https://pozitronmarket.com/products/pozitron-hardware-304-stainless-m2-hex-screws-m2-x-16mm-alyan-civata-10-lu-paket-5	https://pozitronmarket.com/assets/products/PZTR-SCR-0005.jpg	in_stock	60.00 TRY	Pozitron Hardware	new	5433	no	TR:::Standart Kargo:99.00 TRY
PZTR-CNV-0015	iFlight LC Filter 3A 5-36V (Micro 1.8g Featherweight)	Orijinal iFlight LC Filter 3A 5-36V (Micro 1.8g Featherweight). Fits Inside Sub-250g Drones teknik donanımıyla, hassas FPV dron montajları ve atölye projeleri için geliştirilmiştir. %100 doğrulanmış orijinal ürün.	https://pozitronmarket.com/products/iflight-lc-filter-3a-5-36v-micro-1-8g-featherweight-15	https://pozitronmarket.com/assets/products/PZTR-CNV-0015.jpg	in_stock	375.00 TRY	iFlight	new	5433	no	TR:::Standart Kargo:99.00 TRY
PZTR-ESC-0028	Skystars AM32 KM45A Mini (Burst 55A Heavy Spec)	Orijinal Skystars AM32 KM45A Mini (Burst 55A Heavy Spec). Dual Capacitor Ready teknik donanımıyla, hassas FPV dron montajları ve atölye projeleri için geliştirilmiştir. %100 doğrulanmış orijinal ürün.	https://pozitronmarket.com/products/skystars-am32-km45a-mini-burst-55a-heavy-spec-28	https://pozitronmarket.com/assets/products/PZTR-ESC-0028.jpg	in_stock	2300.00 TRY	Skystars	new	5433	no	TR:::Standart Kargo:0.00 TRY
PZTR-BAT-0038	ToolkitRC M4AC Pocket Charger (With 4S Balance Board)	Orijinal ToolkitRC M4AC Pocket Charger (With 4S Balance Board). Safe Balance Monitoring Display teknik donanımıyla, hassas FPV dron montajları ve atölye projeleri için geliştirilmiştir. %100 doğrulanmış orijinal ürün.	https://pozitronmarket.com/products/toolkitrc-m4ac-pocket-charger-with-4s-balance-board-38	https://pozitronmarket.com/assets/products/PZTR-BAT-0038.jpg	in_stock	1345.00 TRY	ToolkitRC	new	5433	no	TR:::Standart Kargo:99.00 TRY
PZTR-CAM-0025	HDZero Nano 90 Camera (With Carbon Bracket Mount)	Orijinal HDZero Nano 90 Camera (With Carbon Bracket Mount). Rigid Jello-Free Carbon Mounting teknik donanımıyla, hassas FPV dron montajları ve atölye projeleri için geliştirilmiştir. %100 doğrulanmış orijinal ürün.	https://pozitronmarket.com/products/hdzero-nano-90-camera-with-carbon-bracket-mount-25	https://pozitronmarket.com/assets/products/PZTR-CAM-0025.jpg	in_stock	2700.00 TRY	HDZero	new	5433	no	TR:::Standart Kargo:0.00 TRY
PZTR-PRP-0020	Gemfan Cinewhoop D90S Ducted (Bulk Pack (20 Props))	Orijinal Gemfan Cinewhoop D90S Ducted (Bulk Pack (20 Props)). 5 Sets Commercial Operator Pack teknik donanımıyla, hassas FPV dron montajları ve atölye projeleri için geliştirilmiştir. %100 doğrulanmış orijinal ürün.	https://pozitronmarket.com/products/gemfan-cinewhoop-d90s-ducted-bulk-pack-20-props-20	https://pozitronmarket.com/assets/products/PZTR-PRP-0020.jpg	in_stock	1000.00 TRY	Gemfan	new	5433	no	TR:::Standart Kargo:99.00 TRY
PZTR-TOO-0011	Sequre Titanium Hex Screwdriver Set (4-Piece Set (1.5, 2.0, 2.5, 3.0mm))	Orijinal Sequre Titanium Hex Screwdriver Set (4-Piece Set (1.5, 2.0, 2.5, 3.0mm)). Hardened Titanium HSS Drill Head Tips teknik donanımıyla, hassas FPV dron montajları ve atölye projeleri için geliştirilmiştir. %100 doğrulanmış orijinal ürün.	https://pozitronmarket.com/products/sequre-titanium-hex-screwdriver-set-4-piece-set-1-5-2-0-2-5-3-0mm-11	https://pozitronmarket.com/assets/products/PZTR-TOO-0011.jpg	in_stock	1225.00 TRY	Sequre	new	5433	no	TR:::Standart Kargo:99.00 TRY
PZTR-MOT-0055	GEPRC GR1404 Micro Freestyle (3850KV (4-Pack))	Orijinal GEPRC GR1404 Micro Freestyle (3850KV (4-Pack)). Matte Black Set of 4 teknik donanımıyla, hassas FPV dron montajları ve atölye projeleri için geliştirilmiştir. %100 doğrulanmış orijinal ürün.	https://pozitronmarket.com/products/geprc-gr1404-micro-freestyle-3850kv-4-pack-55	https://pozitronmarket.com/assets/products/PZTR-MOT-0055.jpg	in_stock	2750.00 TRY	GEPRC	new	5433	no	TR:::Standart Kargo:0.00 TRY
PZTR-MOT-0050	T-Motor U8 II Heavy Lift (85KV (Pair))	Orijinal T-Motor U8 II Heavy Lift (85KV (Pair)). Matched Pair for Hexacopter teknik donanımıyla, hassas FPV dron montajları ve atölye projeleri için geliştirilmiştir. %100 doğrulanmış orijinal ürün.	https://pozitronmarket.com/products/t-motor-u8-ii-heavy-lift-85kv-pair-50	https://pozitronmarket.com/assets/products/PZTR-MOT-0050.jpg	in_stock	24450.00 TRY	T-Motor	new	5433	no	TR:::Standart Kargo:0.00 TRY
PZTR-ESC-0006	Foxeer Reaper F4 65A 128K (65A 128K Standard)	Orijinal Foxeer Reaper F4 65A 128K (65A 128K Standard). F4 MCU / Metal Top Heatsink teknik donanımıyla, hassas FPV dron montajları ve atölye projeleri için geliştirilmiştir. %100 doğrulanmış orijinal ürün.	https://pozitronmarket.com/products/foxeer-reaper-f4-65a-128k-65a-128k-standard-6	https://pozitronmarket.com/assets/products/PZTR-ESC-0006.jpg	in_stock	3995.00 TRY	Foxeer	new	5433	no	TR:::Standart Kargo:0.00 TRY
PZTR-ESC-0021	Flywoo GOKU G45M 45A AIO (Standard 45A 20x20)	Orijinal Flywoo GOKU G45M 45A AIO (Standard 45A 20x20). AM32 Open-Source Firmware teknik donanımıyla, hassas FPV dron montajları ve atölye projeleri için geliştirilmiştir. %100 doğrulanmış orijinal ürün.	https://pozitronmarket.com/products/flywoo-goku-g45m-45a-aio-standard-45a-20x20-21	https://pozitronmarket.com/assets/products/PZTR-ESC-0021.jpg	in_stock	2745.00 TRY	Flywoo	new	5433	no	TR:::Standart Kargo:0.00 TRY
PZTR-FRM-0025	BetaFPV Pavo25 V2 Cinewhoop (Twin Pack Replacement Ducts Bundle)	Orijinal BetaFPV Pavo25 V2 Cinewhoop (Twin Pack Replacement Ducts Bundle). Extra Ducts for Heavy Commercial Use teknik donanımıyla, hassas FPV dron montajları ve atölye projeleri için geliştirilmiştir. %100 doğrulanmış orijinal ürün.	https://pozitronmarket.com/products/betafpv-pavo25-v2-cinewhoop-twin-pack-replacement-ducts-bundle-25	https://pozitronmarket.com/assets/products/PZTR-FRM-0025.jpg	in_stock	2600.00 TRY	BetaFPV	new	5433	no	TR:::Standart Kargo:0.00 TRY
PZTR-FLC-0016	Holybro Pixhawk 6C (Standard Pixhawk 6C w/ Baseboard)	Orijinal Holybro Pixhawk 6C (Standard Pixhawk 6C w/ Baseboard). Dual Redundant IMU & Barometer teknik donanımıyla, hassas FPV dron montajları ve atölye projeleri için geliştirilmiştir. %100 doğrulanmış orijinal ürün.	https://pozitronmarket.com/products/holybro-pixhawk-6c-standard-pixhawk-6c-w-baseboard-16	https://pozitronmarket.com/assets/products/PZTR-FLC-0016.jpg	in_stock	9250.00 TRY	Holybro	new	5433	no	TR:::Standart Kargo:0.00 TRY
PZTR-ESC-0020	T-Motor F55A PRO II 4in1 (Competition Ready Pack)	Orijinal T-Motor F55A PRO II 4in1 (Competition Ready Pack). Includes Spare Dampers & Cables teknik donanımıyla, hassas FPV dron montajları ve atölye projeleri için geliştirilmiştir. %100 doğrulanmış orijinal ürün.	https://pozitronmarket.com/products/t-motor-f55a-pro-ii-4in1-competition-ready-pack-20	https://pozitronmarket.com/assets/products/PZTR-ESC-0020.jpg	in_stock	4600.00 TRY	T-Motor	new	5433	no	TR:::Standart Kargo:0.00 TRY
PZTR-VTX-0029	AKK FX2 Ultimate 1200mW (Wide Voltage 2S-6S Direct In)	Orijinal AKK FX2 Ultimate 1200mW (Wide Voltage 2S-6S Direct In). Clean Filtered 5V Camera Output teknik donanımıyla, hassas FPV dron montajları ve atölye projeleri için geliştirilmiştir. %100 doğrulanmış orijinal ürün.	https://pozitronmarket.com/products/akk-fx2-ultimate-1200mw-wide-voltage-2s-6s-direct-in-29	https://pozitronmarket.com/assets/products/PZTR-VTX-0029.jpg	in_stock	1650.00 TRY	AKK	new	5433	no	TR:::Standart Kargo:0.00 TRY
PZTR-TOO-0039	Sequre SQ-001 Soldering Iron (With 3 Interchangeable Tips)	Orijinal Sequre SQ-001 Soldering Iron (With 3 Interchangeable Tips). Includes B2, BC2, and K Tips teknik donanımıyla, hassas FPV dron montajları ve atölye projeleri için geliştirilmiştir. %100 doğrulanmış orijinal ürün.	https://pozitronmarket.com/products/sequre-sq-001-soldering-iron-with-3-interchangeable-tips-39	https://pozitronmarket.com/assets/products/PZTR-TOO-0039.jpg	in_stock	3400.00 TRY	Sequre	new	5433	no	TR:::Standart Kargo:0.00 TRY
PZTR-PRP-0024	Gemfan Flash 7040 Tri-Blade (Double Pack (8 Props))	Orijinal Gemfan Flash 7040 Tri-Blade (Double Pack (8 Props)). 2 Sets for Chimera7 & Nazgul7 teknik donanımıyla, hassas FPV dron montajları ve atölye projeleri için geliştirilmiştir. %100 doğrulanmış orijinal ürün.	https://pozitronmarket.com/products/gemfan-flash-7040-tri-blade-double-pack-8-props-24	https://pozitronmarket.com/assets/products/PZTR-PRP-0024.jpg	in_stock	495.00 TRY	Gemfan	new	5433	no	TR:::Standart Kargo:99.00 TRY
PZTR-TXR-0009	RadioMaster Boxer EdgeTX (With High Capacity 6200mAh Pack)	Orijinal RadioMaster Boxer EdgeTX (With High Capacity 6200mAh Pack). Massive Weekend Flight Endurance teknik donanımıyla, hassas FPV dron montajları ve atölye projeleri için geliştirilmiştir. %100 doğrulanmış orijinal ürün.	https://pozitronmarket.com/products/radiomaster-boxer-edgetx-with-high-capacity-6200mah-pack-9	https://pozitronmarket.com/assets/products/PZTR-TXR-0009.jpg	in_stock	8400.00 TRY	RadioMaster	new	5433	no	TR:::Standart Kargo:0.00 TRY
PZTR-FLC-0012	Matek Systems H743-WING V3 (With ArduPilot Pre-Flashed)	Orijinal Matek Systems H743-WING V3 (With ArduPilot Pre-Flashed). Autonomous Mission Navigation Ready teknik donanımıyla, hassas FPV dron montajları ve atölye projeleri için geliştirilmiştir. %100 doğrulanmış orijinal ürün.	https://pozitronmarket.com/products/matek-systems-h743-wing-v3-with-ardupilot-pre-flashed-12	https://pozitronmarket.com/assets/products/PZTR-FLC-0012.jpg	in_stock	4700.00 TRY	Matek Systems	new	5433	no	TR:::Standart Kargo:0.00 TRY
PZTR-ANT-0020	TrueRC Matchstick 5.8GHz (Twin Pack (Set of 2))	Orijinal TrueRC Matchstick 5.8GHz (Twin Pack (Set of 2)). Essential Spares for Racing teknik donanımıyla, hassas FPV dron montajları ve atölye projeleri için geliştirilmiştir. %100 doğrulanmış orijinal ürün.	https://pozitronmarket.com/products/truerc-matchstick-5-8ghz-twin-pack-set-of-2-20	https://pozitronmarket.com/assets/products/PZTR-ANT-0020.jpg	in_stock	1550.00 TRY	TrueRC	new	5433	no	TR:::Standart Kargo:0.00 TRY
PZTR-CNV-0001	Matek Systems Micro BEC 6-60V (5V / 9V Dual Output (1.5A))	Orijinal Matek Systems Micro BEC 6-60V (5V / 9V Dual Output (1.5A)). High Voltage Input Up to 60V teknik donanımıyla, hassas FPV dron montajları ve atölye projeleri için geliştirilmiştir. %100 doğrulanmış orijinal ürün.	https://pozitronmarket.com/products/matek-systems-micro-bec-6-60v-5v-9v-dual-output-1-5a-1	https://pozitronmarket.com/assets/products/PZTR-CNV-0001.jpg	in_stock	495.00 TRY	Matek Systems	new	5433	no	TR:::Standart Kargo:99.00 TRY
PZTR-INS-0001	Ktehloy Brass Heat-Set Threaded Inserts (M2 x 3.0mm (Tekli Adet))	Orijinal Ktehloy Brass Heat-Set Threaded Inserts (M2 x 3.0mm (Tekli Adet)). 45° Spiral Tırtıklı Pirinç / Whoop & Mikro Kamera teknik donanımıyla, hassas FPV dron montajları ve atölye projeleri için geliştirilmiştir. %100 doğrulanmış orijinal ürün.	https://pozitronmarket.com/products/ktehloy-brass-heat-set-threaded-inserts-m2-x-3-0mm-tekli-adet-1	https://pozitronmarket.com/assets/products/PZTR-INS-0001.jpg	in_stock	7.50 TRY	Ktehloy	new	5433	no	TR:::Standart Kargo:99.00 TRY
PZTR-ANT-0010	TBS Triumph Pro 5.8GHz (Twin Pack (Set of 2))	Orijinal TBS Triumph Pro 5.8GHz (Twin Pack (Set of 2)). Equip Both Drone VTX and Ground VRX teknik donanımıyla, hassas FPV dron montajları ve atölye projeleri için geliştirilmiştir. %100 doğrulanmış orijinal ürün.	https://pozitronmarket.com/products/tbs-triumph-pro-5-8ghz-twin-pack-set-of-2-10	https://pozitronmarket.com/assets/products/PZTR-ANT-0010.jpg	in_stock	1875.00 TRY	TBS	new	5433	no	TR:::Standart Kargo:0.00 TRY
PZTR-FRM-0028	Flywoo Explorer LR 4 V2 (O3 Air Unit Compatible Kit)	Orijinal Flywoo Explorer LR 4 V2 (O3 Air Unit Compatible Kit). HD Video Transmission Ready teknik donanımıyla, hassas FPV dron montajları ve atölye projeleri için geliştirilmiştir. %100 doğrulanmış orijinal ürün.	https://pozitronmarket.com/products/flywoo-explorer-lr-4-v2-o3-air-unit-compatible-kit-28	https://pozitronmarket.com/assets/products/PZTR-FRM-0028.jpg	in_stock	2600.00 TRY	Flywoo	new	5433	no	TR:::Standart Kargo:0.00 TRY
PZTR-ESC-0019	T-Motor F55A PRO II 4in1 (With Panasonic 470uF Cap)	Orijinal T-Motor F55A PRO II 4in1 (With Panasonic 470uF Cap). Low Ripple Power Spec teknik donanımıyla, hassas FPV dron montajları ve atölye projeleri için geliştirilmiştir. %100 doğrulanmış orijinal ürün.	https://pozitronmarket.com/products/t-motor-f55a-pro-ii-4in1-with-panasonic-470uf-cap-19	https://pozitronmarket.com/assets/products/PZTR-ESC-0019.jpg	in_stock	4300.00 TRY	T-Motor	new	5433	no	TR:::Standart Kargo:0.00 TRY
PZTR-INS-0006	Ktehloy Brass Heat-Set Threaded Inserts (M3 x 4.0mm (Tekli Adet))	"Orijinal Ktehloy Brass Heat-Set Threaded Inserts (M3 x 4.0mm (Tekli Adet)). 45° Spiral Tırtıklı Pirinç / En Popüler 5"" Stack & TPU teknik donanımıyla, hassas FPV dron montajları ve atölye projeleri için geliştirilmiştir. %100 doğrulanmış orijinal ürün."	https://pozitronmarket.com/products/ktehloy-brass-heat-set-threaded-inserts-m3-x-4-0mm-tekli-adet-6	https://pozitronmarket.com/assets/products/PZTR-INS-0006.jpg	in_stock	10.00 TRY	Ktehloy	new	5433	no	TR:::Standart Kargo:99.00 TRY
PZTR-FLC-0034	iFlight Blitz F7 Pro FC (Pre-Flashed iFlight Betaflight)	Orijinal iFlight Blitz F7 Pro FC (Pre-Flashed iFlight Betaflight). Tuned for Nazgul & Chimera teknik donanımıyla, hassas FPV dron montajları ve atölye projeleri için geliştirilmiştir. %100 doğrulanmış orijinal ürün.	https://pozitronmarket.com/products/iflight-blitz-f7-pro-fc-pre-flashed-iflight-betaflight-34	https://pozitronmarket.com/assets/products/PZTR-FLC-0034.jpg	in_stock	3075.00 TRY	iFlight	new	5433	no	TR:::Standart Kargo:0.00 TRY
PZTR-TOO-0001	Miniware TS101 Soldering Iron (Standard Grey w/ TS-B2 Tip)	Orijinal Miniware TS101 Soldering Iron (Standard Grey w/ TS-B2 Tip). Dual Power Mode: USB-C PD 45W & DC 65W teknik donanımıyla, hassas FPV dron montajları ve atölye projeleri için geliştirilmiştir. %100 doğrulanmış orijinal ürün.	https://pozitronmarket.com/products/miniware-ts101-soldering-iron-standard-grey-w-ts-b2-tip-1	https://pozitronmarket.com/assets/products/PZTR-TOO-0001.jpg	in_stock	2995.00 TRY	Miniware	new	5433	no	TR:::Standart Kargo:0.00 TRY
PZTR-BAT-0024	ISDT 608AC Pocket Charger (Pocket Travel Edition with EVA Case)	Orijinal ISDT 608AC Pocket Charger (Pocket Travel Edition with EVA Case). Compact Backpack Friendly Setup teknik donanımıyla, hassas FPV dron montajları ve atölye projeleri için geliştirilmiştir. %100 doğrulanmış orijinal ürün.	https://pozitronmarket.com/products/isdt-608ac-pocket-charger-pocket-travel-edition-with-eva-case-24	https://pozitronmarket.com/assets/products/PZTR-BAT-0024.jpg	in_stock	3300.00 TRY	ISDT	new	5433	no	TR:::Standart Kargo:0.00 TRY
PZTR-INS-0004	Ktehloy Brass Heat-Set Threaded Inserts (M2.5 x 4.0mm (10'lu Paket))	Orijinal Ktehloy Brass Heat-Set Threaded Inserts (M2.5 x 4.0mm (10'lu Paket)). 45° Spiral Tırtıklı Pirinç / 2.5 İnç Yapılar teknik donanımıyla, hassas FPV dron montajları ve atölye projeleri için geliştirilmiştir. %100 doğrulanmış orijinal ürün.	https://pozitronmarket.com/products/ktehloy-brass-heat-set-threaded-inserts-m2-5-x-4-0mm-10-lu-paket-4	https://pozitronmarket.com/assets/products/PZTR-INS-0004.jpg	in_stock	70.00 TRY	Ktehloy	new	5433	no	TR:::Standart Kargo:99.00 TRY
PZTR-BAT-0033	Tattu FunFly 1300mAh 6S (Quad Pack (4 Batteries))	Orijinal Tattu FunFly 1300mAh 6S (Quad Pack (4 Batteries)). Full Afternoon Session Pack teknik donanımıyla, hassas FPV dron montajları ve atölye projeleri için geliştirilmiştir. %100 doğrulanmış orijinal ürün.	https://pozitronmarket.com/products/tattu-funfly-1300mah-6s-quad-pack-4-batteries-33	https://pozitronmarket.com/assets/products/PZTR-BAT-0033.jpg	in_stock	5250.00 TRY	Tattu	new	5433	no	TR:::Standart Kargo:0.00 TRY
PZTR-ANT-0007	TBS Triumph Pro 5.8GHz (LHCP SMA Digital Spec)	Orijinal TBS Triumph Pro 5.8GHz (LHCP SMA Digital Spec). Tuned for HDZero & Walksnail teknik donanımıyla, hassas FPV dron montajları ve atölye projeleri için geliştirilmiştir. %100 doğrulanmış orijinal ürün.	https://pozitronmarket.com/products/tbs-triumph-pro-5-8ghz-lhcp-sma-digital-spec-7	https://pozitronmarket.com/assets/products/PZTR-ANT-0007.jpg	in_stock	997.50 TRY	TBS	new	5433	no	TR:::Standart Kargo:99.00 TRY
PZTR-TOO-0024	RDQ M2 & M3 Hardware Standoff Kit (Vibration Dampening Rubber Rings)	Orijinal RDQ M2 & M3 Hardware Standoff Kit (Vibration Dampening Rubber Rings). Stack O-Rings & Grommets (50 Pcs) teknik donanımıyla, hassas FPV dron montajları ve atölye projeleri için geliştirilmiştir. %100 doğrulanmış orijinal ürün.	https://pozitronmarket.com/products/rdq-m2-m3-hardware-standoff-kit-vibration-dampening-rubber-rings-24	https://pozitronmarket.com/assets/products/PZTR-TOO-0024.jpg	in_stock	425.00 TRY	RDQ	new	5433	no	TR:::Standart Kargo:99.00 TRY
PZTR-ANT-0012	TrueRC Singularity 5.8GHz (LHCP SMA Straight)	Orijinal TrueRC Singularity 5.8GHz (LHCP SMA Straight). Optimized for Digital FPV Receivers teknik donanımıyla, hassas FPV dron montajları ve atölye projeleri için geliştirilmiştir. %100 doğrulanmış orijinal ürün.	https://pozitronmarket.com/products/truerc-singularity-5-8ghz-lhcp-sma-straight-12	https://pozitronmarket.com/assets/products/PZTR-ANT-0012.jpg	in_stock	1225.00 TRY	TrueRC	new	5433	no	TR:::Standart Kargo:99.00 TRY
PZTR-FLC-0017	Holybro Pixhawk 6C (Mini Baseboard Edition)	Orijinal Holybro Pixhawk 6C (Mini Baseboard Edition). Compact Carbon Mounting Footprint teknik donanımıyla, hassas FPV dron montajları ve atölye projeleri için geliştirilmiştir. %100 doğrulanmış orijinal ürün.	https://pozitronmarket.com/products/holybro-pixhawk-6c-mini-baseboard-edition-17	https://pozitronmarket.com/assets/products/PZTR-FLC-0017.jpg	in_stock	8950.00 TRY	Holybro	new	5433	no	TR:::Standart Kargo:0.00 TRY
PZTR-FRM-0011	TBS Source One V5 (Standard 5-Inch Freestyle)	Orijinal TBS Source One V5 (Standard 5-Inch Freestyle). High Strength T300 Beveled Carbon teknik donanımıyla, hassas FPV dron montajları ve atölye projeleri için geliştirilmiştir. %100 doğrulanmış orijinal ürün.	https://pozitronmarket.com/products/tbs-source-one-v5-standard-5-inch-freestyle-11	https://pozitronmarket.com/assets/products/PZTR-FRM-0011.jpg	in_stock	1497.50 TRY	TBS	new	5433	no	TR:::Standart Kargo:99.00 TRY
PZTR-GPS-0001	Matek Systems M10-5883 High Precision GPS (M10 GNSS + QMC5883L Compass)	Orijinal Matek Systems M10-5883 High Precision GPS (M10 GNSS + QMC5883L Compass). Quad-Constellation (GPS, GLONASS, Galileo, BeiDou) teknik donanımıyla, hassas FPV dron montajları ve atölye projeleri için geliştirilmiştir. %100 doğrulanmış orijinal ürün.	https://pozitronmarket.com/products/matek-systems-m10-5883-high-precision-gps-m10-gnss-qmc5883l-compass-1	https://pozitronmarket.com/assets/products/PZTR-GPS-0001.jpg	in_stock	1445.00 TRY	Matek Systems	new	5433	no	TR:::Standart Kargo:99.00 TRY
